"學年度","學校代碼","學校名稱","日間∕進修別","等級別","總計","男生計","女生計","一年級男","一年級女","二年級男","二年級女","三年級男","三年級女","四年級男","四年級女","五年級男","五年級女","六年級男","六年級女","七年級男","七年級女","延修生男","延修生女","縣市名稱","體系別"
103,0001,國立政治大學,D 日,D 博士,973,583,390,117,76,79,62,94,58,98,57,75,53,61,43,59,41,0,0,30 臺北市,1 一般
103,0001,國立政治大學,D 日,M 碩士,3816,1750,2066,626,707,573,683,344,404,207,272,0,0,0,0,0,0,0,0,30 臺北市,1 一般
103,0001,國立政治大學,N 職,M 碩士,1625,875,750,314,233,294,257,154,142,67,77,46,41,0,0,0,0,0,0,30 臺北市,1 一般
103,0001,國立政治大學,D 日,B 學士,9639,3711,5928,859,1359,843,1423,857,1394,881,1350,0,0,0,0,0,0,271,402,30 臺北市,1 一般
103,0002,國立清華大學,D 日,D 博士,1786,1403,383,248,58,219,54,213,55,220,56,189,50,152,62,141,46,21,2,18 新竹市,1 一般
103,0002,國立清華大學,D 日,M 碩士,3920,2645,1275,1149,511,1044,508,351,141,93,109,0,0,0,0,0,0,8,6,18 新竹市,1 一般
103,0002,國立清華大學,N 職,M 碩士,305,184,121,78,46,65,51,23,12,9,4,0,0,0,0,0,0,9,8,18 新竹市,1 一般
103,0002,國立清華大學,D 日,B 學士,6280,4085,2195,940,517,994,537,1009,506,963,547,0,0,0,0,0,0,179,88,18 新竹市,1 一般
103,0003,國立臺灣大學,D 日,D 博士,4265,2984,1281,489,201,432,178,463,176,486,201,411,197,359,169,344,159,0,0,30 臺北市,1 一般
103,0003,國立臺灣大學,D 日,M 碩士,9852,5940,3912,2429,1510,2296,1407,833,622,382,373,0,0,0,0,0,0,0,0,30 臺北市,1 一般
103,0003,國立臺灣大學,N 職,M 碩士,1160,771,389,252,129,255,142,166,79,51,23,30,8,17,8,0,0,0,0,30 臺北市,1 一般
103,0003,國立臺灣大學,D 日,B 學士,16505,9425,7080,2028,1612,2139,1636,2156,1612,2058,1625,178,68,136,52,93,25,637,450,30 臺北市,1 一般
103,0003,國立臺灣大學,P 進,B 學士,9,4,5,0,0,0,0,0,0,0,0,0,0,0,0,0,0,4,5,30 臺北市,1 一般
103,0004,國立臺灣師範大學,D 日,D 博士,1352,711,641,132,110,114,113,113,100,100,99,97,85,81,75,74,59,0,0,30 臺北市,3 師範
103,0004,國立臺灣師範大學,D 日,M 碩士,3939,1638,2301,601,731,520,688,331,508,186,374,0,0,0,0,0,0,0,0,30 臺北市,3 師範
103,0004,國立臺灣師範大學,N 職,M 碩士,1502,457,1045,156,340,112,226,69,186,53,153,46,87,21,53,0,0,0,0,30 臺北市,3 師範
103,0004,國立臺灣師範大學,S 暑,M 碩士,382,75,307,26,81,8,52,20,87,10,37,10,48,1,2,0,0,0,0,30 臺北市,3 師範
103,0004,國立臺灣師範大學,D 日,B 學士,7865,3369,4496,836,1097,803,1073,722,1068,754,1037,0,0,0,0,0,0,254,221,30 臺北市,3 師範
103,0005,國立成功大學,D 日,D 博士,2495,1827,668,264,131,215,94,280,93,270,89,267,106,248,85,283,70,0,0,21 臺南市,1 一般
103,0005,國立成功大學,D 日,M 碩士,6500,4115,2385,1846,990,1726,913,403,329,140,153,0,0,0,0,0,0,0,0,21 臺南市,1 一般
103,0005,國立成功大學,N 職,M 碩士,1267,812,455,281,174,248,147,165,89,77,23,41,22,0,0,0,0,0,0,21 臺南市,1 一般
103,0005,國立成功大學,D 日,B 學士,11436,7229,4207,1763,1054,1737,996,1659,929,1587,1013,67,38,52,19,49,21,315,137,21 臺南市,1 一般
103,0006,國立中興大學,D 日,D 博士,1215,898,317,132,46,131,39,129,48,131,51,134,51,120,37,117,42,4,3,19 臺中市,1 一般
103,0006,國立中興大學,D 日,M 碩士,3362,2088,1274,904,537,832,482,263,177,84,74,0,0,0,0,0,0,5,4,19 臺中市,1 一般
103,0006,國立中興大學,N 職,M 碩士,1644,1143,501,341,173,387,193,209,64,124,44,82,27,0,0,0,0,0,0,19 臺中市,1 一般
103,0006,國立中興大學,D 日,B 學士,8074,4756,3318,1092,790,1182,831,1139,806,1131,781,36,38,0,0,0,0,176,72,19 臺中市,1 一般
103,0006,國立中興大學,P 進,B 學士,1046,419,627,99,134,86,143,74,140,87,109,71,96,0,0,0,0,2,5,19 臺中市,1 一般
103,0006,國立中興大學,D 日,X 4+X,9,8,1,8,1,0,0,0,0,0,0,0,0,0,0,0,0,0,0,19 臺中市,1 一般
103,0007,國立交通大學,D 日,D 博士,1965,1614,351,280,71,254,51,230,44,216,58,235,53,187,31,176,32,36,11,18 新竹市,1 一般
103,0007,國立交通大學,D 日,M 碩士,5242,3672,1570,1458,600,1359,582,703,289,152,95,0,0,0,0,0,0,0,4,18 新竹市,1 一般
103,0007,國立交通大學,N 職,M 碩士,1502,1107,395,252,128,370,142,215,71,140,34,0,0,0,0,0,0,130,20,18 新竹市,1 一般
103,0007,國立交通大學,D 日,B 學士,5432,3776,1656,931,418,929,401,870,407,886,385,0,0,0,0,0,0,160,45,18 新竹市,1 一般
103,0008,國立中央大學,D 日,D 博士,1175,908,267,150,57,130,33,130,35,135,41,115,39,113,27,129,34,6,1,03 桃園縣,1 一般
103,0008,國立中央大學,D 日,M 碩士,3264,2260,1004,967,422,964,389,237,123,91,67,0,0,0,0,0,0,1,3,03 桃園縣,1 一般
103,0008,國立中央大學,N 職,M 碩士,1327,901,426,335,163,304,162,109,64,78,22,75,15,0,0,0,0,0,0,03 桃園縣,1 一般
103,0008,國立中央大學,D 日,B 學士,6098,4013,2085,966,544,924,535,997,500,974,458,0,0,0,0,0,0,152,48,03 桃園縣,1 一般
103,0009,國立中山大學,D 日,D 博士,908,636,272,96,47,93,37,106,47,104,40,91,32,75,34,70,35,1,0,50 高雄市,1 一般
103,0009,國立中山大學,D 日,M 碩士,2923,1879,1044,795,392,725,403,263,171,95,78,0,0,0,0,0,0,1,0,50 高雄市,1 一般
103,0009,國立中山大學,N 職,M 碩士,832,445,387,177,157,151,134,56,52,36,28,0,0,0,0,0,0,25,16,50 高雄市,1 一般
103,0009,國立中山大學,S 暑,M 碩士,26,6,20,1,4,1,4,2,6,0,3,0,0,0,0,0,0,2,3,50 高雄市,1 一般
103,0009,國立中山大學,D 日,B 學士,4655,2944,1711,703,431,720,415,701,389,681,413,0,0,0,0,0,0,139,63,50 高雄市,1 一般
103,0012,國立臺灣海洋大學,D 日,D 博士,334,270,64,52,9,31,14,33,9,35,11,42,7,34,9,35,3,8,2,17 基隆市,1 一般
103,0012,國立臺灣海洋大學,D 日,M 碩士,1430,1023,407,422,187,451,176,126,32,21,12,0,0,0,0,0,0,3,0,17 基隆市,1 一般
103,0012,國立臺灣海洋大學,N 職,M 碩士,562,365,197,154,81,139,77,43,26,22,9,0,0,0,0,0,0,7,4,17 基隆市,1 一般
103,0012,國立臺灣海洋大學,D 日,B 學士,5409,3784,1625,942,430,900,416,915,414,902,344,0,0,0,0,0,0,125,21,17 基隆市,1 一般
103,0012,國立臺灣海洋大學,P 進,B 學士,512,286,226,67,56,75,48,71,51,55,57,0,0,0,0,0,0,18,14,17 基隆市,1 一般
103,0012,國立臺灣海洋大學,N 修,X 4+X,124,115,9,74,7,41,2,0,0,0,0,0,0,0,0,0,0,0,0,17 基隆市,1 一般
103,0013,國立中正大學,D 日,D 博士,625,430,195,68,31,51,36,62,23,62,18,60,26,65,31,57,29,5,1,10 嘉義縣,1 一般
103,0013,國立中正大學,D 日,M 碩士,2873,1835,1038,700,372,713,330,286,210,133,123,0,0,0,0,0,0,3,3,10 嘉義縣,1 一般
103,0013,國立中正大學,N 職,M 碩士,1709,850,859,248,271,199,246,126,121,130,101,147,118,0,2,0,0,0,0,10 嘉義縣,1 一般
103,0013,國立中正大學,D 日,B 學士,6631,3504,3127,859,745,854,787,846,767,772,750,0,0,0,0,0,0,173,78,10 嘉義縣,1 一般
103,0014,國立高雄師範大學,D 日,D 博士,465,232,233,45,33,36,47,43,34,34,34,25,31,15,27,29,23,5,4,50 高雄市,3 師範
103,0014,國立高雄師範大學,D 日,M 碩士,1428,549,879,207,263,161,250,101,200,71,146,0,0,0,0,0,0,9,20,50 高雄市,3 師範
103,0014,國立高雄師範大學,N 職,M 碩士,1286,449,837,137,236,97,243,113,171,48,77,36,69,17,41,0,0,1,0,50 高雄市,3 師範
103,0014,國立高雄師範大學,D 日,B 學士,3433,1573,1860,409,439,401,446,359,456,354,460,0,0,0,0,0,0,50,59,50 高雄市,3 師範
103,0015,國立彰化師範大學,D 日,D 博士,465,284,181,58,33,50,30,36,26,41,29,40,16,27,9,32,38,0,0,07 彰化縣,3 師範
103,0015,國立彰化師範大學,D 日,M 碩士,1527,759,768,298,270,268,246,131,132,62,120,0,0,0,0,0,0,0,0,07 彰化縣,3 師範
103,0015,國立彰化師範大學,N 職,M 碩士,927,472,455,156,154,168,160,42,50,34,24,26,27,46,40,0,0,0,0,07 彰化縣,3 師範
103,0015,國立彰化師範大學,S 暑,M 碩士,308,123,185,26,45,26,44,29,26,14,28,13,0,15,42,0,0,0,0,07 彰化縣,3 師範
103,0015,國立彰化師範大學,D 日,B 學士,4858,2539,2319,616,562,591,564,617,567,598,582,0,0,0,0,0,0,117,44,07 彰化縣,3 師範
103,0016,國立陽明大學,D 日,D 博士,1007,592,415,106,60,91,65,87,70,90,61,91,71,60,40,67,48,0,0,30 臺北市,1 一般
103,0016,國立陽明大學,D 日,M 碩士,1235,524,711,215,309,212,296,79,76,18,26,0,0,0,0,0,0,0,4,30 臺北市,1 一般
103,0016,國立陽明大學,N 職,M 碩士,112,30,82,13,28,10,26,4,12,3,13,0,3,0,0,0,0,0,0,30 臺北市,1 一般
103,0016,國立陽明大學,D 日,B 學士,2077,1153,924,213,189,207,199,216,176,199,181,100,63,110,71,83,38,25,7,30 臺北市,1 一般
103,0017,國立臺北大學,D 日,D 博士,185,127,58,22,12,32,10,13,7,15,7,15,10,15,7,14,4,1,1,01 新北市,1 一般
103,0017,國立臺北大學,D 日,M 碩士,1312,659,653,240,248,252,231,100,107,65,65,0,0,0,0,0,0,2,2,01 新北市,1 一般
103,0017,國立臺北大學,N 職,M 碩士,470,213,257,86,102,80,96,0,0,0,0,0,0,0,0,0,0,47,59,01 新北市,1 一般
103,0017,國立臺北大學,D 日,B 學士,5735,2454,3281,598,798,622,778,621,794,515,804,0,0,0,0,0,0,98,107,01 新北市,1 一般
103,0017,國立臺北大學,P 進,B 學士,1905,766,1139,133,177,170,206,188,293,173,290,38,68,0,0,0,0,64,105,01 新北市,1 一般
103,0017,國立臺北大學,N 修,X 4+X,6,5,1,2,0,0,0,0,0,0,0,0,0,0,0,0,0,3,1,01 新北市,1 一般
103,0018,國立嘉義大學,D 日,D 博士,194,99,95,22,16,19,13,12,15,9,16,12,20,13,7,8,5,4,3,20 嘉義市,1 一般
103,0018,國立嘉義大學,D 日,M 碩士,1576,817,759,294,252,284,253,160,143,65,100,0,0,0,0,0,0,14,11,20 嘉義市,1 一般
103,0018,國立嘉義大學,N 職,M 碩士,1005,431,574,151,190,134,169,103,139,28,51,0,0,0,0,0,0,15,25,20 嘉義市,1 一般
103,0018,國立嘉義大學,S 暑,M 碩士,8,1,7,0,0,0,0,0,0,1,7,0,0,0,0,0,0,0,0,20 嘉義市,1 一般
103,0018,國立嘉義大學,D 日,B 學士,7864,3976,3888,1002,964,984,986,942,918,896,941,28,22,0,0,0,0,124,57,20 嘉義市,1 一般
103,0018,國立嘉義大學,P 進,B 學士,2111,1113,998,318,281,266,241,252,204,208,229,0,0,0,0,0,0,69,43,20 嘉義市,1 一般
103,0019,國立高雄大學,D 日,D 博士,15,13,2,2,0,3,1,3,1,2,0,1,0,2,0,0,0,0,0,50 高雄市,1 一般
103,0019,國立高雄大學,D 日,M 碩士,644,455,189,173,79,178,74,79,21,25,15,0,0,0,0,0,0,0,0,50 高雄市,1 一般
103,0019,國立高雄大學,N 職,M 碩士,478,308,170,103,55,95,66,56,19,32,17,12,6,10,7,0,0,0,0,50 高雄市,1 一般
103,0019,國立高雄大學,D 日,B 學士,4140,2371,1769,592,458,593,412,556,428,540,434,0,0,0,0,0,0,90,37,50 高雄市,1 一般
103,0019,國立高雄大學,N 修,C 二技,177,104,73,0,0,0,0,39,20,30,20,26,30,0,0,0,0,9,3,50 高雄市,2 技職
103,0020,國立東華大學,D 日,D 博士,383,249,134,40,17,57,28,38,24,37,19,20,14,30,18,24,13,3,1,15 花蓮縣,1 一般
103,0020,國立東華大學,D 日,M 碩士,1851,1050,801,340,254,362,259,207,158,139,121,0,0,0,0,0,0,2,9,15 花蓮縣,1 一般
103,0020,國立東華大學,N 職,M 碩士,505,249,256,82,105,84,80,45,33,10,14,16,12,12,12,0,0,0,0,15 花蓮縣,1 一般
103,0020,國立東華大學,S 暑,M 碩士,52,15,37,0,0,2,21,0,0,8,13,5,3,0,0,0,0,0,0,15 花蓮縣,1 一般
103,0020,國立東華大學,D 日,B 學士,7302,3644,3658,903,910,843,934,874,894,808,813,0,0,0,0,0,0,216,107,15 花蓮縣,1 一般
103,0021,國立暨南國際大學,D 日,D 博士,324,185,139,31,30,31,17,25,25,26,18,23,16,25,13,15,17,9,3,08 南投縣,1 一般
103,0021,國立暨南國際大學,D 日,M 碩士,1108,624,484,201,153,236,139,120,100,50,55,0,0,0,0,0,0,17,37,08 南投縣,1 一般
103,0021,國立暨南國際大學,N 職,M 碩士,370,177,193,70,79,66,71,16,20,15,13,3,6,7,4,0,0,0,0,08 南投縣,1 一般
103,0021,國立暨南國際大學,D 日,B 學士,4179,1961,2218,558,593,441,542,453,519,426,525,0,0,0,0,0,0,83,39,08 南投縣,1 一般
103,0021,國立暨南國際大學,N 修,C 二技,1,0,1,0,0,0,0,0,0,0,0,0,0,0,0,0,0,0,1,08 南投縣,2 技職
103,0022,國立臺灣科技大學,D 日,D 博士,970,778,192,181,56,180,53,126,27,97,21,69,15,63,8,45,12,17,0,30 臺北市,2 技職
103,0022,國立臺灣科技大學,N 職,D 博士,35,30,5,0,0,0,0,0,0,1,0,5,0,8,1,11,3,5,1,30 臺北市,2 技職
103,0022,國立臺灣科技大學,D 日,M 碩士,3130,2219,911,1066,459,931,352,170,79,52,21,0,0,0,0,0,0,0,0,30 臺北市,2 技職
103,0022,國立臺灣科技大學,N 職,M 碩士,788,585,203,223,91,196,90,97,16,64,6,0,0,0,0,0,0,5,0,30 臺北市,2 技職
103,0022,國立臺灣科技大學,D 日,B 四技,5308,3692,1616,887,410,913,384,894,380,837,376,0,0,0,0,0,0,161,66,30 臺北市,2 技職
103,0022,國立臺灣科技大學,D 日,C 二技,81,25,56,0,0,0,0,15,30,8,23,0,0,0,0,0,0,2,3,30 臺北市,2 技職
103,0022,國立臺灣科技大學,N 修,C 二技,40,15,25,0,0,0,0,4,9,4,9,0,0,0,0,0,0,7,7,30 臺北市,2 技職
103,0022,國立臺灣科技大學,D 日,X 4+X,19,12,7,1,1,0,0,0,0,0,0,0,0,0,0,0,0,11,6,30 臺北市,2 技職
103,0023,國立雲林科技大學,D 日,D 博士,471,323,148,63,36,57,24,42,18,47,20,56,21,25,16,29,10,4,3,09 雲林縣,2 技職
103,0023,國立雲林科技大學,D 日,M 碩士,2041,1344,697,593,307,561,252,142,101,47,37,0,0,0,0,0,0,1,0,09 雲林縣,2 技職
103,0023,國立雲林科技大學,N 職,M 碩士,740,397,343,166,145,132,127,45,39,37,21,17,11,0,0,0,0,0,0,09 雲林縣,2 技職
103,0023,國立雲林科技大學,D 日,B 四技,6146,3628,2518,945,616,896,583,858,626,822,637,0,0,0,0,0,0,107,56,09 雲林縣,2 技職
103,0023,國立雲林科技大學,D 日,C 二技,193,85,108,0,0,0,0,47,54,33,45,5,9,0,0,0,0,0,0,09 雲林縣,2 技職
103,0024,國立屏東科技大學,D 日,D 博士,234,157,77,34,21,26,18,29,13,23,11,23,6,9,3,5,3,8,2,13 屏東縣,2 技職
103,0024,國立屏東科技大學,D 日,M 碩士,1408,828,580,345,247,315,206,116,98,47,25,0,0,0,0,0,0,5,4,13 屏東縣,2 技職
103,0024,國立屏東科技大學,N 職,M 碩士,566,374,192,147,78,126,70,57,23,19,12,13,7,12,2,0,0,0,0,13 屏東縣,2 技職
103,0024,國立屏東科技大學,D 日,B 四技,7718,3924,3794,992,955,986,896,922,930,862,919,49,48,0,0,0,0,113,46,13 屏東縣,2 技職
103,0024,國立屏東科技大學,N 修,B 四技,1454,689,765,173,165,211,221,165,216,102,137,0,0,0,0,0,0,38,26,13 屏東縣,2 技職
103,0024,國立屏東科技大學,D 日,C 二技,1,1,0,0,0,0,0,0,0,0,0,0,0,0,0,0,0,1,0,13 屏東縣,2 技職
103,0024,國立屏東科技大學,N 修,C 二技,1,1,0,0,0,0,0,0,0,0,0,0,0,0,0,0,0,1,0,13 屏東縣,2 技職
103,0025,國立臺北科技大學,D 日,D 博士,713,580,133,113,26,107,25,94,20,94,27,72,17,55,8,45,10,0,0,30 臺北市,2 技職
103,0025,國立臺北科技大學,D 日,M 碩士,2626,2022,604,917,258,889,257,167,69,49,20,0,0,0,0,0,0,0,0,30 臺北市,2 技職
103,0025,國立臺北科技大學,N 職,M 碩士,1220,897,323,353,131,293,125,161,47,90,20,0,0,0,0,0,0,0,0,30 臺北市,2 技職
103,0025,國立臺北科技大學,D 日,B 四技,5925,4260,1665,1036,469,1082,446,1057,366,1071,379,0,0,0,0,0,0,14,5,30 臺北市,2 技職
103,0025,國立臺北科技大學,N 修,B 四技,415,361,54,243,45,118,9,0,0,0,0,0,0,0,0,0,0,0,0,30 臺北市,2 技職
103,0025,國立臺北科技大學,D 日,C 二技,31,26,5,0,0,0,0,20,4,6,1,0,0,0,0,0,0,0,0,30 臺北市,2 技職
103,0025,國立臺北科技大學,N 修,C 二技,729,516,213,0,0,0,0,219,94,243,93,38,23,0,0,0,0,16,3,30 臺北市,2 技職
103,0025,國立臺北科技大學,N 修,X 4+X,1,0,1,0,0,0,0,0,0,0,0,0,0,0,0,0,0,0,1,30 臺北市,2 技職
103,0026,國立高雄第一科技大學,D 日,D 博士,224,177,47,38,10,27,13,31,8,32,4,21,2,9,4,8,5,11,1,12 高雄市,2 技職
103,0026,國立高雄第一科技大學,D 日,M 碩士,1128,730,398,286,171,307,154,98,47,39,26,0,0,0,0,0,0,0,0,12 高雄市,2 技職
103,0026,國立高雄第一科技大學,N 職,M 碩士,722,497,225,193,94,135,78,90,34,37,11,5,2,0,0,0,0,37,6,12 高雄市,2 技職
103,0026,國立高雄第一科技大學,D 日,B 四技,5482,2733,2749,701,689,661,655,684,631,606,725,0,0,0,0,0,0,81,49,12 高雄市,2 技職
103,0026,國立高雄第一科技大學,D 日,C 二技,149,25,124,0,0,0,0,13,58,12,63,0,0,0,0,0,0,0,3,12 高雄市,2 技職
103,0026,國立高雄第一科技大學,D 日,X 4+X,29,17,12,16,12,0,0,0,0,0,0,0,0,0,0,0,0,1,0,12 高雄市,2 技職
103,0027,國立高雄應用科技大學,D 日,D 博士,286,243,43,43,13,49,9,58,9,48,5,23,5,15,2,7,0,0,0,50 高雄市,2 技職
103,0027,國立高雄應用科技大學,D 日,M 碩士,1333,963,370,432,166,454,162,58,35,19,7,0,0,0,0,0,0,0,0,50 高雄市,2 技職
103,0027,國立高雄應用科技大學,N 職,M 碩士,1281,874,407,343,194,342,184,117,20,49,8,0,0,0,0,0,0,23,1,50 高雄市,2 技職
103,0027,國立高雄應用科技大學,D 日,B 四技,7505,4799,2706,1167,692,1136,713,1240,613,1101,639,0,0,0,0,0,0,155,49,50 高雄市,2 技職
103,0027,國立高雄應用科技大學,N 修,B 四技,1165,829,336,198,85,201,71,181,86,176,89,0,0,0,0,0,0,73,5,50 高雄市,2 技職
103,0027,國立高雄應用科技大學,D 日,C 二技,96,63,33,0,0,0,0,22,14,32,17,0,0,0,0,0,0,9,2,50 高雄市,2 技職
103,0027,國立高雄應用科技大學,N 修,C 二技,522,251,271,0,0,0,0,133,143,112,123,0,0,0,0,0,0,6,5,50 高雄市,2 技職
103,0028,國立臺北藝術大學,D 日,D 博士,61,17,44,5,9,3,8,4,4,4,10,0,3,1,5,0,5,0,0,30 臺北市,1 一般
103,0028,國立臺北藝術大學,D 日,M 碩士,935,322,613,96,175,74,168,80,161,71,106,0,0,0,0,0,0,1,3,30 臺北市,1 一般
103,0028,國立臺北藝術大學,N 職,M 碩士,140,50,90,20,22,11,38,14,21,4,5,1,4,0,0,0,0,0,0,30 臺北市,1 一般
103,0028,國立臺北藝術大學,D 日,B 學士,1700,574,1126,126,280,128,273,133,250,126,251,0,0,0,0,0,0,61,72,30 臺北市,1 一般
103,0028,國立臺北藝術大學,D 日,5 七年,86,29,57,15,15,4,21,10,21,0,0,0,0,0,0,0,0,0,0,30 臺北市,1 一般
103,0029,國立臺灣藝術大學,D 日,D 博士,81,36,45,11,12,7,11,7,9,7,6,1,3,2,3,1,1,0,0,01 新北市,1 一般
103,0029,國立臺灣藝術大學,D 日,M 碩士,727,268,459,84,143,90,125,52,119,42,72,0,0,0,0,0,0,0,0,01 新北市,1 一般
103,0029,國立臺灣藝術大學,N 職,M 碩士,397,133,264,48,57,26,82,26,62,14,37,13,15,6,11,0,0,0,0,01 新北市,1 一般
103,0029,國立臺灣藝術大學,D 日,B 學士,2280,637,1643,163,390,156,384,132,383,125,386,0,0,0,0,0,0,61,100,01 新北市,1 一般
103,0029,國立臺灣藝術大學,P 進,B 學士,1610,504,1106,116,259,131,248,105,267,98,251,0,0,0,0,0,0,54,81,01 新北市,1 一般
103,0029,國立臺灣藝術大學,N 修,C 二技,308,66,242,0,0,0,0,36,124,25,99,0,0,0,0,0,0,5,19,01 新北市,2 技職
103,0030,國立臺東大學,D 日,D 博士,44,17,27,4,4,2,2,3,10,5,6,0,2,2,2,1,1,0,0,14 臺東縣,1 一般
103,0030,國立臺東大學,D 日,M 碩士,303,116,187,31,59,33,56,31,38,21,34,0,0,0,0,0,0,0,0,14 臺東縣,1 一般
103,0030,國立臺東大學,N 職,M 碩士,275,120,155,48,77,61,54,0,0,0,0,0,0,0,0,0,0,11,24,14 臺東縣,1 一般
103,0030,國立臺東大學,S 暑,M 碩士,356,96,260,37,104,36,98,9,21,1,5,0,0,0,0,0,0,13,32,14 臺東縣,1 一般
103,0030,國立臺東大學,D 日,B 學士,3480,1724,1756,419,465,395,451,400,404,412,382,0,0,0,0,0,0,98,54,14 臺東縣,1 一般
103,0030,國立臺東大學,P 進,B 學士,196,103,93,27,28,29,22,17,21,24,22,0,0,0,0,0,0,6,0,14 臺東縣,1 一般
103,0031,國立宜蘭大學,D 日,D 博士,13,10,3,3,1,0,0,2,0,2,1,1,1,2,0,0,0,0,0,02 宜蘭縣,1 一般
103,0031,國立宜蘭大學,D 日,M 碩士,534,376,158,151,69,148,61,57,25,20,2,0,0,0,0,0,0,0,1,02 宜蘭縣,1 一般
103,0031,國立宜蘭大學,N 職,M 碩士,178,135,43,49,17,48,16,27,5,0,0,0,0,0,0,0,0,11,5,02 宜蘭縣,1 一般
103,0031,國立宜蘭大學,D 日,B 學士,4275,2691,1584,660,408,676,391,661,376,598,380,0,0,0,0,0,0,96,29,02 宜蘭縣,1 一般
103,0031,國立宜蘭大學,N 修,B 學士,191,161,30,27,3,23,9,50,9,53,6,0,0,0,0,0,0,8,3,02 宜蘭縣,1 一般
103,0031,國立宜蘭大學,P 進,B 學士,342,231,111,76,29,50,35,40,21,39,24,0,0,0,0,0,0,26,2,02 宜蘭縣,1 一般
103,0032,國立聯合大學,D 日,D 博士,6,5,1,1,0,1,0,1,0,1,0,1,1,0,0,0,0,0,0,05 苗栗縣,1 一般
103,0032,國立聯合大學,D 日,M 碩士,466,326,140,128,60,135,62,49,11,11,5,0,0,0,0,0,0,3,2,05 苗栗縣,1 一般
103,0032,國立聯合大學,D 日,B 學士,6069,4286,1783,1029,473,1039,427,1015,408,988,422,23,16,0,0,0,0,192,37,05 苗栗縣,1 一般
103,0032,國立聯合大學,P 進,B 學士,1452,879,573,259,160,198,123,171,127,159,110,0,0,0,0,0,0,92,53,05 苗栗縣,1 一般
103,0033,國立虎尾科技大學,D 日,D 博士,27,24,3,4,0,4,2,5,1,4,0,2,0,3,0,2,0,0,0,09 雲林縣,2 技職
103,0033,國立虎尾科技大學,D 日,M 碩士,865,714,151,316,61,304,78,75,10,19,2,0,0,0,0,0,0,0,0,09 雲林縣,2 技職
103,0033,國立虎尾科技大學,N 職,M 碩士,285,191,94,72,35,53,40,43,5,13,6,10,8,0,0,0,0,0,0,09 雲林縣,2 技職
103,0033,國立虎尾科技大學,D 日,B 四技,7561,5620,1941,1351,472,1357,471,1349,476,1313,482,0,0,0,0,0,0,250,40,09 雲林縣,2 技職
103,0033,國立虎尾科技大學,N 修,B 四技,1142,843,299,249,76,207,70,159,77,194,72,0,0,0,0,0,0,34,4,09 雲林縣,2 技職
103,0033,國立虎尾科技大學,D 日,C 二技,199,140,59,0,0,0,0,64,32,71,26,0,0,0,0,0,0,5,1,09 雲林縣,2 技職
103,0033,國立虎尾科技大學,N 修,C 二技,138,77,61,0,0,0,0,34,28,41,32,0,0,0,0,0,0,2,1,09 雲林縣,2 技職
103,0034,國立高雄海洋科技大學,D 日,D 博士,3,3,0,3,0,0,0,0,0,0,0,0,0,0,0,0,0,0,0,50 高雄市,2 技職
103,0034,國立高雄海洋科技大學,D 日,M 碩士,334,219,115,101,42,83,55,29,13,6,5,0,0,0,0,0,0,0,0,50 高雄市,2 技職
103,0034,國立高雄海洋科技大學,N 職,M 碩士,175,116,59,49,26,49,24,15,8,3,1,0,0,0,0,0,0,0,0,50 高雄市,2 技職
103,0034,國立高雄海洋科技大學,D 日,B 四技,4676,2915,1761,734,440,717,414,660,425,638,435,0,0,0,0,0,0,166,47,50 高雄市,2 技職
103,0034,國立高雄海洋科技大學,N 修,B 四技,1852,1150,702,296,187,290,162,231,157,235,151,0,0,0,0,0,0,98,45,50 高雄市,2 技職
103,0034,國立高雄海洋科技大學,D 日,C 二技,247,210,37,0,0,0,0,86,22,99,12,0,0,0,0,0,0,25,3,50 高雄市,2 技職
103,0034,國立高雄海洋科技大學,D 日,X 4+X,33,26,7,25,7,0,0,0,0,0,0,0,0,0,0,0,0,1,0,50 高雄市,2 技職
103,0034,國立高雄海洋科技大學,D 日,5 五專,499,429,70,87,19,80,16,90,10,79,13,69,11,0,0,0,0,24,1,50 高雄市,2 技職
103,0035,國立臺南藝術大學,D 日,D 博士,48,23,25,3,3,7,2,2,3,0,5,0,7,7,0,4,4,0,1,11 臺南市,1 一般
103,0035,國立臺南藝術大學,D 日,M 碩士,565,203,362,60,104,51,87,33,79,59,91,0,0,0,0,0,0,0,1,11 臺南市,1 一般
103,0035,國立臺南藝術大學,N 職,M 碩士,45,18,27,5,7,8,10,1,4,1,2,0,0,0,0,0,0,3,4,11 臺南市,1 一般
103,0035,國立臺南藝術大學,D 日,B 學士,731,196,535,49,130,48,128,33,139,43,118,0,0,0,0,0,0,23,20,11 臺南市,1 一般
103,0035,國立臺南藝術大學,P 進,B 學士,2,1,1,0,0,0,0,0,0,0,0,0,0,0,0,0,0,1,1,11 臺南市,1 一般
103,0035,國立臺南藝術大學,D 日,5 七年,163,67,96,26,30,26,31,15,35,0,0,0,0,0,0,0,0,0,0,11 臺南市,1 一般
103,0036,國立臺南大學,D 日,D 博士,184,97,87,23,11,17,17,13,17,10,11,14,16,16,5,4,10,0,0,21 臺南市,1 一般
103,0036,國立臺南大學,D 日,M 碩士,1069,509,560,195,176,169,159,98,124,45,99,0,0,0,0,0,0,2,2,21 臺南市,1 一般
103,0036,國立臺南大學,N 職,M 碩士,686,245,441,96,151,71,141,43,88,26,38,5,11,1,7,0,0,3,5,21 臺南市,1 一般
103,0036,國立臺南大學,S 暑,M 碩士,22,3,19,0,0,0,0,0,0,2,14,0,0,1,5,0,0,0,0,21 臺南市,1 一般
103,0036,國立臺南大學,D 日,B 學士,3858,1713,2145,432,533,433,499,409,523,369,536,0,0,0,0,0,0,70,54,21 臺南市,1 一般
103,0036,國立臺南大學,P 進,B 學士,276,124,152,7,18,22,37,39,57,45,35,0,0,0,0,0,0,11,5,21 臺南市,1 一般
103,0037,國立臺北教育大學,D 日,D 博士,144,76,68,10,15,14,7,10,13,10,8,13,7,5,8,14,10,0,0,30 臺北市,3 師範
103,0037,國立臺北教育大學,D 日,M 碩士,1140,355,785,124,252,91,238,76,159,60,134,0,0,0,0,0,0,4,2,30 臺北市,3 師範
103,0037,國立臺北教育大學,N 職,M 碩士,809,240,569,73,210,88,216,37,61,24,41,0,0,0,0,0,0,18,41,30 臺北市,3 師範
103,0037,國立臺北教育大學,S 暑,M 碩士,259,36,223,5,53,4,54,9,46,10,60,0,0,0,0,0,0,8,10,30 臺北市,3 師範
103,0037,國立臺北教育大學,D 日,B 學士,3270,1111,2159,283,540,254,535,269,500,248,526,0,0,0,0,0,0,57,58,30 臺北市,3 師範
103,0038,國立新竹教育大學,D 日,D 博士,80,33,47,4,9,3,10,2,8,7,3,4,6,4,6,5,4,4,1,18 新竹市,3 師範
103,0038,國立新竹教育大學,D 日,M 碩士,788,243,545,76,173,66,158,67,115,31,91,0,0,0,0,0,0,3,8,18 新竹市,3 師範
103,0038,國立新竹教育大學,N 職,M 碩士,417,95,322,25,110,35,93,17,41,6,17,4,29,4,11,2,9,2,12,18 新竹市,3 師範
103,0038,國立新竹教育大學,S 暑,M 碩士,165,23,142,5,31,3,15,4,51,5,14,1,15,1,4,1,7,3,5,18 新竹市,3 師範
103,0038,國立新竹教育大學,D 日,B 學士,2535,731,1804,180,446,178,444,187,426,160,448,0,0,0,0,0,0,26,40,18 新竹市,3 師範
103,0039,國立臺中教育大學,D 日,D 博士,128,68,60,13,10,10,9,15,11,9,11,11,4,6,8,3,5,1,2,19 臺中市,3 師範
103,0039,國立臺中教育大學,D 日,M 碩士,843,282,561,99,212,77,186,60,97,38,61,0,0,0,0,0,0,8,5,19 臺中市,3 師範
103,0039,國立臺中教育大學,N 職,M 碩士,422,91,331,38,142,27,121,7,35,9,26,0,0,0,0,0,0,10,7,19 臺中市,3 師範
103,0039,國立臺中教育大學,S 暑,M 碩士,283,109,174,25,40,27,45,17,60,24,17,11,11,2,0,0,0,3,1,19 臺中市,3 師範
103,0039,國立臺中教育大學,D 日,B 學士,3407,1198,2209,298,534,267,545,297,526,262,547,0,0,0,0,0,0,74,57,19 臺中市,3 師範
103,0042,國立澎湖科技大學,D 日,M 碩士,89,48,41,19,17,17,19,8,5,4,0,0,0,0,0,0,0,0,0,16 澎湖縣,2 技職
103,0042,國立澎湖科技大學,N 職,M 碩士,43,26,17,14,7,10,8,1,1,1,1,0,0,0,0,0,0,0,0,16 澎湖縣,2 技職
103,0042,國立澎湖科技大學,D 日,B 四技,2544,1434,1110,386,253,347,275,330,295,326,272,0,0,0,0,0,0,45,15,16 澎湖縣,2 技職
103,0042,國立澎湖科技大學,N 修,B 四技,321,139,182,39,56,33,43,32,45,32,37,0,0,0,0,0,0,3,1,16 澎湖縣,2 技職
103,0042,國立澎湖科技大學,N 修,2 二專,17,12,5,0,0,9,2,0,0,0,0,0,0,0,0,0,0,3,3,16 澎湖縣,2 技職
103,0043,國立勤益科技大學,D 日,D 博士,9,9,0,3,0,3,0,3,0,0,0,0,0,0,0,0,0,0,0,06 臺中市,2 技職
103,0043,國立勤益科技大學,D 日,M 碩士,613,494,119,226,57,181,50,62,12,25,0,0,0,0,0,0,0,0,0,06 臺中市,2 技職
103,0043,國立勤益科技大學,N 職,M 碩士,228,184,44,82,25,58,15,24,0,12,3,0,0,0,0,0,0,8,1,06 臺中市,2 技職
103,0043,國立勤益科技大學,D 日,B 四技,6615,4522,2093,1190,537,1178,476,1006,491,982,538,0,0,0,0,0,0,166,51,06 臺中市,2 技職
103,0043,國立勤益科技大學,N 修,B 四技,3390,2751,639,749,190,733,170,557,122,593,134,0,0,0,0,0,0,119,23,06 臺中市,2 技職
103,0043,國立勤益科技大學,D 日,C 二技,165,129,36,0,0,0,0,62,20,63,16,0,0,0,0,0,0,4,0,06 臺中市,2 技職
103,0043,國立勤益科技大學,N 修,C 二技,124,97,27,0,0,0,0,35,11,50,16,0,0,0,0,0,0,12,0,06 臺中市,2 技職
103,0043,國立勤益科技大學,D 日,2 二專,101,41,60,0,0,34,58,0,0,0,0,0,0,0,0,0,0,7,2,06 臺中市,2 技職
103,0043,國立勤益科技大學,N 修,2 二專,7,7,0,0,0,0,0,0,0,0,0,0,0,0,0,0,0,7,0,06 臺中市,2 技職
103,0044,國立體育大學,D 日,D 博士,131,82,49,16,7,14,5,15,13,14,9,7,6,10,6,6,3,0,0,03 桃園縣,1 一般
103,0044,國立體育大學,D 日,M 碩士,319,186,133,62,50,64,39,38,30,22,14,0,0,0,0,0,0,0,0,03 桃園縣,1 一般
103,0044,國立體育大學,N 職,M 碩士,198,105,93,42,36,29,30,18,12,11,8,1,5,4,2,0,0,0,0,03 桃園縣,1 一般
103,0044,國立體育大學,D 日,B 學士,1497,893,604,215,147,208,142,227,134,183,144,0,0,0,0,0,0,60,37,03 桃園縣,1 一般
103,0044,國立體育大學,N 修,C 二年制,95,69,26,0,0,0,0,37,13,25,10,0,0,0,0,0,0,7,3,03 桃園縣,1 一般
103,0046,國立臺北護理健康大學,D 日,D 博士,53,0,53,0,12,0,8,0,13,0,10,0,6,0,1,0,3,0,0,30 臺北市,2 技職
103,0046,國立臺北護理健康大學,D 日,M 碩士,575,89,486,29,145,32,141,18,112,10,88,0,0,0,0,0,0,0,0,30 臺北市,2 技職
103,0046,國立臺北護理健康大學,N 職,M 碩士,180,22,158,9,55,9,47,2,36,2,20,0,0,0,0,0,0,0,0,30 臺北市,2 技職
103,0046,國立臺北護理健康大學,D 日,B 四技,2201,517,1684,154,452,127,410,131,406,93,395,0,0,0,0,0,0,12,21,30 臺北市,2 技職
103,0046,國立臺北護理健康大學,D 日,C 二技,689,11,678,0,0,0,0,5,335,5,340,0,0,0,0,0,0,1,3,30 臺北市,2 技職
103,0046,國立臺北護理健康大學,N 修,C 二技,693,12,681,0,0,0,0,7,248,1,220,4,207,0,0,0,0,0,6,30 臺北市,2 技職
103,0046,國立臺北護理健康大學,D 日,X 4+X,18,4,14,4,14,0,0,0,0,0,0,0,0,0,0,0,0,0,0,30 臺北市,2 技職
103,0047,國立高雄餐旅大學,D 日,D 博士,17,9,8,2,5,1,1,4,1,2,1,0,0,0,0,0,0,0,0,50 高雄市,2 技職
103,0047,國立高雄餐旅大學,D 日,M 碩士,190,65,125,23,51,25,57,11,14,6,2,0,0,0,0,0,0,0,1,50 高雄市,2 技職
103,0047,國立高雄餐旅大學,N 職,M 碩士,88,34,54,18,23,11,23,1,8,4,0,0,0,0,0,0,0,0,0,50 高雄市,2 技職
103,0047,國立高雄餐旅大學,D 日,B 四技,3180,839,2341,219,616,198,589,202,561,210,556,0,0,0,0,0,0,10,19,50 高雄市,2 技職
103,0047,國立高雄餐旅大學,N 修,B 四技,858,218,640,54,176,61,169,48,147,51,141,0,0,0,0,0,0,4,7,50 高雄市,2 技職
103,0047,國立高雄餐旅大學,D 日,C 二技,89,23,66,0,0,0,0,11,34,12,32,0,0,0,0,0,0,0,0,50 高雄市,2 技職
103,0047,國立高雄餐旅大學,N 修,C 二技,307,77,230,0,0,0,0,33,119,41,107,0,0,0,0,0,0,3,4,50 高雄市,2 技職
103,0047,國立高雄餐旅大學,N 修,2 二專,243,101,142,50,90,30,47,0,0,0,0,0,0,0,0,0,0,21,5,50 高雄市,2 技職
103,0047,國立高雄餐旅大學,D 日,5 五專,220,72,148,17,33,10,25,13,13,16,35,15,42,0,0,0,0,1,0,50 高雄市,2 技職
103,0048,國立金門大學,D 日,M 碩士,208,127,81,50,33,37,24,24,14,16,10,0,0,0,0,0,0,0,0,71 金門縣,1 一般
103,0048,國立金門大學,N 職,M 碩士,41,32,9,19,4,13,5,0,0,0,0,0,0,0,0,0,0,0,0,71 金門縣,1 一般
103,0048,國立金門大學,D 日,B 學士,3068,1565,1503,421,405,373,435,400,344,296,276,0,0,0,0,0,0,75,43,71 金門縣,1 一般
103,0048,國立金門大學,P 進,B 學士,796,461,335,133,89,98,72,101,85,107,75,0,0,0,0,0,0,22,14,71 金門縣,1 一般
103,0049,國立臺灣體育運動大學,D 日,M 碩士,275,142,133,53,42,40,36,34,26,12,18,0,0,0,0,0,0,3,11,19 臺中市,1 一般
103,0049,國立臺灣體育運動大學,N 職,M 碩士,103,66,37,26,16,27,12,7,7,4,2,1,0,1,0,0,0,0,0,19 臺中市,1 一般
103,0049,國立臺灣體育運動大學,D 日,B 學士,2416,1453,963,363,245,309,230,348,216,309,226,0,0,0,0,0,0,124,46,19 臺中市,1 一般
103,0049,國立臺灣體育運動大學,P 進,B 學士,402,298,104,79,18,61,25,75,25,61,27,0,0,0,0,0,0,22,9,19 臺中市,1 一般
103,0050,國立臺中科技大學,D 日,M 碩士,371,178,193,76,95,72,68,22,25,8,5,0,0,0,0,0,0,0,0,19 臺中市,2 技職
103,0050,國立臺中科技大學,N 職,M 碩士,132,67,65,27,31,25,24,8,5,4,3,3,2,0,0,0,0,0,0,19 臺中市,2 技職
103,0050,國立臺中科技大學,D 日,B 四技,4902,1422,3480,348,911,334,840,364,795,320,863,0,0,0,0,0,0,56,71,19 臺中市,2 技職
103,0050,國立臺中科技大學,N 修,B 四技,2258,703,1555,215,401,152,373,160,370,144,358,0,0,0,0,0,0,32,53,19 臺中市,2 技職
103,0050,國立臺中科技大學,D 日,C 二技,1394,257,1137,0,0,0,0,138,557,113,558,0,0,0,0,0,0,6,22,19 臺中市,2 技職
103,0050,國立臺中科技大學,N 修,C 二技,399,93,306,0,0,0,0,50,155,37,127,0,0,0,0,0,0,6,24,19 臺中市,2 技職
103,0050,國立臺中科技大學,D 日,2 二專,162,14,148,0,51,13,75,0,0,0,0,0,0,0,0,0,0,1,22,19 臺中市,2 技職
103,0050,國立臺中科技大學,N 修,2 二專,198,19,179,9,84,7,79,0,0,0,0,0,0,0,0,0,0,3,16,19 臺中市,2 技職
103,0050,國立臺中科技大學,D 日,5 五專,3903,753,3150,165,647,129,641,166,632,150,601,124,604,0,0,0,0,19,25,19 臺中市,2 技職
103,0051,國立臺北商業大學,D 日,M 碩士,165,59,106,29,55,24,47,3,4,3,0,0,0,0,0,0,0,0,0,30 臺北市,2 技職
103,0051,國立臺北商業大學,N 職,M 碩士,21,9,12,3,7,5,5,0,0,1,0,0,0,0,0,0,0,0,0,30 臺北市,2 技職
103,0051,國立臺北商業大學,D 日,B 四技,2021,598,1423,177,391,130,369,163,339,109,308,0,0,0,0,0,0,19,16,30 臺北市,2 技職
103,0051,國立臺北商業大學,N 修,B 四技,697,161,536,34,121,41,113,36,105,33,131,0,0,0,0,0,0,17,66,30 臺北市,2 技職
103,0051,國立臺北商業大學,D 日,C 二技,629,124,505,0,0,0,0,65,250,52,239,0,0,0,0,0,0,7,16,30 臺北市,2 技職
103,0051,國立臺北商業大學,N 修,C 二技,950,297,653,0,0,0,0,144,343,129,286,0,0,0,0,0,0,24,24,30 臺北市,2 技職
103,0051,國立臺北商業大學,N 修,X 4+X,2,0,2,0,0,0,0,0,0,0,0,0,0,0,0,0,0,0,2,30 臺北市,2 技職
103,0051,國立臺北商業大學,N 修,2 二專,560,238,322,62,107,141,172,35,43,0,0,0,0,0,0,0,0,0,0,30 臺北市,2 技職
103,0051,國立臺北商業大學,D 日,5 五專,1896,455,1441,116,276,89,277,95,279,68,273,71,309,0,0,0,0,16,27,30 臺北市,2 技職
103,0052,國立屏東大學,D 日,D 博士,53,37,16,8,3,7,0,8,3,6,3,4,3,2,1,2,3,0,0,13 屏東縣,1 一般
103,0052,國立屏東大學,D 日,M 碩士,993,389,604,111,220,135,162,88,121,55,101,0,0,0,0,0,0,0,0,13 屏東縣,1 一般
103,0052,國立屏東大學,N 職,M 碩士,407,91,316,28,109,22,102,17,36,10,34,14,35,0,0,0,0,0,0,13 屏東縣,1 一般
103,0052,國立屏東大學,S 暑,M 碩士,115,34,81,12,23,11,23,8,21,2,13,1,1,0,0,0,0,0,0,13 屏東縣,1 一般
103,0052,國立屏東大學,D 日,B 學士,6581,2575,4006,663,1017,660,972,592,987,565,971,0,0,0,0,0,0,95,59,13 屏東縣,1 一般
103,0052,國立屏東大學,P 進,B 學士,701,296,405,65,89,66,79,56,106,83,100,0,0,0,0,0,0,26,31,13 屏東縣,1 一般
103,0052,國立屏東大學,D 日,C 二技,1,0,1,0,0,0,0,0,0,0,0,0,0,0,0,0,0,0,1,13 屏東縣,2 技職
103,0144,國立臺灣戲曲學院,D 日,B 四技,484,169,315,51,85,43,81,37,65,30,73,0,0,0,0,0,0,8,11,30 臺北市,2 技職
103,0144,國立臺灣戲曲學院,N 修,B 四技,44,18,26,9,11,9,15,0,0,0,0,0,0,0,0,0,0,0,0,30 臺北市,2 技職
103,0221,國立臺南護理專科學校,D 日,2 二專,90,1,89,1,44,0,43,0,0,0,0,0,0,0,0,0,0,0,2,21 臺南市,2 技職
103,0221,國立臺南護理專科學校,N 修,2 二專,83,5,78,2,37,2,38,0,0,0,0,0,0,0,0,0,0,1,3,21 臺南市,2 技職
103,0221,國立臺南護理專科學校,D 日,5 五專,1758,90,1668,27,332,25,333,13,334,11,341,14,320,0,0,0,0,0,8,21 臺南市,2 技職
103,0222,國立臺東專科學校,D 日,2 二專,444,302,142,177,76,107,58,0,0,0,0,0,0,0,0,0,0,18,8,14 臺東縣,2 技職
103,0222,國立臺東專科學校,N 修,2 二專,171,88,83,36,45,41,36,0,0,0,0,0,0,0,0,0,0,11,2,14 臺東縣,2 技職
103,0222,國立臺東專科學校,D 日,5 五專,613,319,294,62,62,75,71,66,64,68,54,43,43,0,0,0,0,5,0,14 臺東縣,2 技職
103,1001,東海大學,D 日,D 博士,218,130,88,19,17,22,11,16,11,18,10,23,13,13,10,19,16,0,0,19 臺中市,1 一般
103,1001,東海大學,D 日,M 碩士,1613,886,727,298,243,276,214,172,140,140,130,0,0,0,0,0,0,0,0,19 臺中市,1 一般
103,1001,東海大學,N 職,M 碩士,778,360,418,119,135,113,122,49,80,79,81,0,0,0,0,0,0,0,0,19 臺中市,1 一般
103,1001,東海大學,D 日,B 學士,13687,6154,7533,1506,1852,1541,1886,1442,1813,1304,1740,16,10,0,0,0,0,345,232,19 臺中市,1 一般
103,1001,東海大學,P 進,B 學士,668,350,318,77,64,72,59,68,64,44,64,54,50,0,0,0,0,35,17,19 臺中市,1 一般
103,1002,輔仁大學,D 日,D 博士,441,248,193,43,29,34,31,29,31,44,24,30,19,34,27,33,29,1,3,01 新北市,1 一般
103,1002,輔仁大學,D 日,M 碩士,2165,961,1204,348,365,284,359,172,227,156,244,0,0,0,0,0,0,1,9,01 新北市,1 一般
103,1002,輔仁大學,N 職,M 碩士,1617,727,890,233,307,212,255,91,130,84,77,0,0,0,0,0,0,107,121,01 新北市,1 一般
103,1002,輔仁大學,D 日,B 學士,18002,7639,10363,1800,2468,1823,2621,1723,2408,1667,2392,29,12,29,16,27,16,541,430,01 新北市,1 一般
103,1002,輔仁大學,P 進,B 學士,4697,1666,3031,426,776,445,732,348,681,298,607,0,0,0,0,0,0,149,235,01 新北市,1 一般
103,1002,輔仁大學,N 修,C 二技,62,2,60,0,0,0,0,0,28,0,32,0,0,0,0,0,0,2,0,01 新北市,2 技職
103,1003,東吳大學,D 日,D 博士,96,54,42,12,9,11,5,5,7,5,9,7,5,7,3,7,4,0,0,30 臺北市,1 一般
103,1003,東吳大學,D 日,M 碩士,1193,569,624,187,202,139,168,119,118,124,136,0,0,0,0,0,0,0,0,30 臺北市,1 一般
103,1003,東吳大學,N 職,M 碩士,1158,525,633,125,185,133,177,82,78,69,88,53,55,63,50,0,0,0,0,30 臺北市,1 一般
103,1003,東吳大學,D 日,B 學士,11911,4850,7061,1159,1697,1132,1633,1076,1637,1065,1626,104,132,0,0,0,0,314,336,30 臺北市,1 一般
103,1003,東吳大學,P 進,B 學士,1239,392,847,87,204,76,174,89,161,63,161,55,116,0,0,0,0,22,31,30 臺北市,1 一般
103,1004,中原大學,D 日,D 博士,366,288,78,60,13,50,15,40,14,44,14,30,7,38,6,26,9,0,0,03 桃園縣,1 一般
103,1004,中原大學,D 日,M 碩士,1815,1165,650,462,249,451,227,174,98,78,75,0,0,0,0,0,0,0,1,03 桃園縣,1 一般
103,1004,中原大學,N 職,M 碩士,1039,668,371,172,120,198,135,127,43,90,27,39,22,42,22,0,0,0,2,03 桃園縣,1 一般
103,1004,中原大學,D 日,B 學士,13001,7409,5592,1826,1406,1767,1379,1747,1274,1568,1304,69,84,0,0,0,0,432,145,03 桃園縣,1 一般
103,1004,中原大學,D 日,X 4+X,19,8,11,8,11,0,0,0,0,0,0,0,0,0,0,0,0,0,0,03 桃園縣,1 一般
103,1005,淡江大學,D 日,D 博士,481,315,166,42,30,59,25,39,20,0,0,0,0,0,0,0,0,175,91,01 新北市,1 一般
103,1005,淡江大學,D 日,M 碩士,2057,1180,877,461,303,432,287,0,0,0,0,0,0,0,0,0,0,287,287,01 新北市,1 一般
103,1005,淡江大學,N 職,M 碩士,1250,655,595,241,226,223,217,0,0,0,0,0,0,0,0,0,0,191,152,01 新北市,1 一般
103,1005,淡江大學,D 日,B 學士,20840,10706,10134,2543,2384,2651,2482,2461,2445,2404,2466,31,32,0,0,0,0,616,325,01 新北市,1 一般
103,1005,淡江大學,P 進,B 學士,2362,1218,1144,330,243,301,282,263,242,220,275,0,0,0,0,0,0,104,102,01 新北市,1 一般
103,1005,淡江大學,N 修,C 二技,70,25,45,0,0,0,0,11,13,12,22,1,10,0,0,0,0,1,0,01 新北市,2 技職
103,1006,中國文化大學,D 日,D 博士,519,333,186,45,30,44,26,48,22,39,22,51,27,51,24,55,35,0,0,30 臺北市,1 一般
103,1006,中國文化大學,D 日,M 碩士,1665,884,781,277,227,261,218,194,170,152,166,0,0,0,0,0,0,0,0,30 臺北市,1 一般
103,1006,中國文化大學,N 職,M 碩士,629,274,355,83,118,82,126,53,53,30,33,0,0,0,0,0,0,26,25,30 臺北市,1 一般
103,1006,中國文化大學,D 日,B 學士,20928,9932,10996,2406,2771,2391,2649,2287,2662,2168,2490,0,0,0,0,0,0,680,424,30 臺北市,1 一般
103,1006,中國文化大學,P 進,B 學士,2664,1046,1618,250,367,253,360,234,437,182,290,0,0,0,0,0,0,127,164,30 臺北市,1 一般
103,1006,中國文化大學,N 修,C 二技,116,42,74,0,0,0,0,13,31,21,37,6,6,0,0,0,0,2,0,30 臺北市,2 技職
103,1006,中國文化大學,N 修,X 4+X,2,2,0,0,0,1,0,0,0,0,0,0,0,0,0,0,0,1,0,30 臺北市,1 一般
103,1007,逢甲大學,D 日,D 博士,411,297,114,55,24,39,15,59,18,48,15,31,16,32,15,25,10,8,1,19 臺中市,1 一般
103,1007,逢甲大學,D 日,M 碩士,1648,1163,485,517,220,475,189,129,43,42,33,0,0,0,0,0,0,0,0,19 臺中市,1 一般
103,1007,逢甲大學,N 職,M 碩士,1150,719,431,281,187,244,170,88,40,69,21,37,13,0,0,0,0,0,0,19 臺中市,1 一般
103,1007,逢甲大學,D 日,B 學士,16860,10570,6290,2559,1567,2571,1578,2515,1552,2397,1446,41,36,0,0,0,0,487,111,19 臺中市,1 一般
103,1007,逢甲大學,P 進,B 學士,945,502,443,136,112,131,106,112,93,81,107,0,0,0,0,0,0,42,25,19 臺中市,1 一般
103,1008,靜宜大學,D 日,D 博士,37,22,15,3,6,2,3,5,2,1,1,1,1,4,1,6,1,0,0,06 臺中市,1 一般
103,1008,靜宜大學,D 日,M 碩士,629,266,363,78,121,89,132,63,47,36,63,0,0,0,0,0,0,0,0,06 臺中市,1 一般
103,1008,靜宜大學,N 職,M 碩士,325,150,175,36,65,47,60,18,25,49,25,0,0,0,0,0,0,0,0,06 臺中市,1 一般
103,1008,靜宜大學,D 日,B 學士,11177,4262,6915,1076,1647,1009,1704,969,1721,923,1600,0,0,0,0,0,0,285,243,06 臺中市,1 一般
103,1008,靜宜大學,P 進,B 學士,81,45,36,0,0,0,0,24,18,14,17,0,0,0,0,0,0,7,1,06 臺中市,1 一般
103,1009,長庚大學,D 日,D 博士,537,380,157,65,26,58,22,50,21,42,23,55,22,51,13,28,16,31,14,03 桃園縣,1 一般
103,1009,長庚大學,D 日,M 碩士,1360,779,581,307,233,313,177,110,105,38,46,0,0,0,0,0,0,11,20,03 桃園縣,1 一般
103,1009,長庚大學,N 職,M 碩士,329,214,115,64,36,55,31,47,13,16,7,20,17,12,11,0,0,0,0,03 桃園縣,1 一般
103,1009,長庚大學,D 日,B 學士,5167,2855,2312,645,527,602,543,609,517,579,477,97,50,94,63,90,59,139,76,03 桃園縣,1 一般
103,1010,元智大學,D 日,D 博士,326,251,75,44,17,43,8,41,10,49,15,25,11,25,9,24,5,0,0,03 桃園縣,1 一般
103,1010,元智大學,D 日,M 碩士,1139,772,367,310,154,297,138,120,49,45,26,0,0,0,0,0,0,0,0,03 桃園縣,1 一般
103,1010,元智大學,N 職,M 碩士,995,650,345,217,135,166,137,105,36,59,13,48,10,55,14,0,0,0,0,03 桃園縣,1 一般
103,1010,元智大學,D 日,B 學士,7188,3985,3203,1013,793,955,782,901,783,914,733,0,0,0,0,0,0,202,112,03 桃園縣,1 一般
103,1010,元智大學,N 修,C 二技,1,0,1,0,0,0,0,0,0,0,0,0,0,0,0,0,0,0,1,03 桃園縣,2 技職
103,1011,中華大學,D 日,D 博士,132,100,32,24,7,13,5,15,3,17,5,12,3,11,6,8,3,0,0,18 新竹市,1 一般
103,1011,中華大學,D 日,M 碩士,664,399,265,178,204,123,32,61,19,36,10,0,0,0,0,0,0,1,0,18 新竹市,1 一般
103,1011,中華大學,N 職,M 碩士,283,175,108,83,86,59,19,17,2,14,1,0,0,0,0,0,0,2,0,18 新竹市,1 一般
103,1011,中華大學,D 日,B 學士,7222,4300,2922,1047,722,1037,700,982,702,878,696,0,0,0,0,0,0,356,102,18 新竹市,1 一般
103,1011,中華大學,P 進,B 學士,221,146,75,40,17,41,19,37,15,25,22,0,0,0,0,0,0,3,2,18 新竹市,1 一般
103,1011,中華大學,N 修,C 二技,176,105,71,0,0,0,0,33,13,70,58,0,0,0,0,0,0,2,0,18 新竹市,2 技職
103,1012,大葉大學,D 日,D 博士,154,116,38,25,5,18,6,20,4,13,9,15,2,12,5,13,7,0,0,07 彰化縣,1 一般
103,1012,大葉大學,D 日,M 碩士,846,488,358,211,215,151,93,90,36,36,14,0,0,0,0,0,0,0,0,07 彰化縣,1 一般
103,1012,大葉大學,N 職,M 碩士,878,338,540,155,265,136,244,25,21,8,9,7,1,7,0,0,0,0,0,07 彰化縣,1 一般
103,1012,大葉大學,S 暑,M 碩士,1,0,1,0,0,0,0,0,1,0,0,0,0,0,0,0,0,0,0,07 彰化縣,1 一般
103,1012,大葉大學,D 日,B 學士,8508,4730,3778,1171,1101,1225,933,1106,839,1014,834,0,0,0,0,0,0,214,71,07 彰化縣,1 一般
103,1012,大葉大學,P 進,B 學士,1262,793,469,307,218,212,100,177,99,85,47,0,0,0,0,0,0,12,5,07 彰化縣,1 一般
103,1013,華梵大學,D 日,D 博士,56,33,23,7,5,6,5,5,3,3,3,2,4,3,1,7,2,0,0,01 新北市,1 一般
103,1013,華梵大學,D 日,M 碩士,328,174,154,39,77,54,41,47,24,34,12,0,0,0,0,0,0,0,0,01 新北市,1 一般
103,1013,華梵大學,N 職,M 碩士,351,150,201,32,107,44,50,25,12,18,13,8,9,23,10,0,0,0,0,01 新北市,1 一般
103,1013,華梵大學,D 日,B 學士,2740,1492,1248,409,353,366,291,329,272,287,287,0,0,0,0,0,0,101,45,01 新北市,1 一般
103,1014,義守大學,D 日,D 博士,143,112,31,24,7,26,5,11,4,12,3,17,4,11,5,11,3,0,0,12 高雄市,1 一般
103,1014,義守大學,D 日,M 碩士,597,438,159,188,93,160,40,71,21,19,5,0,0,0,0,0,0,0,0,12 高雄市,1 一般
103,1014,義守大學,N 職,M 碩士,496,314,182,113,88,156,66,0,0,0,0,0,0,0,0,0,0,45,28,12 高雄市,1 一般
103,1014,義守大學,D 日,B 學士,12814,6772,6042,1676,1558,1624,1558,1618,1419,1418,1329,22,20,0,0,0,0,414,158,12 高雄市,1 一般
103,1014,義守大學,P 進,B 學士,2201,1349,852,408,238,264,170,276,208,288,189,0,0,0,0,0,0,113,47,12 高雄市,1 一般
103,1014,義守大學,N 修,C 二技,305,42,263,0,0,0,0,24,135,18,123,0,0,0,0,0,0,0,5,12 高雄市,2 技職
103,1015,世新大學,D 日,D 博士,73,33,40,8,8,4,8,3,4,5,3,6,4,3,7,4,6,0,0,30 臺北市,1 一般
103,1015,世新大學,D 日,M 碩士,774,418,356,113,117,140,115,73,59,91,64,0,0,0,0,0,0,1,1,30 臺北市,1 一般
103,1015,世新大學,N 職,M 碩士,997,561,436,162,144,156,112,88,70,75,38,38,41,42,31,0,0,0,0,30 臺北市,1 一般
103,1015,世新大學,D 日,B 學士,9865,3605,6260,878,1555,897,1544,861,1503,780,1507,0,0,0,0,0,0,189,151,30 臺北市,1 一般
103,1015,世新大學,P 進,B 學士,60,15,45,15,45,0,0,0,0,0,0,0,0,0,0,0,0,0,0,30 臺北市,1 一般
103,1015,世新大學,N 修,C 二技,120,35,85,0,0,0,0,10,26,21,57,0,0,0,0,0,0,4,2,30 臺北市,2 技職
103,1016,銘傳大學,D 日,D 博士,65,31,34,6,6,7,7,3,4,4,4,5,5,4,5,2,3,0,0,30 臺北市,1 一般
103,1016,銘傳大學,D 日,M 碩士,809,408,401,153,130,136,163,77,62,42,45,0,0,0,0,0,0,0,1,30 臺北市,1 一般
103,1016,銘傳大學,N 職,M 碩士,882,367,515,167,210,129,208,24,37,26,31,11,24,10,5,0,0,0,0,30 臺北市,1 一般
103,1016,銘傳大學,D 日,B 學士,17524,6949,10575,1725,2619,1626,2555,1660,2491,1528,2533,18,22,0,0,0,0,392,355,30 臺北市,1 一般
103,1017,實踐大學,D 日,D 博士,8,3,5,1,3,2,0,0,0,0,0,0,0,0,0,0,0,0,2,30 臺北市,1 一般
103,1017,實踐大學,D 日,M 碩士,378,189,189,64,67,59,59,1,3,0,0,0,0,0,0,0,0,65,60,30 臺北市,1 一般
103,1017,實踐大學,N 職,M 碩士,193,97,96,30,35,21,28,11,6,0,0,0,0,0,0,0,0,35,27,30 臺北市,1 一般
103,1017,實踐大學,D 日,B 學士,12405,4367,8038,1087,2089,1077,1966,1016,1923,974,1831,13,22,0,0,0,0,200,207,30 臺北市,1 一般
103,1017,實踐大學,P 進,B 學士,2414,681,1733,186,411,157,410,148,398,125,396,0,0,0,0,0,0,65,118,30 臺北市,1 一般
103,1017,實踐大學,N 修,C 二技,178,14,164,0,0,0,0,2,55,7,76,0,0,0,0,0,0,5,33,30 臺北市,2 技職
103,1017,實踐大學,D 日,X 4+X,2,2,0,0,0,0,0,0,0,0,0,0,0,0,0,0,0,2,0,30 臺北市,1 一般
103,1018,朝陽科技大學,D 日,D 博士,88,74,14,19,4,11,1,11,3,14,4,10,1,6,1,2,0,1,0,06 臺中市,2 技職
103,1018,朝陽科技大學,D 日,M 碩士,767,453,314,158,134,158,91,0,0,0,0,0,0,0,0,0,0,137,89,06 臺中市,2 技職
103,1018,朝陽科技大學,N 職,M 碩士,497,245,252,76,87,86,83,0,0,0,0,0,0,0,0,0,0,83,82,06 臺中市,2 技職
103,1018,朝陽科技大學,D 日,B 四技,11646,4731,6915,1175,1771,1158,1715,1143,1685,1043,1605,0,0,0,0,0,0,212,139,06 臺中市,2 技職
103,1018,朝陽科技大學,N 修,B 四技,3542,1689,1853,383,396,360,371,395,461,390,496,0,0,0,0,0,0,161,129,06 臺中市,2 技職
103,1018,朝陽科技大學,D 日,C 二技,29,18,11,0,0,0,0,5,6,13,5,0,0,0,0,0,0,0,0,06 臺中市,2 技職
103,1018,朝陽科技大學,N 修,C 二技,1,1,0,0,0,0,0,0,0,0,0,0,0,0,0,0,0,1,0,06 臺中市,2 技職
103,1019,高雄醫學大學,D 日,D 博士,342,184,158,33,24,26,23,35,21,27,34,27,17,21,23,15,16,0,0,50 高雄市,1 一般
103,1019,高雄醫學大學,D 日,M 碩士,610,220,390,98,153,75,157,36,58,11,21,0,0,0,0,0,0,0,1,50 高雄市,1 一般
103,1019,高雄醫學大學,N 職,M 碩士,220,93,127,37,57,39,59,10,4,4,5,3,2,0,0,0,0,0,0,50 高雄市,1 一般
103,1019,高雄醫學大學,D 日,B 學士,5639,2580,3059,561,722,552,691,489,674,482,662,157,133,166,73,106,61,67,43,50 高雄市,1 一般
103,1019,高雄醫學大學,N 修,C 二技,150,15,135,0,0,0,0,6,39,7,56,2,38,0,0,0,0,0,2,50 高雄市,2 技職
103,1019,高雄醫學大學,D 日,X 4+X,20,8,12,8,12,0,0,0,0,0,0,0,0,0,0,0,0,0,0,50 高雄市,1 一般
103,1020,南華大學,D 日,D 博士,24,17,7,3,2,3,2,5,0,4,1,1,2,0,0,1,0,0,0,10 嘉義縣,1 一般
103,1020,南華大學,D 日,M 碩士,691,290,401,97,148,86,137,60,62,46,54,0,0,0,0,0,0,1,0,10 嘉義縣,1 一般
103,1020,南華大學,N 職,M 碩士,488,204,284,62,100,75,102,31,46,21,22,15,14,0,0,0,0,0,0,10 嘉義縣,1 一般
103,1020,南華大學,D 日,B 學士,3926,1969,1957,543,638,446,480,436,413,415,372,0,0,0,0,0,0,129,54,10 嘉義縣,1 一般
103,1020,南華大學,P 進,B 學士,173,111,62,75,46,28,13,2,0,1,0,0,0,0,0,0,0,5,3,10 嘉義縣,1 一般
103,1021,真理大學,D 日,M 碩士,147,86,61,32,20,34,26,17,10,3,5,0,0,0,0,0,0,0,0,01 新北市,1 一般
103,1021,真理大學,N 職,M 碩士,9,5,4,4,3,1,0,0,1,0,0,0,0,0,0,0,0,0,0,01 新北市,1 一般
103,1021,真理大學,D 日,B 學士,8033,3807,4226,914,1136,939,971,856,1031,827,955,0,0,0,0,0,0,271,133,01 新北市,1 一般
103,1021,真理大學,P 進,B 學士,678,336,342,46,39,64,52,95,106,93,105,0,0,0,0,0,0,38,40,01 新北市,1 一般
103,1022,大同大學,D 日,D 博士,150,105,45,15,7,14,11,15,10,19,8,20,5,13,3,9,1,0,0,30 臺北市,1 一般
103,1022,大同大學,D 日,M 碩士,440,328,112,134,56,137,46,39,6,18,4,0,0,0,0,0,0,0,0,30 臺北市,1 一般
103,1022,大同大學,N 職,M 碩士,437,329,108,91,38,81,34,85,18,41,11,31,7,0,0,0,0,0,0,30 臺北市,1 一般
103,1022,大同大學,D 日,B 學士,3683,2410,1273,620,290,581,319,559,326,519,318,0,0,0,0,0,0,131,20,30 臺北市,1 一般
103,1023,南臺科技大學,D 日,D 博士,61,55,6,18,1,15,3,7,1,6,1,6,0,1,0,2,0,0,0,11 臺南市,2 技職
103,1023,南臺科技大學,D 日,M 碩士,1013,663,350,242,145,240,116,132,55,48,32,0,0,0,0,0,0,1,2,11 臺南市,2 技職
103,1023,南臺科技大學,N 職,M 碩士,474,256,218,93,95,74,57,49,28,17,20,15,12,8,6,0,0,0,0,11 臺南市,2 技職
103,1023,南臺科技大學,D 日,B 四技,13130,7037,6093,1783,1491,1713,1485,1635,1428,1629,1498,0,0,0,0,0,0,277,191,11 臺南市,2 技職
103,1023,南臺科技大學,N 修,B 四技,4372,2359,2013,618,480,511,418,511,477,523,496,0,0,0,0,0,0,196,142,11 臺南市,2 技職
103,1023,南臺科技大學,D 日,C 二技,151,46,105,0,0,0,0,31,80,15,25,0,0,0,0,0,0,0,0,11 臺南市,2 技職
103,1023,南臺科技大學,N 修,C 二技,241,113,128,0,0,0,0,68,62,41,55,0,0,0,0,0,0,4,11,11 臺南市,2 技職
103,1024,崑山科技大學,D 日,D 博士,33,30,3,7,1,5,2,6,0,5,0,4,0,3,0,0,0,0,0,11 臺南市,2 技職
103,1024,崑山科技大學,D 日,M 碩士,463,352,111,132,46,163,36,36,22,21,7,0,0,0,0,0,0,0,0,11 臺南市,2 技職
103,1024,崑山科技大學,N 職,M 碩士,190,146,44,67,20,55,22,12,1,12,1,0,0,0,0,0,0,0,0,11 臺南市,2 技職
103,1024,崑山科技大學,D 日,B 四技,8654,5131,3523,1367,937,1246,875,1171,784,1169,810,0,0,0,0,0,0,178,117,11 臺南市,2 技職
103,1024,崑山科技大學,N 修,B 四技,3050,1935,1115,505,343,433,242,403,222,465,263,0,0,0,0,0,0,129,45,11 臺南市,2 技職
103,1024,崑山科技大學,D 日,C 二技,9,5,4,0,0,0,0,3,3,2,1,0,0,0,0,0,0,0,0,11 臺南市,2 技職
103,1024,崑山科技大學,N 修,C 二技,334,231,103,0,0,0,0,104,48,125,55,0,0,0,0,0,0,2,0,11 臺南市,2 技職
103,1024,崑山科技大學,D 日,X 4+X,6,4,2,0,0,0,0,0,0,0,0,0,0,0,0,0,0,4,2,11 臺南市,2 技職
103,1025,嘉南藥理大學,D 日,M 碩士,329,163,166,78,82,62,69,21,12,2,3,0,0,0,0,0,0,0,0,11 臺南市,2 技職
103,1025,嘉南藥理大學,N 職,M 碩士,197,77,120,33,62,35,50,5,6,3,1,0,0,0,0,0,0,1,1,11 臺南市,2 技職
103,1025,嘉南藥理大學,D 日,B 四技,12804,5156,7648,1306,1988,1287,1925,1269,1845,1153,1787,0,0,0,0,0,0,141,103,11 臺南市,2 技職
103,1025,嘉南藥理大學,N 修,B 四技,3188,1628,1560,461,432,345,327,391,377,351,365,0,0,0,0,0,0,80,59,11 臺南市,2 技職
103,1025,嘉南藥理大學,D 日,C 二技,315,45,270,0,0,0,0,23,127,21,141,0,0,0,0,0,0,1,2,11 臺南市,2 技職
103,1025,嘉南藥理大學,N 修,C 二技,187,61,126,0,0,0,0,32,61,25,63,0,0,0,0,0,0,4,2,11 臺南市,2 技職
103,1026,樹德科技大學,D 日,D 博士,23,11,12,3,4,3,0,0,2,0,0,0,0,0,0,0,0,5,6,12 高雄市,2 技職
103,1026,樹德科技大學,D 日,M 碩士,377,180,197,55,67,66,65,0,0,0,0,0,0,0,0,0,0,59,65,12 高雄市,2 技職
103,1026,樹德科技大學,N 職,M 碩士,497,254,243,83,96,82,80,5,6,0,0,0,0,0,0,0,0,84,61,12 高雄市,2 技職
103,1026,樹德科技大學,D 日,B 四技,8238,3545,4693,849,1163,858,1201,800,1137,788,1017,0,0,0,0,0,0,250,175,12 高雄市,2 技職
103,1026,樹德科技大學,N 修,B 四技,1979,1073,906,301,249,190,162,220,195,239,233,0,0,0,0,0,0,123,67,12 高雄市,2 技職
103,1026,樹德科技大學,D 日,C 二技,4,2,2,0,0,0,0,1,2,1,0,0,0,0,0,0,0,0,0,12 高雄市,2 技職
103,1026,樹德科技大學,N 修,C 二技,282,69,213,0,0,0,0,37,113,32,97,0,0,0,0,0,0,0,3,12 高雄市,2 技職
103,1027,慈濟大學,D 日,D 博士,102,54,48,12,15,10,6,5,5,6,4,8,8,7,8,6,2,0,0,15 花蓮縣,1 一般
103,1027,慈濟大學,D 日,M 碩士,330,125,205,54,59,30,59,23,50,18,37,0,0,0,0,0,0,0,0,15 花蓮縣,1 一般
103,1027,慈濟大學,N 職,M 碩士,40,10,30,4,12,0,9,3,8,2,1,1,0,0,0,0,0,0,0,15 花蓮縣,1 一般
103,1027,慈濟大學,D 日,B 學士,2858,1116,1742,230,420,273,427,244,392,205,377,31,21,39,15,40,17,54,73,15 花蓮縣,1 一般
103,1028,臺北醫學大學,D 日,D 博士,402,230,172,38,40,40,30,42,23,31,26,29,31,26,11,24,11,0,0,30 臺北市,1 一般
103,1028,臺北醫學大學,D 日,M 碩士,638,284,354,104,148,136,151,33,30,11,25,0,0,0,0,0,0,0,0,30 臺北市,1 一般
103,1028,臺北醫學大學,N 職,M 碩士,224,44,180,11,56,20,55,10,26,3,43,0,0,0,0,0,0,0,0,30 臺北市,1 一般
103,1028,臺北醫學大學,D 日,B 學士,4544,1997,2547,396,560,404,530,352,613,390,517,132,118,187,74,94,67,42,68,30 臺北市,1 一般
103,1028,臺北醫學大學,N 修,C 二技,121,5,116,0,0,0,0,0,0,1,50,4,61,0,0,0,0,0,5,30 臺北市,2 技職
103,1029,中山醫學大學,D 日,D 博士,227,156,71,33,16,29,10,19,11,28,6,22,11,11,7,14,10,0,0,19 臺中市,1 一般
103,1029,中山醫學大學,D 日,M 碩士,510,219,291,88,124,89,121,28,28,14,18,0,0,0,0,0,0,0,0,19 臺中市,1 一般
103,1029,中山醫學大學,N 職,M 碩士,117,45,72,21,31,17,21,5,18,2,1,0,1,0,0,0,0,0,0,19 臺中市,1 一般
103,1029,中山醫學大學,D 日,B 學士,6393,2709,3684,591,856,542,874,579,831,530,816,152,80,143,81,89,50,83,96,19 臺中市,1 一般
103,1029,中山醫學大學,P 進,B 學士,223,87,136,12,13,11,19,32,50,28,48,0,0,0,0,0,0,4,6,19 臺中市,1 一般
103,1029,中山醫學大學,N 修,C 二技,66,32,34,0,0,0,0,20,25,12,9,0,0,0,0,0,0,0,0,19 臺中市,2 技職
103,1029,中山醫學大學,D 日,X 4+X,30,21,9,0,0,10,4,10,5,0,0,0,0,0,0,0,0,1,0,19 臺中市,1 一般
103,1030,龍華科技大學,D 日,M 碩士,355,275,80,135,41,100,33,33,3,7,3,0,0,0,0,0,0,0,0,03 桃園縣,2 技職
103,1030,龍華科技大學,N 職,M 碩士,85,71,14,24,8,30,2,8,0,9,4,0,0,0,0,0,0,0,0,03 桃園縣,2 技職
103,1030,龍華科技大學,D 日,B 四技,6702,4227,2475,1069,609,1014,648,988,609,972,529,0,0,0,0,0,0,184,80,03 桃園縣,2 技職
103,1030,龍華科技大學,N 修,B 四技,3809,2701,1108,806,301,587,251,582,311,572,202,0,0,0,0,0,0,154,43,03 桃園縣,2 技職
103,1030,龍華科技大學,D 日,C 二技,10,6,4,0,0,0,0,5,3,1,1,0,0,0,0,0,0,0,0,03 桃園縣,2 技職
103,1030,龍華科技大學,N 修,C 二技,244,140,104,0,0,0,0,59,33,70,65,0,0,0,0,0,0,11,6,03 桃園縣,2 技職
103,1030,龍華科技大學,D 日,2 二專,49,34,15,10,5,17,10,0,0,0,0,0,0,0,0,0,0,7,0,03 桃園縣,2 技職
103,1031,輔英科技大學,D 日,M 碩士,128,47,81,22,25,11,21,8,17,6,12,0,0,0,0,0,0,0,6,12 高雄市,2 技職
103,1031,輔英科技大學,N 職,M 碩士,46,2,44,2,15,0,14,0,2,0,8,0,0,0,0,0,0,0,5,12 高雄市,2 技職
103,1031,輔英科技大學,D 日,B 四技,4133,1790,2343,420,571,410,568,419,564,420,527,0,0,0,0,0,0,121,113,12 高雄市,2 技職
103,1031,輔英科技大學,N 修,B 四技,639,395,244,97,61,52,31,80,69,108,72,0,0,0,0,0,0,58,11,12 高雄市,2 技職
103,1031,輔英科技大學,D 日,C 二技,1209,146,1063,0,0,0,0,62,550,80,502,0,0,0,0,0,0,4,11,12 高雄市,2 技職
103,1031,輔英科技大學,N 修,C 二技,553,124,429,0,0,0,0,54,219,41,175,24,19,0,0,0,0,5,16,12 高雄市,2 技職
103,1031,輔英科技大學,D 日,5 五專,3058,294,2764,59,504,50,509,60,552,51,589,62,557,0,0,0,0,12,53,12 高雄市,2 技職
103,1032,明新科技大學,D 日,M 碩士,364,270,94,96,34,91,40,63,17,20,3,0,0,0,0,0,0,0,0,04 新竹縣,2 技職
103,1032,明新科技大學,N 職,M 碩士,236,182,54,67,15,61,21,22,13,19,4,0,0,0,0,0,0,13,1,04 新竹縣,2 技職
103,1032,明新科技大學,D 日,B 四技,8788,5094,3694,1264,875,1279,928,1201,907,1126,880,0,0,0,0,0,0,224,104,04 新竹縣,2 技職
103,1032,明新科技大學,N 修,B 四技,3849,2278,1571,619,383,503,327,469,402,457,349,0,0,0,0,0,0,230,110,04 新竹縣,2 技職
103,1032,明新科技大學,N 修,C 二技,86,13,73,0,0,0,0,5,55,7,14,0,0,0,0,0,0,1,4,04 新竹縣,2 技職
103,1032,明新科技大學,D 日,2 二專,22,11,11,4,6,7,5,0,0,0,0,0,0,0,0,0,0,0,0,04 新竹縣,2 技職
103,1032,明新科技大學,N 修,2 二專,122,21,101,13,42,0,26,0,25,0,0,0,0,0,0,0,0,8,8,04 新竹縣,2 技職
103,1033,長榮大學,D 日,D 博士,38,19,19,5,3,4,3,4,4,1,1,0,6,2,2,3,0,0,0,11 臺南市,1 一般
103,1033,長榮大學,D 日,M 碩士,500,226,274,66,103,78,78,56,50,25,38,0,0,0,0,0,0,1,5,11 臺南市,1 一般
103,1033,長榮大學,N 職,M 碩士,190,108,82,37,24,34,22,18,16,10,9,9,11,0,0,0,0,0,0,11 臺南市,1 一般
103,1033,長榮大學,D 日,B 學士,9100,4330,4770,1036,1236,1092,1171,999,1131,907,1126,0,0,0,0,0,0,296,106,11 臺南市,1 一般
103,1033,長榮大學,P 進,B 學士,645,379,266,195,163,59,31,57,32,57,38,0,0,0,0,0,0,11,2,11 臺南市,1 一般
103,1033,長榮大學,N 修,C 二技,1,0,1,0,0,0,0,0,0,0,0,0,0,0,0,0,0,0,1,11 臺南市,2 技職
103,1034,弘光科技大學,D 日,M 碩士,205,72,133,26,54,27,36,16,36,3,7,0,0,0,0,0,0,0,0,06 臺中市,2 技職
103,1034,弘光科技大學,N 職,M 碩士,99,29,70,11,18,10,25,5,21,3,5,0,0,0,0,0,0,0,1,06 臺中市,2 技職
103,1034,弘光科技大學,D 日,B 四技,7240,2686,4554,668,1136,673,1113,638,1100,579,1063,0,0,0,0,0,0,128,142,06 臺中市,2 技職
103,1034,弘光科技大學,N 修,B 四技,3290,1397,1893,352,439,347,442,324,463,280,434,0,0,0,0,0,0,94,115,06 臺中市,2 技職
103,1034,弘光科技大學,D 日,C 二技,701,22,679,0,0,0,0,13,344,9,333,0,0,0,0,0,0,0,2,06 臺中市,2 技職
103,1034,弘光科技大學,N 修,C 二技,1006,42,964,0,0,0,0,16,358,14,294,12,309,0,0,0,0,0,3,06 臺中市,2 技職
103,1034,弘光科技大學,N 修,2 二專,22,13,9,13,9,0,0,0,0,0,0,0,0,0,0,0,0,0,0,06 臺中市,2 技職
103,1034,弘光科技大學,D 日,5 五專,273,13,260,3,48,2,50,4,50,4,47,0,50,0,0,0,0,0,15,06 臺中市,2 技職
103,1035,中國醫藥大學,D 日,D 博士,337,204,133,37,34,43,21,42,28,38,17,20,17,17,6,7,10,0,0,19 臺中市,1 一般
103,1035,中國醫藥大學,D 日,M 碩士,517,214,303,88,152,94,120,22,26,10,5,0,0,0,0,0,0,0,0,19 臺中市,1 一般
103,1035,中國醫藥大學,N 職,M 碩士,77,25,52,13,22,9,24,2,5,1,1,0,0,0,0,0,0,0,0,19 臺中市,1 一般
103,1035,中國醫藥大學,D 日,B 學士,6355,2959,3396,572,672,551,741,539,736,531,706,334,277,194,111,184,103,54,50,19 臺中市,1 一般
103,1035,中國醫藥大學,N 修,C 二技,84,23,61,0,0,0,0,6,22,8,14,9,24,0,0,0,0,0,1,19 臺中市,2 技職
103,1036,健行科技大學,D 日,M 碩士,348,258,90,102,50,85,27,0,0,0,0,0,0,0,0,0,0,71,13,03 桃園縣,2 技職
103,1036,健行科技大學,N 職,M 碩士,149,60,89,18,55,26,31,0,0,0,0,0,0,0,0,0,0,16,3,03 桃園縣,2 技職
103,1036,健行科技大學,D 日,B 四技,8280,5331,2949,1396,707,1200,638,1205,775,1249,725,0,0,0,0,0,0,281,104,03 桃園縣,2 技職
103,1036,健行科技大學,N 修,B 四技,3466,2165,1301,504,321,418,289,582,331,540,316,0,0,0,0,0,0,121,44,03 桃園縣,2 技職
103,1036,健行科技大學,D 日,C 二技,140,80,60,0,0,0,0,41,35,33,22,0,0,0,0,0,0,6,3,03 桃園縣,2 技職
103,1036,健行科技大學,N 修,C 二技,106,66,40,0,0,0,0,26,20,37,19,0,0,0,0,0,0,3,1,03 桃園縣,2 技職
103,1036,健行科技大學,D 日,2 二專,140,102,38,36,20,63,18,0,0,0,0,0,0,0,0,0,0,3,0,03 桃園縣,2 技職
103,1037,正修科技大學,D 日,D 博士,11,10,1,1,1,2,0,3,0,2,0,1,0,0,0,1,0,0,0,12 高雄市,2 技職
103,1037,正修科技大學,D 日,M 碩士,340,234,106,105,65,83,34,33,5,13,2,0,0,0,0,0,0,0,0,12 高雄市,2 技職
103,1037,正修科技大學,N 職,M 碩士,101,59,42,25,21,28,18,5,1,1,2,0,0,0,0,0,0,0,0,12 高雄市,2 技職
103,1037,正修科技大學,D 日,B 四技,10012,5865,4147,1537,1141,1459,1083,1367,994,1349,885,0,0,0,0,0,0,153,44,12 高雄市,2 技職
103,1037,正修科技大學,N 修,B 四技,6109,3725,2384,941,563,872,544,852,583,809,591,0,0,0,0,0,0,251,103,12 高雄市,2 技職
103,1037,正修科技大學,D 日,C 二技,19,15,4,0,0,0,0,0,0,15,4,0,0,0,0,0,0,0,0,12 高雄市,2 技職
103,1037,正修科技大學,N 修,C 二技,886,434,452,0,0,0,0,216,268,208,180,0,0,0,0,0,0,10,4,12 高雄市,2 技職
103,1037,正修科技大學,D 日,2 二專,16,9,7,0,0,8,6,0,0,0,0,0,0,0,0,0,0,1,1,12 高雄市,2 技職
103,1037,正修科技大學,N 修,2 二專,9,6,3,0,0,6,3,0,0,0,0,0,0,0,0,0,0,0,0,12 高雄市,2 技職
103,1037,正修科技大學,D 日,5 五專,15,15,0,0,0,0,0,0,0,13,0,0,0,0,0,0,0,2,0,12 高雄市,2 技職
103,1038,萬能科技大學,D 日,M 碩士,147,93,54,32,29,26,19,23,5,12,1,0,0,0,0,0,0,0,0,03 桃園縣,2 技職
103,1038,萬能科技大學,N 職,M 碩士,136,69,67,33,48,26,18,2,1,8,0,0,0,0,0,0,0,0,0,03 桃園縣,2 技職
103,1038,萬能科技大學,D 日,B 四技,6360,3434,2926,888,848,918,898,847,649,697,512,0,0,0,0,0,0,84,19,03 桃園縣,2 技職
103,1038,萬能科技大學,N 修,B 四技,3847,2211,1636,532,383,462,360,500,386,594,468,0,0,0,0,0,0,123,39,03 桃園縣,2 技職
103,1038,萬能科技大學,D 日,C 二技,114,38,76,0,0,0,0,17,46,21,30,0,0,0,0,0,0,0,0,03 桃園縣,2 技職
103,1038,萬能科技大學,N 修,C 二技,314,111,203,0,0,0,0,83,140,28,61,0,0,0,0,0,0,0,2,03 桃園縣,2 技職
103,1039,玄奘大學,D 日,D 博士,16,7,9,0,0,0,0,2,1,2,2,0,0,0,0,0,0,3,6,18 新竹市,1 一般
103,1039,玄奘大學,D 日,M 碩士,376,174,202,45,54,52,56,41,50,0,0,0,0,0,0,0,0,36,42,18 新竹市,1 一般
103,1039,玄奘大學,N 職,M 碩士,232,79,153,20,32,14,51,17,34,0,0,0,0,0,0,0,0,28,36,18 新竹市,1 一般
103,1039,玄奘大學,D 日,B 學士,4183,1934,2249,453,570,481,586,462,551,445,483,0,0,0,0,0,0,93,59,18 新竹市,1 一般
103,1039,玄奘大學,P 進,B 學士,1269,644,625,215,219,108,123,124,97,150,133,0,0,0,0,0,0,47,53,18 新竹市,1 一般
103,1039,玄奘大學,N 修,C 二技,62,10,52,0,0,0,0,4,29,6,23,0,0,0,0,0,0,0,0,18 新竹市,2 技職
103,1040,建國科技大學,D 日,M 碩士,210,144,66,66,39,53,22,19,5,6,0,0,0,0,0,0,0,0,0,07 彰化縣,2 技職
103,1040,建國科技大學,D 日,B 四技,7380,4650,2730,1168,710,1183,657,1074,648,1091,652,0,0,0,0,0,0,134,63,07 彰化縣,2 技職
103,1040,建國科技大學,N 修,B 四技,1523,1015,508,283,128,244,96,234,132,207,135,0,0,0,0,0,0,47,17,07 彰化縣,2 技職
103,1040,建國科技大學,D 日,C 二技,27,17,10,0,0,0,0,11,4,6,6,0,0,0,0,0,0,0,0,07 彰化縣,2 技職
103,1040,建國科技大學,N 修,C 二技,293,187,106,0,0,0,0,92,45,92,61,0,0,0,0,0,0,3,0,07 彰化縣,2 技職
103,1040,建國科技大學,D 日,2 二專,36,23,13,0,0,21,13,0,0,0,0,0,0,0,0,0,0,2,0,07 彰化縣,2 技職
103,1040,建國科技大學,N 修,2 二專,5,5,0,0,0,0,0,0,0,0,0,0,0,0,0,0,0,5,0,07 彰化縣,2 技職
103,1041,明志科技大學,D 日,M 碩士,415,353,62,129,32,118,24,79,4,27,2,0,0,0,0,0,0,0,0,01 新北市,2 技職
103,1041,明志科技大學,N 職,M 碩士,46,39,7,12,3,11,2,10,2,4,0,2,0,0,0,0,0,0,0,01 新北市,2 技職
103,1041,明志科技大學,D 日,B 四技,3465,2333,1132,619,274,600,295,528,292,531,263,0,0,0,0,0,0,55,8,01 新北市,2 技職
103,1041,明志科技大學,N 修,B 四技,451,300,151,109,46,71,40,59,29,55,35,0,0,0,0,0,0,6,1,01 新北市,2 技職
103,1041,明志科技大學,N 修,C 二技,47,20,27,0,0,0,0,3,19,12,5,0,0,0,0,0,0,5,3,01 新北市,2 技職
103,1041,明志科技大學,N 修,2 二專,2,0,2,0,0,0,0,0,1,0,0,0,0,0,0,0,0,0,1,01 新北市,2 技職
103,1041,明志科技大學,D 日,5 五專,39,21,18,0,0,0,0,0,0,7,7,14,11,0,0,0,0,0,0,01 新北市,2 技職
103,1042,高苑科技大學,D 日,M 碩士,131,102,29,41,12,43,12,14,3,4,2,0,0,0,0,0,0,0,0,12 高雄市,2 技職
103,1042,高苑科技大學,N 職,M 碩士,289,158,131,83,57,52,71,15,3,6,0,1,0,1,0,0,0,0,0,12 高雄市,2 技職
103,1042,高苑科技大學,D 日,B 四技,5768,3939,1829,986,486,976,435,823,424,1009,439,0,0,0,0,0,0,145,45,12 高雄市,2 技職
103,1042,高苑科技大學,N 修,B 四技,1463,1054,409,294,132,225,76,232,108,225,84,0,0,0,0,0,0,78,9,12 高雄市,2 技職
103,1042,高苑科技大學,D 日,C 二技,58,38,20,0,0,0,0,2,0,32,20,0,0,0,0,0,0,4,0,12 高雄市,2 技職
103,1042,高苑科技大學,N 修,C 二技,2,2,0,0,0,0,0,0,0,0,0,0,0,0,0,0,0,2,0,12 高雄市,2 技職
103,1042,高苑科技大學,D 日,2 二專,12,7,5,3,3,4,2,0,0,0,0,0,0,0,0,0,0,0,0,12 高雄市,2 技職
103,1043,大仁科技大學,D 日,M 碩士,65,38,27,14,10,23,17,0,0,1,0,0,0,0,0,0,0,0,0,13 屏東縣,2 技職
103,1043,大仁科技大學,N 職,M 碩士,145,66,79,45,64,17,8,3,0,1,6,0,1,0,0,0,0,0,0,13 屏東縣,2 技職
103,1043,大仁科技大學,D 日,B 四技,5524,2775,2749,638,656,634,679,680,621,643,618,90,112,0,0,0,0,90,63,13 屏東縣,2 技職
103,1043,大仁科技大學,N 修,B 四技,1020,558,462,130,108,116,96,142,114,133,123,0,0,0,0,0,0,37,21,13 屏東縣,2 技職
103,1043,大仁科技大學,D 日,C 二技,119,39,80,0,0,0,0,7,35,29,41,0,0,0,0,0,0,3,4,13 屏東縣,2 技職
103,1043,大仁科技大學,N 修,C 二技,881,146,735,0,0,0,0,73,382,63,248,8,100,0,0,0,0,2,5,13 屏東縣,2 技職
103,1043,大仁科技大學,D 日,5 五專,3,0,3,0,0,0,0,0,0,0,0,0,0,0,0,0,0,0,3,13 屏東縣,2 技職
103,1044,聖約翰科技大學,D 日,M 碩士,181,173,8,45,5,59,0,43,2,26,1,0,0,0,0,0,0,0,0,01 新北市,2 技職
103,1044,聖約翰科技大學,N 職,M 碩士,90,62,28,19,14,27,13,5,1,11,0,0,0,0,0,0,0,0,0,01 新北市,2 技職
103,1044,聖約翰科技大學,D 日,B 四技,5170,3701,1469,795,358,829,323,883,342,953,385,0,0,0,0,0,0,241,61,01 新北市,2 技職
103,1044,聖約翰科技大學,N 修,B 四技,481,303,178,52,31,42,28,71,55,90,42,0,0,0,0,0,0,48,22,01 新北市,2 技職
103,1044,聖約翰科技大學,D 日,C 二技,3,1,2,0,0,0,0,0,0,1,2,0,0,0,0,0,0,0,0,01 新北市,2 技職
103,1045,嶺東科技大學,D 日,M 碩士,231,119,112,53,50,35,40,20,18,11,4,0,0,0,0,0,0,0,0,19 臺中市,2 技職
103,1045,嶺東科技大學,N 職,M 碩士,106,66,40,41,13,19,22,2,5,4,0,0,0,0,0,0,0,0,0,19 臺中市,2 技職
103,1045,嶺東科技大學,D 日,B 四技,7634,2825,4809,699,1227,660,1185,673,1171,698,1154,0,0,0,0,0,0,95,72,19 臺中市,2 技職
103,1045,嶺東科技大學,N 修,B 四技,2561,1317,1244,349,283,301,268,293,288,264,307,0,0,0,0,0,0,110,98,19 臺中市,2 技職
103,1045,嶺東科技大學,D 日,C 二技,6,3,3,0,0,0,0,1,3,2,0,0,0,0,0,0,0,0,0,19 臺中市,2 技職
103,1045,嶺東科技大學,D 日,2 二專,46,21,25,12,12,9,13,0,0,0,0,0,0,0,0,0,0,0,0,19 臺中市,2 技職
103,1046,中國科技大學,D 日,M 碩士,144,86,58,42,31,29,23,11,4,4,0,0,0,0,0,0,0,0,0,30 臺北市,2 技職
103,1046,中國科技大學,N 職,M 碩士,35,16,19,14,15,2,4,0,0,0,0,0,0,0,0,0,0,0,0,30 臺北市,2 技職
103,1046,中國科技大學,D 日,B 四技,9241,3657,5584,1026,1594,908,1462,861,1307,744,1143,0,0,0,0,0,0,118,78,30 臺北市,2 技職
103,1046,中國科技大學,N 修,B 四技,2603,1350,1253,307,283,299,286,293,325,308,278,0,0,0,0,0,0,143,81,30 臺北市,2 技職
103,1046,中國科技大學,D 日,C 二技,7,4,3,0,0,0,0,1,1,3,2,0,0,0,0,0,0,0,0,30 臺北市,2 技職
103,1046,中國科技大學,N 修,C 二技,32,9,23,0,0,0,0,0,0,9,19,0,0,0,0,0,0,0,4,30 臺北市,2 技職
103,1047,中臺科技大學,D 日,D 博士,20,17,3,2,1,4,0,2,0,3,0,2,1,3,0,1,1,0,0,19 臺中市,2 技職
103,1047,中臺科技大學,D 日,M 碩士,177,71,106,27,34,26,47,0,0,0,0,0,0,0,0,0,0,18,25,19 臺中市,2 技職
103,1047,中臺科技大學,N 職,M 碩士,249,46,203,9,69,18,71,0,0,0,0,0,0,0,0,0,0,19,63,19 臺中市,2 技職
103,1047,中臺科技大學,D 日,B 四技,5831,2225,3606,543,878,518,871,507,878,491,827,0,0,0,0,0,0,166,152,19 臺中市,2 技職
103,1047,中臺科技大學,N 修,B 四技,1764,703,1061,175,259,145,232,169,250,135,231,13,52,0,0,0,0,66,37,19 臺中市,2 技職
103,1047,中臺科技大學,D 日,C 二技,514,92,422,0,0,0,0,45,230,47,187,0,0,0,0,0,0,0,5,19 臺中市,2 技職
103,1047,中臺科技大學,N 修,C 二技,1243,197,1046,0,0,0,0,77,394,53,268,60,368,0,0,0,0,7,16,19 臺中市,2 技職
103,1048,亞洲大學,D 日,D 博士,164,102,62,27,14,16,14,21,10,16,8,8,9,9,3,5,4,0,0,06 臺中市,1 一般
103,1048,亞洲大學,D 日,M 碩士,625,335,290,123,139,115,88,65,37,32,26,0,0,0,0,0,0,0,0,06 臺中市,1 一般
103,1048,亞洲大學,N 職,M 碩士,526,187,339,98,173,69,147,16,13,4,6,0,0,0,0,0,0,0,0,06 臺中市,1 一般
103,1048,亞洲大學,D 日,B 學士,9602,4106,5496,939,1434,979,1357,976,1347,934,1226,0,0,0,0,0,0,278,132,06 臺中市,1 一般
103,1048,亞洲大學,P 進,B 學士,1354,704,650,176,187,166,135,183,142,126,142,0,0,0,0,0,0,53,44,06 臺中市,1 一般
103,1049,開南大學,D 日,M 碩士,298,180,118,62,38,62,35,37,23,19,22,0,0,0,0,0,0,0,0,03 桃園縣,1 一般
103,1049,開南大學,N 職,M 碩士,367,201,166,83,85,75,68,18,3,10,5,0,0,0,0,0,0,15,5,03 桃園縣,1 一般
103,1049,開南大學,D 日,B 學士,7758,3938,3820,829,892,895,848,1005,1004,867,877,0,0,0,0,0,0,342,199,03 桃園縣,1 一般
103,1049,開南大學,P 進,B 學士,1319,696,623,185,159,167,154,168,127,125,142,0,0,0,0,0,0,51,41,03 桃園縣,1 一般
103,1050,佛光大學,D 日,D 博士,47,26,21,9,3,3,6,3,7,3,1,4,2,2,1,2,1,0,0,02 宜蘭縣,1 一般
103,1050,佛光大學,D 日,M 碩士,659,309,350,110,122,68,99,47,67,81,59,0,0,0,0,0,0,3,3,02 宜蘭縣,1 一般
103,1050,佛光大學,N 職,M 碩士,243,149,94,51,50,53,22,18,11,13,6,0,0,0,0,0,0,14,5,02 宜蘭縣,1 一般
103,1050,佛光大學,D 日,B 學士,2803,1287,1516,353,470,331,399,270,355,278,258,0,0,0,0,0,0,55,34,02 宜蘭縣,1 一般
103,1051,台南應用科技大學,D 日,M 碩士,154,34,120,12,53,15,28,0,0,0,0,0,0,0,0,0,0,7,39,11 臺南市,2 技職
103,1051,台南應用科技大學,N 職,M 碩士,159,37,122,10,59,14,38,1,5,0,0,0,0,0,0,0,0,12,20,11 臺南市,2 技職
103,1051,台南應用科技大學,D 日,B 四技,7911,2148,5763,558,1522,511,1466,512,1373,480,1322,0,0,0,0,0,0,87,80,11 臺南市,2 技職
103,1051,台南應用科技大學,N 修,B 四技,2465,895,1570,230,389,207,391,194,379,204,338,0,0,0,0,0,0,60,73,11 臺南市,2 技職
103,1051,台南應用科技大學,D 日,C 二技,676,100,576,0,0,0,0,45,263,54,284,0,0,0,0,0,0,1,29,11 臺南市,2 技職
103,1051,台南應用科技大學,N 修,C 二技,259,50,209,0,0,0,0,20,76,20,93,4,23,0,0,0,0,6,17,11 臺南市,2 技職
103,1051,台南應用科技大學,D 日,5 五專,1211,272,939,51,203,64,178,72,173,34,199,51,184,0,0,0,0,0,2,11 臺南市,2 技職
103,1052,遠東科技大學,D 日,M 碩士,179,144,35,47,16,52,12,29,3,16,4,0,0,0,0,0,0,0,0,11 臺南市,2 技職
103,1052,遠東科技大學,N 職,M 碩士,45,41,4,9,2,13,1,11,1,6,0,2,0,0,0,0,0,0,0,11 臺南市,2 技職
103,1052,遠東科技大學,D 日,B 四技,7858,5112,2746,1119,716,1210,654,1251,632,1367,691,0,0,0,0,0,0,165,53,11 臺南市,2 技職
103,1052,遠東科技大學,N 修,B 四技,604,424,180,101,55,81,40,107,41,120,43,0,0,0,0,0,0,15,1,11 臺南市,2 技職
103,1052,遠東科技大學,D 日,C 二技,12,5,7,0,0,0,0,0,2,4,4,0,0,0,0,0,0,1,1,11 臺南市,2 技職
103,1052,遠東科技大學,N 修,C 二技,67,62,5,0,0,0,0,36,0,26,5,0,0,0,0,0,0,0,0,11 臺南市,2 技職
103,1052,遠東科技大學,N 修,2 二專,45,43,2,20,1,20,1,0,0,0,0,0,0,0,0,0,0,3,0,11 臺南市,2 技職
103,1053,元培醫事科技大學,D 日,M 碩士,222,124,98,51,48,47,35,19,11,7,4,0,0,0,0,0,0,0,0,18 新竹市,2 技職
103,1053,元培醫事科技大學,N 職,M 碩士,26,9,17,2,6,1,5,5,3,0,0,1,3,0,0,0,0,0,0,18 新竹市,2 技職
103,1053,元培醫事科技大學,D 日,B 四技,5676,2838,2838,684,733,633,674,624,676,658,681,0,0,0,0,0,0,239,74,18 新竹市,2 技職
103,1053,元培醫事科技大學,N 修,B 四技,740,433,307,97,74,64,54,81,74,122,75,0,0,0,0,0,0,69,30,18 新竹市,2 技職
103,1053,元培醫事科技大學,D 日,C 二技,57,5,52,0,0,0,0,4,46,1,5,0,0,0,0,0,0,0,1,18 新竹市,2 技職
103,1053,元培醫事科技大學,N 修,C 二技,660,150,510,0,0,0,0,52,193,89,194,9,115,0,0,0,0,0,8,18 新竹市,2 技職
103,1054,景文科技大學,D 日,M 碩士,50,33,17,14,3,13,6,5,6,1,2,0,0,0,0,0,0,0,0,01 新北市,2 技職
103,1054,景文科技大學,N 職,M 碩士,95,63,32,29,15,26,17,7,0,1,0,0,0,0,0,0,0,0,0,01 新北市,2 技職
103,1054,景文科技大學,D 日,B 四技,5914,2544,3370,621,846,590,743,549,833,566,743,0,0,0,0,0,0,218,205,01 新北市,2 技職
103,1054,景文科技大學,N 修,B 四技,1782,883,899,212,218,178,207,209,210,210,225,0,0,0,0,0,0,74,39,01 新北市,2 技職
103,1054,景文科技大學,D 日,C 二技,9,5,4,0,0,0,0,5,3,0,1,0,0,0,0,0,0,0,0,01 新北市,2 技職
103,1054,景文科技大學,N 修,C 二技,511,210,301,0,0,0,0,102,145,98,147,0,0,0,0,0,0,10,9,01 新北市,2 技職
103,1054,景文科技大學,N 修,2 二專,2,2,0,0,0,0,0,0,0,0,0,0,0,0,0,0,0,2,0,01 新北市,2 技職
103,1055,中華醫事科技大學,D 日,M 碩士,46,32,14,13,7,9,3,0,0,0,0,0,0,0,0,0,0,10,4,11 臺南市,2 技職
103,1055,中華醫事科技大學,D 日,B 四技,4389,1972,2417,534,643,460,604,467,606,430,531,0,0,0,0,0,0,81,33,11 臺南市,2 技職
103,1055,中華醫事科技大學,N 修,B 四技,1175,558,617,132,157,83,125,160,156,135,142,3,23,0,0,0,0,45,14,11 臺南市,2 技職
103,1055,中華醫事科技大學,D 日,C 二技,764,114,650,0,0,0,0,46,309,67,331,0,0,0,0,0,0,1,10,11 臺南市,2 技職
103,1055,中華醫事科技大學,N 修,C 二技,693,128,565,0,0,0,0,71,286,50,255,0,0,0,0,0,0,7,24,11 臺南市,2 技職
103,1055,中華醫事科技大學,D 日,2 二專,79,46,33,24,18,19,13,0,0,0,0,0,0,0,0,0,0,3,2,11 臺南市,2 技職
103,1055,中華醫事科技大學,D 日,5 五專,2002,352,1650,76,326,103,338,63,328,59,315,46,322,0,0,0,0,5,21,11 臺南市,2 技職
103,1056,東南科技大學,D 日,M 碩士,127,112,15,47,8,47,5,13,1,5,1,0,0,0,0,0,0,0,0,01 新北市,2 技職
103,1056,東南科技大學,N 職,M 碩士,68,66,2,26,2,32,0,0,0,0,0,0,0,0,0,0,0,8,0,01 新北市,2 技職
103,1056,東南科技大學,D 日,B 四技,6669,4497,2172,1123,655,1167,612,1047,506,965,362,0,0,0,0,0,0,195,37,01 新北市,2 技職
103,1056,東南科技大學,N 修,B 四技,492,345,147,134,52,60,23,74,34,62,32,0,0,0,0,0,0,15,6,01 新北市,2 技職
103,1056,東南科技大學,D 日,C 二技,33,24,9,0,0,0,0,13,5,11,4,0,0,0,0,0,0,0,0,01 新北市,2 技職
103,1056,東南科技大學,N 修,C 二技,115,92,23,0,0,0,0,42,13,50,10,0,0,0,0,0,0,0,0,01 新北市,2 技職
103,1056,東南科技大學,D 日,2 二專,48,27,21,13,13,13,7,0,0,0,0,0,0,0,0,0,0,1,1,01 新北市,2 技職
103,1057,德明財經科技大學,D 日,M 碩士,58,41,17,13,11,14,4,10,1,4,1,0,0,0,0,0,0,0,0,30 臺北市,2 技職
103,1057,德明財經科技大學,N 職,M 碩士,52,32,20,12,13,8,5,11,1,1,1,0,0,0,0,0,0,0,0,30 臺北市,2 技職
103,1057,德明財經科技大學,D 日,B 四技,7194,2462,4732,634,1214,588,1184,620,1190,517,1046,0,0,0,0,0,0,103,98,30 臺北市,2 技職
103,1057,德明財經科技大學,N 修,B 四技,1719,813,906,185,187,158,174,186,231,203,267,0,0,0,0,0,0,81,47,30 臺北市,2 技職
103,1057,德明財經科技大學,D 日,C 二技,50,15,35,0,0,0,0,15,35,0,0,0,0,0,0,0,0,0,0,30 臺北市,2 技職
103,1057,德明財經科技大學,N 修,C 二技,107,47,60,0,0,0,0,24,26,22,34,0,0,0,0,0,0,1,0,30 臺北市,2 技職
103,1057,德明財經科技大學,D 日,2 二專,1,0,1,0,0,0,0,0,0,0,0,0,0,0,0,0,0,0,1,30 臺北市,2 技職
103,1058,明道大學,D 日,D 博士,8,7,1,4,1,3,0,0,0,0,0,0,0,0,0,0,0,0,0,07 彰化縣,1 一般
103,1058,明道大學,D 日,M 碩士,192,100,92,34,42,29,31,24,12,13,7,0,0,0,0,0,0,0,0,07 彰化縣,1 一般
103,1058,明道大學,N 職,M 碩士,71,29,42,15,29,11,11,2,1,1,1,0,0,0,0,0,0,0,0,07 彰化縣,1 一般
103,1058,明道大學,D 日,B 學士,3672,2048,1624,513,404,522,412,522,404,429,374,0,0,0,0,0,0,62,30,07 彰化縣,1 一般
103,1058,明道大學,P 進,B 學士,1732,1068,664,304,178,220,133,248,153,227,182,0,0,0,0,0,0,69,18,07 彰化縣,1 一般
103,1059,康寧大學,D 日,M 碩士,201,92,109,41,56,34,46,9,6,7,1,0,0,0,0,0,0,1,0,21 臺南市,1 一般
103,1059,康寧大學,N 職,M 碩士,182,71,111,45,57,21,50,3,1,2,1,0,0,0,0,0,0,0,2,21 臺南市,1 一般
103,1059,康寧大學,D 日,B 學士,1166,637,529,150,147,184,149,192,140,84,78,0,0,0,0,0,0,27,15,21 臺南市,1 一般
103,1059,康寧大學,P 進,B 學士,456,275,181,120,102,33,31,40,15,65,30,0,0,0,0,0,0,17,3,21 臺南市,1 一般
103,1060,南開科技大學,D 日,M 碩士,112,70,42,28,20,25,15,10,7,7,0,0,0,0,0,0,0,0,0,08 南投縣,2 技職
103,1060,南開科技大學,N 職,M 碩士,143,45,98,12,41,22,44,6,5,5,8,0,0,0,0,0,0,0,0,08 南投縣,2 技職
103,1060,南開科技大學,D 日,B 四技,3600,2413,1187,600,321,618,351,606,288,484,207,0,0,0,0,0,0,105,20,08 南投縣,2 技職
103,1060,南開科技大學,N 修,B 四技,1221,827,394,213,113,147,82,210,88,218,97,0,0,0,0,0,0,39,14,08 南投縣,2 技職
103,1060,南開科技大學,D 日,C 二技,123,89,34,0,0,0,0,44,20,44,13,0,0,0,0,0,0,1,1,08 南投縣,2 技職
103,1060,南開科技大學,D 日,2 二專,18,11,7,6,1,5,6,0,0,0,0,0,0,0,0,0,0,0,0,08 南投縣,2 技職
103,1060,南開科技大學,D 日,5 五專,1129,873,256,132,28,151,42,185,69,196,61,191,47,0,0,0,0,18,9,08 南投縣,2 技職
103,1061,中華科技大學,D 日,M 碩士,295,205,90,97,33,87,45,12,8,9,4,0,0,0,0,0,0,0,0,30 臺北市,2 技職
103,1061,中華科技大學,N 職,M 碩士,128,98,30,49,14,34,14,6,1,4,0,3,0,2,1,0,0,0,0,30 臺北市,2 技職
103,1061,中華科技大學,D 日,B 四技,6656,4294,2362,1038,579,1051,594,1016,553,1001,592,0,0,0,0,0,0,188,44,30 臺北市,2 技職
103,1061,中華科技大學,N 修,B 四技,1011,745,266,182,64,128,54,153,64,187,59,0,0,0,0,0,0,95,25,30 臺北市,2 技職
103,1061,中華科技大學,D 日,C 二技,41,4,37,0,0,0,0,0,14,4,22,0,0,0,0,0,0,0,1,30 臺北市,2 技職
103,1061,中華科技大學,N 修,C 二技,377,196,181,0,0,0,0,106,101,87,77,0,0,0,0,0,0,3,3,30 臺北市,2 技職
103,1061,中華科技大學,N 修,2 二專,4,0,4,0,0,0,0,0,0,0,0,0,0,0,0,0,0,0,4,30 臺北市,2 技職
103,1062,僑光科技大學,D 日,M 碩士,83,51,32,20,19,26,11,0,0,0,0,0,0,0,0,0,0,5,2,19 臺中市,2 技職
103,1062,僑光科技大學,N 職,M 碩士,65,26,39,11,21,14,18,0,0,0,0,0,0,0,0,0,0,1,0,19 臺中市,2 技職
103,1062,僑光科技大學,D 日,B 四技,6248,2460,3788,561,1046,615,1002,629,879,568,807,0,0,0,0,0,0,87,54,19 臺中市,2 技職
103,1062,僑光科技大學,N 修,B 四技,3637,1652,1985,435,488,391,497,342,467,365,430,0,0,0,0,0,0,119,103,19 臺中市,2 技職
103,1062,僑光科技大學,D 日,C 二技,32,11,21,0,0,0,0,10,11,1,10,0,0,0,0,0,0,0,0,19 臺中市,2 技職
103,1062,僑光科技大學,N 修,C 二技,95,37,58,0,0,0,0,28,49,9,9,0,0,0,0,0,0,0,0,19 臺中市,2 技職
103,1062,僑光科技大學,D 日,2 二專,137,79,58,27,27,48,30,0,0,0,0,0,0,0,0,0,0,4,1,19 臺中市,2 技職
103,1062,僑光科技大學,N 修,2 二專,86,45,41,30,19,15,22,0,0,0,0,0,0,0,0,0,0,0,0,19 臺中市,2 技職
103,1062,僑光科技大學,D 日,5 五專,463,146,317,0,0,0,0,0,0,46,101,89,206,0,0,0,0,11,10,19 臺中市,2 技職
103,1063,育達科技大學,D 日,M 碩士,116,68,48,39,32,14,10,8,4,7,2,0,0,0,0,0,0,0,0,05 苗栗縣,2 技職
103,1063,育達科技大學,N 職,M 碩士,90,43,47,19,34,21,11,2,2,1,0,0,0,0,0,0,0,0,0,05 苗栗縣,2 技職
103,1063,育達科技大學,D 日,B 四技,4090,2027,2063,482,539,423,450,468,501,531,496,0,0,0,0,0,0,123,77,05 苗栗縣,2 技職
103,1063,育達科技大學,N 修,B 四技,1303,748,555,178,175,178,93,159,117,181,143,0,0,0,0,0,0,52,27,05 苗栗縣,2 技職
103,1063,育達科技大學,D 日,C 二技,55,13,42,0,0,0,0,5,17,8,24,0,0,0,0,0,0,0,1,05 苗栗縣,2 技職
103,1063,育達科技大學,N 修,C 二技,457,90,367,0,0,0,0,60,283,20,80,0,0,0,0,0,0,10,4,05 苗栗縣,2 技職
103,1064,美和科技大學,D 日,M 碩士,207,87,120,39,35,43,76,0,0,0,0,0,0,0,0,0,0,5,9,13 屏東縣,2 技職
103,1064,美和科技大學,N 職,M 碩士,78,27,51,10,24,11,17,0,0,0,0,0,0,0,0,0,0,6,10,13 屏東縣,2 技職
103,1064,美和科技大學,D 日,B 四技,3508,1586,1922,429,493,406,500,366,452,334,454,0,0,0,0,0,0,51,23,13 屏東縣,2 技職
103,1064,美和科技大學,N 修,B 四技,1009,487,522,151,141,111,120,90,114,110,127,0,0,0,0,0,0,25,20,13 屏東縣,2 技職
103,1064,美和科技大學,D 日,C 二技,412,36,376,0,0,0,0,25,190,11,183,0,0,0,0,0,0,0,3,13 屏東縣,2 技職
103,1064,美和科技大學,N 修,C 二技,956,153,803,0,0,0,0,68,424,53,341,24,32,0,0,0,0,8,6,13 屏東縣,2 技職
103,1064,美和科技大學,N 修,2 二專,21,12,9,8,4,4,5,0,0,0,0,0,0,0,0,0,0,0,0,13 屏東縣,2 技職
103,1064,美和科技大學,D 日,5 五專,1906,185,1721,31,320,37,295,52,332,29,363,25,353,0,0,0,0,11,58,13 屏東縣,2 技職
103,1065,吳鳳科技大學,D 日,M 碩士,30,23,7,8,6,6,1,0,0,0,0,0,0,0,0,0,0,9,0,10 嘉義縣,2 技職
103,1065,吳鳳科技大學,N 職,M 碩士,81,55,26,30,11,21,14,0,0,3,0,0,0,0,0,0,0,1,1,10 嘉義縣,2 技職
103,1065,吳鳳科技大學,D 日,B 四技,4328,2975,1353,745,336,733,342,718,362,691,294,0,0,0,0,0,0,88,19,10 嘉義縣,2 技職
103,1065,吳鳳科技大學,N 修,B 四技,1128,825,303,237,76,193,79,176,88,196,59,0,0,0,0,0,0,23,1,10 嘉義縣,2 技職
103,1065,吳鳳科技大學,N 修,C 二技,13,7,6,0,0,0,0,0,0,7,6,0,0,0,0,0,0,0,0,10 嘉義縣,2 技職
103,1065,吳鳳科技大學,D 日,2 二專,14,8,6,0,0,6,6,0,0,0,0,0,0,0,0,0,0,2,0,10 嘉義縣,2 技職
103,1065,吳鳳科技大學,N 修,2 二專,28,22,6,0,0,19,5,0,0,0,0,0,0,0,0,0,0,3,1,10 嘉義縣,2 技職
103,1066,環球科技大學,D 日,M 碩士,115,52,63,26,40,18,19,0,0,0,0,0,0,0,0,0,0,8,4,09 雲林縣,2 技職
103,1066,環球科技大學,N 職,M 碩士,34,25,9,14,7,11,2,0,0,0,0,0,0,0,0,0,0,0,0,09 雲林縣,2 技職
103,1066,環球科技大學,D 日,B 四技,4374,2140,2234,658,665,432,481,525,560,414,459,0,0,0,0,0,0,111,69,09 雲林縣,2 技職
103,1066,環球科技大學,N 修,B 四技,1096,562,534,181,190,127,133,98,88,156,123,0,0,0,0,0,0,0,0,09 雲林縣,2 技職
103,1066,環球科技大學,D 日,C 二技,38,19,19,0,0,0,0,9,10,10,8,0,0,0,0,0,0,0,1,09 雲林縣,2 技職
103,1066,環球科技大學,N 修,C 二技,309,77,232,0,0,0,0,34,123,43,109,0,0,0,0,0,0,0,0,09 雲林縣,2 技職
103,1066,環球科技大學,D 日,2 二專,34,19,15,0,0,9,4,0,0,0,0,0,0,0,0,0,0,10,11,09 雲林縣,2 技職
103,1066,環球科技大學,N 修,2 二專,358,181,177,107,85,74,92,0,0,0,0,0,0,0,0,0,0,0,0,09 雲林縣,2 技職
103,1067,台灣首府大學,D 日,M 碩士,69,30,39,13,19,15,19,0,0,0,0,0,0,0,0,0,0,2,1,11 臺南市,1 一般
103,1067,台灣首府大學,N 職,M 碩士,7,3,4,3,4,0,0,0,0,0,0,0,0,0,0,0,0,0,0,11 臺南市,1 一般
103,1067,台灣首府大學,D 日,B 學士,3592,2045,1547,591,458,397,345,539,408,465,298,0,0,0,0,0,0,53,38,11 臺南市,1 一般
103,1067,台灣首府大學,P 進,B 學士,890,459,431,90,101,78,71,119,121,144,123,0,0,0,0,0,0,28,15,11 臺南市,1 一般
103,1067,台灣首府大學,N 修,C 二技,52,33,19,0,0,0,0,13,8,16,10,0,0,0,0,0,0,4,1,11 臺南市,2 技職
103,1068,中州科技大學,D 日,M 碩士,71,53,18,18,8,17,6,14,3,4,1,0,0,0,0,0,0,0,0,07 彰化縣,2 技職
103,1068,中州科技大學,N 職,M 碩士,45,31,14,19,10,8,3,4,1,0,0,0,0,0,0,0,0,0,0,07 彰化縣,2 技職
103,1068,中州科技大學,D 日,B 四技,3173,1949,1224,467,312,377,262,443,305,582,322,0,0,0,0,0,0,80,23,07 彰化縣,2 技職
103,1068,中州科技大學,N 修,B 四技,1022,712,310,141,78,138,63,187,82,227,83,0,0,0,0,0,0,19,4,07 彰化縣,2 技職
103,1068,中州科技大學,N 修,C 二技,732,160,572,0,0,0,0,121,441,39,130,0,0,0,0,0,0,0,1,07 彰化縣,2 技職
103,1068,中州科技大學,D 日,2 二專,31,31,0,12,0,19,0,0,0,0,0,0,0,0,0,0,0,0,0,07 彰化縣,2 技職
103,1069,修平科技大學,D 日,M 碩士,72,50,22,20,15,15,6,0,0,0,0,0,0,0,0,0,0,15,1,06 臺中市,2 技職
103,1069,修平科技大學,D 日,B 四技,5636,3587,2049,971,581,856,485,880,500,749,439,0,0,0,0,0,0,131,44,06 臺中市,2 技職
103,1069,修平科技大學,N 修,B 四技,872,758,114,156,31,112,14,129,19,269,37,0,0,0,0,0,0,92,13,06 臺中市,2 技職
103,1069,修平科技大學,D 日,2 二專,14,14,0,0,0,14,0,0,0,0,0,0,0,0,0,0,0,0,0,06 臺中市,2 技職
103,1069,修平科技大學,N 修,2 二專,38,28,10,16,9,11,1,0,0,0,0,0,0,0,0,0,0,1,0,06 臺中市,2 技職
103,1070,長庚科技大學,D 日,M 碩士,38,3,35,2,26,1,9,0,0,0,0,0,0,0,0,0,0,0,0,03 桃園縣,2 技職
103,1070,長庚科技大學,N 職,M 碩士,34,2,32,0,9,2,8,0,8,0,0,0,0,0,0,0,0,0,7,03 桃園縣,2 技職
103,1070,長庚科技大學,D 日,B 四技,2392,230,2162,64,590,61,563,54,569,48,425,0,0,0,0,0,0,3,15,03 桃園縣,2 技職
103,1070,長庚科技大學,D 日,C 二技,1460,52,1408,0,0,0,0,23,707,29,699,0,0,0,0,0,0,0,2,03 桃園縣,2 技職
103,1070,長庚科技大學,N 修,C 二技,1985,83,1902,0,0,0,0,36,713,22,654,23,520,0,0,0,0,2,15,03 桃園縣,2 技職
103,1070,長庚科技大學,D 日,5 五專,1686,85,1601,17,210,16,208,9,260,21,399,22,489,0,0,0,0,0,35,03 桃園縣,2 技職
103,1071,臺北城市科技大學,D 日,M 碩士,101,80,21,30,10,32,8,12,3,6,0,0,0,0,0,0,0,0,0,30 臺北市,2 技職
103,1071,臺北城市科技大學,D 日,B 四技,6902,4189,2713,1067,775,1006,719,940,632,966,543,0,0,0,0,0,0,210,44,30 臺北市,2 技職
103,1071,臺北城市科技大學,N 修,B 四技,934,634,300,168,60,119,44,141,80,149,103,0,0,0,0,0,0,57,13,30 臺北市,2 技職
103,1071,臺北城市科技大學,D 日,C 二技,62,34,28,0,0,0,0,16,15,15,13,0,0,0,0,0,0,3,0,30 臺北市,2 技職
103,1071,臺北城市科技大學,D 日,2 二專,175,108,67,48,46,45,20,0,0,0,0,0,0,0,0,0,0,15,1,30 臺北市,2 技職
103,1071,臺北城市科技大學,N 修,2 二專,80,48,32,20,12,24,17,0,0,0,0,0,0,0,0,0,0,4,3,30 臺北市,2 技職
103,1071,臺北城市科技大學,D 日,5 五專,1578,1105,473,188,78,230,101,239,109,226,93,195,81,0,0,0,0,27,11,30 臺北市,2 技職
103,1072,大華科技大學,D 日,M 碩士,28,28,0,12,0,11,0,0,0,0,0,0,0,0,0,0,0,5,0,04 新竹縣,2 技職
103,1072,大華科技大學,N 職,M 碩士,6,6,0,0,0,3,0,0,0,0,0,0,0,0,0,0,0,3,0,04 新竹縣,2 技職
103,1072,大華科技大學,D 日,B 四技,1534,1007,527,194,89,174,108,284,138,282,169,0,0,0,0,0,0,73,23,04 新竹縣,2 技職
103,1072,大華科技大學,N 修,B 四技,811,564,247,127,42,133,63,125,64,133,66,0,0,0,0,0,0,46,12,04 新竹縣,2 技職
103,1072,大華科技大學,D 日,C 二技,74,42,32,0,0,0,0,20,17,20,15,0,0,0,0,0,0,2,0,04 新竹縣,2 技職
103,1072,大華科技大學,N 修,C 二技,464,371,93,0,0,0,0,276,78,92,15,0,0,0,0,0,0,3,0,04 新竹縣,2 技職
103,1072,大華科技大學,N 修,2 二專,74,60,14,60,14,0,0,0,0,0,0,0,0,0,0,0,0,0,0,04 新竹縣,2 技職
103,1072,大華科技大學,D 日,5 五專,1273,718,555,86,59,165,112,195,161,151,113,110,107,0,0,0,0,11,3,04 新竹縣,2 技職
103,1073,醒吾科技大學,D 日,M 碩士,84,48,36,24,15,24,17,0,4,0,0,0,0,0,0,0,0,0,0,01 新北市,2 技職
103,1073,醒吾科技大學,N 職,M 碩士,48,30,18,16,12,14,6,0,0,0,0,0,0,0,0,0,0,0,0,01 新北市,2 技職
103,1073,醒吾科技大學,D 日,B 四技,5911,2456,3455,578,942,652,869,616,820,515,767,0,0,0,0,0,0,95,57,01 新北市,2 技職
103,1073,醒吾科技大學,N 修,B 四技,1410,791,619,167,197,163,147,165,127,233,112,0,0,0,0,0,0,63,36,01 新北市,2 技職
103,1073,醒吾科技大學,D 日,2 二專,27,14,13,6,8,8,5,0,0,0,0,0,0,0,0,0,0,0,0,01 新北市,2 技職
103,1073,醒吾科技大學,D 日,5 五專,1323,432,891,52,105,106,208,101,224,102,211,66,136,0,0,0,0,5,7,01 新北市,2 技職
103,1074,南榮科技大學,D 日,M 碩士,25,10,15,5,10,5,5,0,0,0,0,0,0,0,0,0,0,0,0,11 臺南市,2 技職
103,1074,南榮科技大學,N 職,M 碩士,34,16,18,9,10,6,8,1,0,0,0,0,0,0,0,0,0,0,0,11 臺南市,2 技職
103,1074,南榮科技大學,D 日,B 四技,1614,972,642,395,229,177,141,178,123,191,136,0,0,0,0,0,0,31,13,11 臺南市,2 技職
103,1074,南榮科技大學,N 修,B 四技,1102,766,336,164,109,176,69,263,95,150,58,0,0,0,0,0,0,13,5,11 臺南市,2 技職
103,1074,南榮科技大學,D 日,C 二技,24,23,1,0,0,0,0,7,1,16,0,0,0,0,0,0,0,0,0,11 臺南市,2 技職
103,1074,南榮科技大學,N 修,C 二技,131,62,69,0,0,0,0,22,23,38,46,0,0,0,0,0,0,2,0,11 臺南市,2 技職
103,1074,南榮科技大學,N 修,2 二專,351,204,147,89,67,112,78,0,0,0,0,0,0,0,0,0,0,3,2,11 臺南市,2 技職
103,1074,南榮科技大學,D 日,5 五專,317,232,85,16,10,56,18,68,24,50,22,38,11,0,0,0,0,4,0,11 臺南市,2 技職
103,1075,文藻外語大學,D 日,M 碩士,86,22,64,12,22,7,17,1,17,2,8,0,0,0,0,0,0,0,0,50 高雄市,2 技職
103,1075,文藻外語大學,N 職,M 碩士,72,26,46,7,18,8,11,0,0,0,0,0,0,0,0,0,0,11,17,50 高雄市,2 技職
103,1075,文藻外語大學,D 日,B 四技,5108,1013,4095,226,1016,230,1005,267,933,217,927,0,0,0,0,0,0,73,214,50 高雄市,2 技職
103,1075,文藻外語大學,N 修,B 四技,1765,497,1268,141,335,128,274,84,267,94,278,0,0,0,0,0,0,50,114,50 高雄市,2 技職
103,1075,文藻外語大學,D 日,C 二技,327,36,291,0,0,0,0,23,135,6,128,0,0,0,0,0,0,7,28,50 高雄市,2 技職
103,1075,文藻外語大學,N 修,C 二技,137,33,104,0,0,0,0,23,64,9,31,0,0,0,0,0,0,1,9,50 高雄市,2 技職
103,1075,文藻外語大學,D 日,5 五專,1768,264,1504,59,303,60,282,49,301,48,310,46,292,0,0,0,0,2,16,50 高雄市,2 技職
103,1076,華夏科技大學,D 日,M 碩士,21,20,1,14,0,6,1,0,0,0,0,0,0,0,0,0,0,0,0,01 新北市,2 技職
103,1076,華夏科技大學,N 職,M 碩士,65,47,18,18,5,11,11,0,0,0,0,0,0,0,0,0,0,18,2,01 新北市,2 技職
103,1076,華夏科技大學,D 日,B 四技,3159,1968,1191,537,290,483,332,422,298,448,253,0,0,0,0,0,0,78,18,01 新北市,2 技職
103,1076,華夏科技大學,N 修,B 四技,1035,670,365,199,104,111,56,131,88,180,90,0,0,0,0,0,0,49,27,01 新北市,2 技職
103,1076,華夏科技大學,D 日,C 二技,99,75,24,0,0,0,0,37,13,36,11,0,0,0,0,0,0,2,0,01 新北市,2 技職
103,1076,華夏科技大學,N 修,C 二技,121,102,19,0,0,0,0,39,6,58,10,0,0,0,0,0,0,5,3,01 新北市,2 技職
103,1076,華夏科技大學,N 修,2 二專,345,149,196,62,64,79,116,0,0,0,0,0,0,0,0,0,0,8,16,01 新北市,2 技職
103,1076,華夏科技大學,D 日,5 五專,473,390,83,73,14,83,18,84,19,76,16,68,16,0,0,0,0,6,0,01 新北市,2 技職
103,1125,興國管理學院,D 日,B 學士,197,116,81,41,25,33,29,18,14,18,10,0,0,0,0,0,0,6,3,21 臺南市,1 一般
103,1125,興國管理學院,P 進,B 學士,197,128,69,0,0,29,9,46,38,43,19,0,0,0,0,0,0,10,3,21 臺南市,1 一般
103,1125,興國管理學院,N 修,C 二技,80,54,26,0,0,0,0,0,0,51,24,0,0,0,0,0,0,3,2,21 臺南市,2 技職
103,1148,大漢技術學院,D 日,M 碩士,73,56,17,33,7,21,8,0,0,0,0,0,0,0,0,0,0,2,2,15 花蓮縣,2 技職
103,1148,大漢技術學院,D 日,B 四技,942,608,334,125,60,120,70,144,84,176,99,0,0,0,0,0,0,43,21,15 花蓮縣,2 技職
103,1148,大漢技術學院,N 修,B 四技,542,335,207,100,48,85,56,59,44,84,53,0,0,0,0,0,0,7,6,15 花蓮縣,2 技職
103,1148,大漢技術學院,D 日,C 二技,1,0,1,0,0,0,0,0,0,0,0,0,0,0,0,0,0,0,1,15 花蓮縣,2 技職
103,1148,大漢技術學院,N 修,C 二技,249,175,74,0,0,0,0,98,37,76,35,0,0,0,0,0,0,1,2,15 花蓮縣,2 技職
103,1148,大漢技術學院,N 修,2 二專,215,111,104,56,64,54,39,0,0,0,0,0,0,0,0,0,0,1,1,15 花蓮縣,2 技職
103,1150,慈濟技術學院,D 日,M 碩士,20,14,6,6,2,5,3,2,0,0,1,0,0,0,0,0,0,1,0,15 花蓮縣,2 技職
103,1150,慈濟技術學院,D 日,B 四技,1124,545,579,165,169,124,126,107,120,111,147,0,0,0,0,0,0,38,17,15 花蓮縣,2 技職
103,1150,慈濟技術學院,D 日,C 二技,253,14,239,0,0,0,0,10,124,4,115,0,0,0,0,0,0,0,0,15 花蓮縣,2 技職
103,1150,慈濟技術學院,N 修,C 二技,106,5,101,0,0,0,0,5,53,0,45,0,0,0,0,0,0,0,3,15 花蓮縣,2 技職
103,1150,慈濟技術學院,D 日,5 五專,1208,115,1093,34,221,27,222,23,221,14,233,16,180,0,0,0,0,1,16,15 花蓮縣,2 技職
103,1159,和春技術學院,D 日,M 碩士,10,10,0,7,0,0,0,0,0,3,0,0,0,0,0,0,0,0,0,12 高雄市,2 技職
103,1159,和春技術學院,D 日,B 四技,1439,973,466,192,101,194,94,265,124,220,116,0,0,0,0,0,0,102,31,12 高雄市,2 技職
103,1159,和春技術學院,N 修,B 四技,739,534,205,135,52,107,47,124,54,121,42,0,0,0,0,0,0,47,10,12 高雄市,2 技職
103,1159,和春技術學院,D 日,C 二技,20,13,7,0,0,0,0,11,3,2,4,0,0,0,0,0,0,0,0,12 高雄市,2 技職
103,1159,和春技術學院,N 修,C 二技,117,91,26,0,0,0,0,60,17,29,9,0,0,0,0,0,0,2,0,12 高雄市,2 技職
103,1159,和春技術學院,N 修,2 二專,193,169,24,74,13,82,11,0,0,0,0,0,0,0,0,0,0,13,0,12 高雄市,2 技職
103,1159,和春技術學院,D 日,5 五專,400,234,166,29,22,48,35,54,30,53,32,44,44,0,0,0,0,6,3,12 高雄市,2 技職
103,1164,致理技術學院,D 日,M 碩士,21,7,14,1,9,3,3,0,0,0,0,0,0,0,0,0,0,3,2,01 新北市,2 技職
103,1164,致理技術學院,N 職,M 碩士,27,8,19,3,7,3,6,1,5,0,0,0,0,0,0,0,0,1,1,01 新北市,2 技職
103,1164,致理技術學院,D 日,B 四技,6284,1878,4406,434,1127,473,1090,444,980,429,1088,0,0,0,0,0,0,98,121,01 新北市,2 技職
103,1164,致理技術學院,N 修,B 四技,2906,916,1990,237,525,236,465,211,449,183,459,0,0,0,0,0,0,49,92,01 新北市,2 技職
103,1164,致理技術學院,D 日,C 二技,453,169,284,0,0,0,0,83,155,74,116,0,0,0,0,0,0,12,13,01 新北市,2 技職
103,1164,致理技術學院,N 修,C 二技,232,80,152,0,0,0,0,49,96,28,53,0,0,0,0,0,0,3,3,01 新北市,2 技職
103,1164,致理技術學院,D 日,2 二專,238,136,102,54,36,76,60,0,0,0,0,0,0,0,0,0,0,6,6,01 新北市,2 技職
103,1164,致理技術學院,D 日,5 五專,1590,283,1307,60,268,51,277,63,268,54,265,46,217,0,0,0,0,9,12,01 新北市,2 技職
103,1166,亞東技術學院,D 日,M 碩士,61,47,14,17,5,10,6,0,0,0,0,0,0,0,0,0,0,20,3,01 新北市,2 技職
103,1166,亞東技術學院,D 日,B 四技,4714,3283,1431,791,338,815,342,829,384,725,343,0,0,0,0,0,0,123,24,01 新北市,2 技職
103,1166,亞東技術學院,N 修,B 四技,198,159,39,0,0,0,0,0,0,110,25,0,0,0,0,0,0,49,14,01 新北市,2 技職
103,1166,亞東技術學院,D 日,C 二技,163,6,157,0,0,0,0,0,66,5,87,0,0,0,0,0,0,1,4,01 新北市,2 技職
103,1166,亞東技術學院,N 修,C 二技,94,0,94,0,0,0,0,0,26,0,23,0,42,0,0,0,0,0,3,01 新北市,2 技職
103,1166,亞東技術學院,D 日,2 二專,33,25,8,11,3,14,5,0,0,0,0,0,0,0,0,0,0,0,0,01 新北市,2 技職
103,1168,桃園創新技術學院,D 日,M 碩士,45,40,5,18,4,20,1,0,0,0,0,0,0,0,0,0,0,2,0,03 桃園縣,2 技職
103,1168,桃園創新技術學院,D 日,B 四技,4483,2462,2021,500,408,532,503,623,545,664,501,0,0,0,0,0,0,143,64,03 桃園縣,2 技職
103,1168,桃園創新技術學院,N 修,B 四技,1258,767,491,205,100,146,101,148,113,217,152,0,0,0,0,0,0,51,25,03 桃園縣,2 技職
103,1168,桃園創新技術學院,D 日,C 二技,49,30,19,0,0,0,0,20,12,10,7,0,0,0,0,0,0,0,0,03 桃園縣,2 技職
103,1168,桃園創新技術學院,D 日,2 二專,245,150,95,62,39,84,56,0,0,0,0,0,0,0,0,0,0,4,0,03 桃園縣,2 技職
103,1176,稻江科技暨管理學院,D 日,M 碩士,67,31,36,11,23,9,12,6,0,5,1,0,0,0,0,0,0,0,0,10 嘉義縣,1 一般
103,1176,稻江科技暨管理學院,N 職,M 碩士,52,26,26,23,23,3,3,0,0,0,0,0,0,0,0,0,0,0,0,10 嘉義縣,1 一般
103,1176,稻江科技暨管理學院,D 日,B 學士,1755,777,978,237,280,164,135,196,285,149,265,0,0,0,0,0,0,31,13,10 嘉義縣,1 一般
103,1176,稻江科技暨管理學院,P 進,B 學士,794,321,473,57,102,73,103,86,141,86,110,0,0,0,0,0,0,19,17,10 嘉義縣,1 一般
103,1176,稻江科技暨管理學院,N 修,C 二技,51,17,34,0,0,0,0,17,34,0,0,0,0,0,0,0,0,0,0,10 嘉義縣,2 技職
103,1179,德霖技術學院,D 日,B 四技,3170,1883,1287,447,378,390,344,429,290,504,250,0,0,0,0,0,0,113,25,01 新北市,2 技職
103,1179,德霖技術學院,N 修,B 四技,1342,926,416,155,80,245,111,202,93,242,109,0,0,0,0,0,0,82,23,01 新北市,2 技職
103,1179,德霖技術學院,D 日,C 二技,136,48,88,0,0,0,0,25,46,23,42,0,0,0,0,0,0,0,0,01 新北市,2 技職
103,1179,德霖技術學院,N 修,C 二技,506,333,173,0,0,0,0,178,92,136,79,0,0,0,0,0,0,19,2,01 新北市,2 技職
103,1179,德霖技術學院,D 日,2 二專,183,114,69,46,32,66,34,0,0,0,0,0,0,0,0,0,0,2,3,01 新北市,2 技職
103,1179,德霖技術學院,N 修,2 二專,436,268,168,164,103,90,60,0,0,0,0,0,0,0,0,0,0,14,5,01 新北市,2 技職
103,1179,德霖技術學院,D 日,5 五專,1809,1204,605,197,118,243,138,271,148,206,123,263,75,0,0,0,0,24,3,01 新北市,2 技職
103,1182,蘭陽技術學院,D 日,B 四技,1158,691,467,89,92,141,84,180,113,204,138,0,0,0,0,0,0,77,40,02 宜蘭縣,2 技職
103,1182,蘭陽技術學院,N 修,B 四技,12,10,2,0,0,0,0,0,0,9,2,0,0,0,0,0,0,1,0,02 宜蘭縣,2 技職
103,1182,蘭陽技術學院,D 日,C 二技,77,41,36,0,0,0,0,4,8,32,24,0,0,0,0,0,0,5,4,02 宜蘭縣,2 技職
103,1182,蘭陽技術學院,N 修,C 二技,1,1,0,0,0,0,0,0,0,0,0,0,0,0,0,0,0,1,0,02 宜蘭縣,2 技職
103,1182,蘭陽技術學院,D 日,2 二專,17,15,2,0,0,12,2,0,0,0,0,0,0,0,0,0,0,3,0,02 宜蘭縣,2 技職
103,1182,蘭陽技術學院,N 修,2 二專,3,3,0,0,0,0,0,0,0,0,0,0,0,0,0,0,0,3,0,02 宜蘭縣,2 技職
103,1182,蘭陽技術學院,D 日,5 五專,840,510,330,60,35,93,52,136,94,111,59,95,82,0,0,0,0,15,8,02 宜蘭縣,2 技職
103,1183,黎明技術學院,D 日,B 四技,2638,1524,1114,390,385,369,296,395,243,329,185,0,0,0,0,0,0,41,5,01 新北市,2 技職
103,1183,黎明技術學院,N 修,B 四技,806,532,274,146,79,126,64,108,47,152,84,0,0,0,0,0,0,0,0,01 新北市,2 技職
103,1183,黎明技術學院,D 日,C 二技,28,1,27,0,0,0,0,0,9,1,18,0,0,0,0,0,0,0,0,01 新北市,2 技職
103,1183,黎明技術學院,N 修,C 二技,51,1,50,0,0,0,0,0,41,1,9,0,0,0,0,0,0,0,0,01 新北市,2 技職
103,1183,黎明技術學院,N 修,2 二專,136,11,125,6,72,5,53,0,0,0,0,0,0,0,0,0,0,0,0,01 新北市,2 技職
103,1183,黎明技術學院,D 日,5 五專,943,827,116,131,27,175,25,181,28,148,27,186,9,0,0,0,0,6,0,01 新北市,2 技職
103,1184,東方設計學院,D 日,D 博士,3,2,1,2,1,0,0,0,0,0,0,0,0,0,0,0,0,0,0,12 高雄市,2 技職
103,1184,東方設計學院,D 日,M 碩士,47,18,29,11,15,4,8,0,0,0,0,0,0,0,0,0,0,3,6,12 高雄市,2 技職
103,1184,東方設計學院,N 職,M 碩士,63,32,31,15,16,10,8,0,0,0,0,0,0,0,0,0,0,7,7,12 高雄市,2 技職
103,1184,東方設計學院,D 日,B 四技,2046,1015,1031,229,235,268,281,272,281,204,208,0,0,0,0,0,0,42,26,12 高雄市,2 技職
103,1184,東方設計學院,N 修,B 四技,152,106,46,13,11,18,13,31,16,33,5,0,0,0,0,0,0,11,1,12 高雄市,2 技職
103,1184,東方設計學院,D 日,C 二技,60,29,31,0,0,0,0,18,16,10,14,0,0,0,0,0,0,1,1,12 高雄市,2 技職
103,1184,東方設計學院,D 日,2 二專,11,6,5,0,0,4,5,0,0,0,0,0,0,0,0,0,0,2,0,12 高雄市,2 技職
103,1184,東方設計學院,D 日,5 五專,1591,660,931,119,156,155,237,209,246,115,183,57,101,0,0,0,0,5,8,12 高雄市,2 技職
103,1185,經國管理暨健康學院,D 日,M 碩士,23,7,16,4,6,2,7,1,2,0,1,0,0,0,0,0,0,0,0,17 基隆市,2 技職
103,1185,經國管理暨健康學院,N 職,M 碩士,44,9,35,1,19,6,14,2,1,0,0,0,0,0,0,0,0,0,1,17 基隆市,2 技職
103,1185,經國管理暨健康學院,D 日,B 四技,1749,677,1072,217,307,154,255,153,240,121,227,0,0,0,0,0,0,32,43,17 基隆市,2 技職
103,1185,經國管理暨健康學院,N 修,B 四技,362,157,205,30,44,28,33,46,53,41,69,0,0,0,0,0,0,12,6,17 基隆市,2 技職
103,1185,經國管理暨健康學院,D 日,C 二技,118,3,115,0,0,0,0,1,57,1,57,0,0,0,0,0,0,1,1,17 基隆市,2 技職
103,1185,經國管理暨健康學院,N 修,C 二技,172,4,168,0,0,0,0,3,94,1,70,0,0,0,0,0,0,0,4,17 基隆市,2 技職
103,1185,經國管理暨健康學院,D 日,5 五專,1636,357,1279,97,276,81,278,79,277,48,206,44,209,0,0,0,0,8,33,17 基隆市,2 技職
103,1187,崇右技術學院,D 日,M 碩士,40,16,24,10,19,6,5,0,0,0,0,0,0,0,0,0,0,0,0,17 基隆市,2 技職
103,1187,崇右技術學院,D 日,B 四技,2264,996,1268,266,321,238,272,236,344,209,274,0,0,0,0,0,0,47,57,17 基隆市,2 技職
103,1187,崇右技術學院,D 日,C 二技,1,0,1,0,0,0,0,0,1,0,0,0,0,0,0,0,0,0,0,17 基隆市,2 技職
103,1187,崇右技術學院,D 日,5 五專,913,381,532,56,51,76,74,77,156,89,121,79,119,0,0,0,0,4,11,17 基隆市,2 技職
103,1188,大同技術學院,D 日,B 四技,1765,813,952,183,280,227,258,188,194,180,203,0,0,0,0,0,0,35,17,20 嘉義市,2 技職
103,1188,大同技術學院,N 修,B 四技,524,223,301,53,64,52,79,57,66,47,78,0,0,0,0,0,0,14,14,20 嘉義市,2 技職
103,1188,大同技術學院,D 日,C 二技,11,3,8,0,0,0,0,0,0,3,8,0,0,0,0,0,0,0,0,20 嘉義市,2 技職
103,1188,大同技術學院,N 修,C 二技,328,86,242,0,0,0,0,49,146,33,92,0,0,0,0,0,0,4,4,20 嘉義市,2 技職
103,1188,大同技術學院,N 修,2 二專,54,24,30,6,14,16,14,0,0,0,0,0,0,0,0,0,0,2,2,20 嘉義市,2 技職
103,1188,大同技術學院,D 日,5 五專,231,114,117,14,13,28,34,30,29,21,20,20,21,0,0,0,0,1,0,20 嘉義市,2 技職
103,1189,亞太創意技術學院,D 日,M 碩士,61,29,32,15,18,10,13,4,1,0,0,0,0,0,0,0,0,0,0,05 苗栗縣,2 技職
103,1189,亞太創意技術學院,D 日,B 四技,1212,683,529,98,75,122,92,167,138,233,189,0,0,0,0,0,0,63,35,05 苗栗縣,2 技職
103,1189,亞太創意技術學院,N 修,B 四技,1,0,1,0,0,0,0,0,0,0,0,0,0,0,0,0,0,0,1,05 苗栗縣,2 技職
103,1189,亞太創意技術學院,D 日,C 二技,111,9,102,0,0,0,0,0,0,9,102,0,0,0,0,0,0,0,0,05 苗栗縣,2 技職
103,1189,亞太創意技術學院,N 修,C 二技,216,15,201,0,0,0,0,0,0,15,201,0,0,0,0,0,0,0,0,05 苗栗縣,2 技職
103,1189,亞太創意技術學院,N 修,2 二專,201,6,195,0,0,6,195,0,0,0,0,0,0,0,0,0,0,0,0,05 苗栗縣,2 技職
103,1192,臺灣觀光學院,D 日,M 碩士,20,7,13,6,6,1,7,0,0,0,0,0,0,0,0,0,0,0,0,15 花蓮縣,2 技職
103,1192,臺灣觀光學院,D 日,B 四技,1141,605,536,101,123,111,118,155,133,201,150,0,0,0,0,0,0,37,12,15 花蓮縣,2 技職
103,1192,臺灣觀光學院,N 修,B 四技,145,57,88,20,25,8,19,15,18,10,25,0,0,0,0,0,0,4,1,15 花蓮縣,2 技職
103,1192,臺灣觀光學院,D 日,C 二技,59,26,33,0,0,0,0,7,15,19,18,0,0,0,0,0,0,0,0,15 花蓮縣,2 技職
103,1192,臺灣觀光學院,N 修,C 二技,60,29,31,0,0,0,0,20,19,9,11,0,0,0,0,0,0,0,1,15 花蓮縣,2 技職
103,1192,臺灣觀光學院,N 修,X 4+X,10,1,9,1,9,0,0,0,0,0,0,0,0,0,0,0,0,0,0,15 花蓮縣,2 技職
103,1192,臺灣觀光學院,D 日,2 二專,29,16,13,11,8,4,4,0,0,0,0,0,0,0,0,0,0,1,1,15 花蓮縣,2 技職
103,1192,臺灣觀光學院,N 修,2 二專,104,48,56,19,22,26,33,0,0,0,0,0,0,0,0,0,0,3,1,15 花蓮縣,2 技職
103,1192,臺灣觀光學院,D 日,5 五專,191,71,120,21,51,31,35,0,0,0,0,19,32,0,0,0,0,0,2,15 花蓮縣,2 技職
103,1194,台北海洋技術學院,D 日,B 四技,3939,2078,1861,549,580,520,492,525,436,431,329,0,0,0,0,0,0,53,24,30 臺北市,2 技職
103,1194,台北海洋技術學院,N 修,B 四技,207,126,81,21,9,24,12,28,24,40,33,0,0,0,0,0,0,13,3,30 臺北市,2 技職
103,1194,台北海洋技術學院,D 日,C 二技,204,151,53,0,0,0,0,86,26,64,26,0,0,0,0,0,0,1,1,30 臺北市,2 技職
103,1194,台北海洋技術學院,N 修,C 二技,97,41,56,0,0,0,0,14,31,26,25,0,0,0,0,0,0,1,0,30 臺北市,2 技職
103,1194,台北海洋技術學院,D 日,X 4+X,86,75,11,35,7,40,4,0,0,0,0,0,0,0,0,0,0,0,0,30 臺北市,2 技職
103,1194,台北海洋技術學院,D 日,2 二專,337,274,63,149,34,114,23,0,0,0,0,0,0,0,0,0,0,11,6,30 臺北市,2 技職
103,1194,台北海洋技術學院,N 修,2 二專,142,132,10,74,7,52,3,0,0,0,0,0,0,0,0,0,0,6,0,30 臺北市,2 技職
103,1194,台北海洋技術學院,D 日,5 五專,1404,868,536,158,114,178,134,193,109,178,101,152,75,0,0,0,0,9,3,30 臺北市,2 技職
103,1195,馬偕醫學院,D 日,M 碩士,10,6,4,3,1,3,3,0,0,0,0,0,0,0,0,0,0,0,0,01 新北市,1 一般
103,1195,馬偕醫學院,D 日,B 學士,509,222,287,40,77,43,75,37,79,42,35,31,9,29,11,0,0,0,1,01 新北市,1 一般
103,1195,馬偕醫學院,N 修,C 二技,11,0,11,0,0,0,0,0,11,0,0,0,0,0,0,0,0,0,0,01 新北市,2 技職
103,1196,法鼓文理學院,D 日,D 博士,8,3,5,2,1,1,1,0,3,0,0,0,0,0,0,0,0,0,0,01 新北市,1 一般
103,1196,法鼓文理學院,D 日,M 碩士,70,21,49,5,13,4,10,6,10,6,16,0,0,0,0,0,0,0,0,01 新北市,1 一般
103,1196,法鼓文理學院,D 日,B 學士,48,13,35,6,10,2,5,2,11,3,9,0,0,0,0,0,0,0,0,01 新北市,1 一般
103,1281,康寧醫護暨管理專科學校,D 日,2 二專,115,13,102,8,54,5,46,0,0,0,0,0,0,0,0,0,0,0,2,30 臺北市,2 技職
103,1281,康寧醫護暨管理專科學校,N 修,2 二專,301,45,256,31,143,11,109,0,0,0,0,0,0,0,0,0,0,3,4,30 臺北市,2 技職
103,1281,康寧醫護暨管理專科學校,D 日,5 五專,2811,545,2266,125,440,141,461,106,456,95,435,68,442,0,0,0,0,10,32,30 臺北市,2 技職
103,1282,馬偕醫護管理專科學校,D 日,2 二專,82,16,66,1,20,10,34,0,0,0,0,0,0,0,0,0,0,5,12,30 臺北市,2 技職
103,1282,馬偕醫護管理專科學校,N 修,2 二專,377,171,206,167,135,4,69,0,0,0,0,0,0,0,0,0,0,0,2,30 臺北市,2 技職
103,1282,馬偕醫護管理專科學校,D 日,5 五專,3701,349,3352,89,733,95,708,73,686,53,653,36,532,0,0,0,0,3,40,30 臺北市,2 技職
103,1283,仁德醫護管理專科學校,N 修,2 二專,466,215,251,147,175,57,70,0,0,0,0,0,0,0,0,0,0,11,6,05 苗栗縣,2 技職
103,1283,仁德醫護管理專科學校,D 日,5 五專,5989,1308,4681,230,937,259,975,302,924,227,887,203,830,0,0,0,0,87,128,05 苗栗縣,2 技職
103,1284,樹人醫護管理專科學校,N 修,2 二專,451,328,123,166,66,97,37,32,6,31,12,0,0,0,0,0,0,2,2,12 高雄市,2 技職
103,1284,樹人醫護管理專科學校,D 日,5 五專,6397,1549,4848,299,963,339,1049,346,993,253,890,236,786,0,0,0,0,76,167,12 高雄市,2 技職
103,1285,慈惠醫護管理專科學校,D 日,2 二專,160,68,92,27,44,36,41,0,0,0,0,0,0,0,0,0,0,5,7,13 屏東縣,2 技職
103,1285,慈惠醫護管理專科學校,N 修,2 二專,307,121,186,54,100,46,69,10,5,6,4,0,0,0,0,0,0,5,8,13 屏東縣,2 技職
103,1285,慈惠醫護管理專科學校,D 日,5 五專,6023,1532,4491,284,868,337,919,343,970,287,834,218,743,0,0,0,0,63,157,13 屏東縣,2 技職
103,1286,耕莘健康管理專科學校,N 修,2 二專,80,1,79,1,38,0,40,0,0,0,0,0,0,0,0,0,0,0,1,01 新北市,2 技職
103,1286,耕莘健康管理專科學校,D 日,5 五專,4906,507,4399,126,920,103,933,119,950,69,735,63,795,0,0,0,0,27,66,01 新北市,2 技職
103,1287,敏惠醫護管理專科學校,D 日,5 五專,3875,441,3434,92,691,100,704,91,714,70,639,76,629,0,0,0,0,12,57,11 臺南市,2 技職
103,1288,高美醫護管理專科學校,N 修,2 二專,198,104,94,69,53,35,41,0,0,0,0,0,0,0,0,0,0,0,0,12 高雄市,2 技職
103,1288,高美醫護管理專科學校,D 日,5 五專,652,141,511,29,62,21,75,24,119,38,120,29,135,0,0,0,0,0,0,12 高雄市,2 技職
103,1289,育英醫護管理專科學校,D 日,5 五專,2010,145,1865,34,354,33,356,29,367,22,398,19,341,0,0,0,0,8,49,50 高雄市,2 技職
103,1290,崇仁醫護管理專科學校,N 修,2 二專,19,2,17,0,0,2,16,0,0,0,0,0,0,0,0,0,0,0,1,20 嘉義市,2 技職
103,1290,崇仁醫護管理專科學校,D 日,5 五專,3238,352,2886,78,599,85,625,69,573,60,543,50,514,0,0,0,0,10,32,20 嘉義市,2 技職
103,1291,聖母醫護管理專科學校,D 日,5 五專,3702,776,2926,175,600,184,598,156,585,136,539,125,600,0,0,0,0,0,4,02 宜蘭縣,2 技職
103,1292,新生醫護管理專科學校,N 修,2 二專,86,23,63,17,41,6,22,0,0,0,0,0,0,0,0,0,0,0,0,03 桃園縣,2 技職
103,1292,新生醫護管理專科學校,D 日,5 五專,5769,576,5193,134,1031,143,1059,122,1050,90,1043,75,966,0,0,0,0,12,44,03 桃園縣,2 技職
103,3002,臺北市立大學,D 日,D 博士,236,104,132,21,25,10,20,11,20,13,17,14,15,12,11,14,17,9,7,30 臺北市,1 一般
103,3002,臺北市立大學,D 日,M 碩士,1233,393,840,139,284,106,228,79,178,51,111,0,0,0,0,0,0,18,39,30 臺北市,1 一般
103,3002,臺北市立大學,N 職,M 碩士,986,324,662,114,271,114,225,39,79,24,39,0,0,0,0,0,0,33,48,30 臺北市,1 一般
103,3002,臺北市立大學,D 日,B 學士,4971,2275,2696,588,705,521,670,499,628,488,600,0,0,0,0,0,0,179,93,30 臺北市,1 一般
104,0001,國立政治大學,D 日,D 博士,963,590,373,109,74,105,65,72,55,82,51,90,47,68,37,64,44,0,0,30 臺北市,1 一般
104,0001,國立政治大學,D 日,M 碩士,3882,1780,2102,655,754,569,655,346,431,210,262,0,0,0,0,0,0,0,0,30 臺北市,1 一般
104,0001,國立政治大學,N 職,M 碩士,1666,903,763,287,286,298,220,187,148,82,61,49,48,0,0,0,0,0,0,30 臺北市,1 一般
104,0001,國立政治大學,D 日,B 學士,9736,3939,5797,993,1199,864,1398,846,1398,871,1387,0,0,0,0,0,0,365,415,30 臺北市,1 一般
104,0002,國立清華大學,D 日,D 博士,1681,1333,348,230,60,219,54,200,46,182,50,171,47,145,40,163,47,23,4,18 新竹市,1 一般
104,0002,國立清華大學,D 日,M 碩士,3987,2701,1286,1133,528,1101,482,346,193,117,83,0,0,0,0,0,0,4,0,18 新竹市,1 一般
104,0002,國立清華大學,N 職,M 碩士,352,218,134,103,49,70,46,20,23,14,7,0,0,0,0,0,0,11,9,18 新竹市,1 一般
104,0002,國立清華大學,D 日,B 學士,6315,4102,2213,950,574,972,529,979,531,990,497,0,0,0,0,0,0,211,82,18 新竹市,1 一般
104,0003,國立臺灣大學,D 日,D 博士,3965,2794,1171,456,200,441,173,378,161,434,163,397,180,314,143,374,151,0,0,30 臺北市,1 一般
104,0003,國立臺灣大學,D 日,M 碩士,10069,6136,3933,2457,1509,2332,1432,898,603,449,389,0,0,0,0,0,0,0,0,30 臺北市,1 一般
104,0003,國立臺灣大學,N 職,M 碩士,1191,778,413,259,165,265,130,142,73,67,26,24,10,21,9,0,0,0,0,30 臺北市,1 一般
104,0003,國立臺灣大學,D 日,B 學士,16532,9441,7091,2075,1579,2109,1674,2076,1579,2109,1593,164,86,139,42,99,31,670,507,30 臺北市,1 一般
104,0003,國立臺灣大學,P 進,B 學士,1,1,0,0,0,0,0,0,0,0,0,1,0,0,0,0,0,0,0,30 臺北市,1 一般
104,0004,國立臺灣師範大學,D 日,D 博士,1388,726,662,134,130,122,98,109,114,104,93,91,85,88,68,78,74,0,0,30 臺北市,3 師範
104,0004,國立臺灣師範大學,D 日,M 碩士,3923,1642,2281,590,759,559,669,296,473,197,380,0,0,0,0,0,0,0,0,30 臺北市,3 師範
104,0004,國立臺灣師範大學,N 職,M 碩士,1564,481,1083,138,310,129,314,92,191,38,117,45,90,39,61,0,0,0,0,30 臺北市,3 師範
104,0004,國立臺灣師範大學,S 暑,M 碩士,287,53,234,7,27,25,81,7,42,5,53,7,30,2,1,0,0,0,0,30 臺北市,3 師範
104,0004,國立臺灣師範大學,D 日,B 學士,7919,3399,4520,849,1070,810,1090,785,1074,706,1031,0,0,0,0,0,0,249,255,30 臺北市,3 師範
104,0005,國立成功大學,D 日,D 博士,2171,1582,589,271,105,216,102,199,83,230,82,235,82,208,72,217,62,6,1,21 臺南市,1 一般
104,0005,國立成功大學,D 日,M 碩士,6422,4117,2305,1835,975,1681,878,450,302,149,142,0,0,0,0,0,0,2,8,21 臺南市,1 一般
104,0005,國立成功大學,N 職,M 碩士,1241,812,429,275,167,239,142,178,86,73,22,47,12,0,0,0,0,0,0,21 臺南市,1 一般
104,0005,國立成功大學,D 日,B 學士,11402,7300,4102,1729,981,1705,1001,1653,964,1634,909,78,62,54,19,51,19,396,147,21 臺南市,1 一般
104,0006,國立中興大學,D 日,D 博士,1116,806,310,99,43,117,48,118,39,118,45,120,46,114,42,113,46,7,1,19 臺中市,1 一般
104,0006,國立中興大學,D 日,M 碩士,3324,2064,1260,872,531,869,508,231,148,92,72,0,0,0,0,0,0,0,1,19 臺中市,1 一般
104,0006,國立中興大學,N 職,M 碩士,1563,1089,474,361,176,326,164,203,74,128,32,71,28,0,0,0,0,0,0,19 臺中市,1 一般
104,0006,國立中興大學,D 日,B 學士,8114,4795,3319,1166,783,1125,815,1167,807,1116,800,32,34,0,0,0,0,189,80,19 臺中市,1 一般
104,0006,國立中興大學,P 進,B 學士,1024,415,609,105,134,96,125,79,140,71,138,55,70,0,0,0,0,9,2,19 臺中市,1 一般
104,0007,國立交通大學,D 日,D 博士,1836,1504,332,253,78,247,55,219,46,200,34,186,49,189,36,175,27,35,7,18 新竹市,1 一般
104,0007,國立交通大學,D 日,M 碩士,5334,3739,1595,1426,612,1373,570,771,307,168,105,0,0,0,0,0,0,1,1,18 新竹市,1 一般
104,0007,國立交通大學,N 職,M 碩士,1476,1048,428,345,155,251,127,217,60,129,52,0,0,0,0,0,0,106,34,18 新竹市,1 一般
104,0007,國立交通大學,D 日,B 學士,5437,3808,1629,944,384,946,411,913,399,851,398,0,0,0,0,0,0,154,37,18 新竹市,1 一般
104,0008,國立中央大學,D 日,D 博士,1096,820,276,143,58,126,51,114,31,126,28,106,36,91,39,106,33,8,0,03 桃園市,1 一般
104,0008,國立中央大學,D 日,M 碩士,3401,2322,1079,1009,482,916,408,317,114,79,74,0,0,0,0,0,0,1,1,03 桃園市,1 一般
104,0008,國立中央大學,N 職,M 碩士,1348,873,475,311,226,311,158,129,54,73,24,48,13,0,0,0,0,1,0,03 桃園市,1 一般
104,0008,國立中央大學,D 日,B 學士,6117,3976,2141,965,530,961,539,906,531,962,488,0,0,0,0,0,0,182,53,03 桃園市,1 一般
104,0009,國立中山大學,D 日,D 博士,852,592,260,98,47,81,44,91,34,96,45,81,31,76,25,69,34,0,0,50 高雄市,1 一般
104,0009,國立中山大學,D 日,M 碩士,2917,1892,1025,770,414,708,361,298,172,116,77,0,0,0,0,0,0,0,1,50 高雄市,1 一般
104,0009,國立中山大學,N 職,M 碩士,839,454,385,180,145,165,142,48,55,24,26,0,0,0,0,0,0,37,17,50 高雄市,1 一般
104,0009,國立中山大學,S 暑,M 碩士,23,5,18,0,2,1,4,0,4,2,5,0,0,0,0,0,0,2,3,50 高雄市,1 一般
104,0009,國立中山大學,D 日,B 學士,4681,2961,1720,717,420,700,445,697,405,679,384,0,0,0,0,0,0,168,66,50 高雄市,1 一般
104,0012,國立臺灣海洋大學,D 日,D 博士,321,248,73,39,18,46,8,27,12,28,8,27,12,33,7,31,7,17,1,17 基隆市,1 一般
104,0012,國立臺灣海洋大學,D 日,M 碩士,1431,1005,426,449,190,392,175,132,51,29,7,0,0,0,0,0,0,3,3,17 基隆市,1 一般
104,0012,國立臺灣海洋大學,N 職,M 碩士,569,349,220,142,108,132,80,48,18,20,10,6,3,1,1,0,0,0,0,17 基隆市,1 一般
104,0012,國立臺灣海洋大學,D 日,B 學士,5626,3903,1723,974,406,940,441,911,433,912,415,0,0,0,0,0,0,166,28,17 基隆市,1 一般
104,0012,國立臺灣海洋大學,P 進,B 學士,528,311,217,87,49,60,51,72,49,63,50,24,16,0,0,0,0,5,2,17 基隆市,1 一般
104,0012,國立臺灣海洋大學,N 修,X 4+X,134,125,9,84,8,40,1,1,0,0,0,0,0,0,0,0,0,0,0,17 基隆市,1 一般
104,0013,國立中正大學,D 日,D 博士,591,403,188,73,39,63,27,51,28,59,26,53,18,50,20,51,30,3,0,10 嘉義縣,1 一般
104,0013,國立中正大學,D 日,M 碩士,2766,1743,1023,696,380,660,356,260,168,127,115,0,0,0,0,0,0,0,4,10 嘉義縣,1 一般
104,0013,國立中正大學,N 職,M 碩士,1595,814,781,268,248,221,255,95,109,95,60,135,109,0,0,0,0,0,0,10 嘉義縣,1 一般
104,0013,國立中正大學,D 日,B 學士,6727,3627,3100,909,738,892,759,828,771,829,764,0,0,0,0,0,0,169,68,10 嘉義縣,1 一般
104,0014,國立高雄師範大學,D 日,D 博士,478,232,246,38,39,40,33,36,46,44,34,31,32,17,27,22,28,4,7,50 高雄市,3 師範
104,0014,國立高雄師範大學,D 日,M 碩士,1429,568,861,198,290,172,225,111,182,77,135,0,0,0,0,0,0,10,29,50 高雄市,3 師範
104,0014,國立高雄師範大學,N 職,M 碩士,1253,419,834,122,270,126,228,74,168,38,61,31,54,28,53,0,0,0,0,50 高雄市,3 師範
104,0014,國立高雄師範大學,D 日,B 學士,3471,1620,1851,427,455,391,429,398,453,357,455,0,0,0,0,0,0,47,59,50 高雄市,3 師範
104,0015,國立彰化師範大學,D 日,D 博士,464,276,188,51,38,49,30,48,27,34,27,33,26,34,19,27,21,0,0,07 彰化縣,3 師範
104,0015,國立彰化師範大學,D 日,M 碩士,1524,776,748,317,276,273,239,120,155,66,78,0,0,0,0,0,0,0,0,07 彰化縣,3 師範
104,0015,國立彰化師範大學,N 職,M 碩士,959,463,496,161,177,151,154,53,73,28,26,20,13,50,53,0,0,0,0,07 彰化縣,3 師範
104,0015,國立彰化師範大學,S 暑,M 碩士,327,113,214,29,70,24,44,18,31,14,21,5,22,23,26,0,0,0,0,07 彰化縣,3 師範
104,0015,國立彰化師範大學,D 日,B 學士,4850,2534,2316,620,548,589,559,602,585,609,568,0,0,0,0,0,0,114,56,07 彰化縣,3 師範
104,0016,國立陽明大學,D 日,D 博士,934,556,378,101,57,98,53,83,66,67,56,76,49,65,55,66,42,0,0,30 臺北市,1 一般
104,0016,國立陽明大學,D 日,M 碩士,1168,484,684,207,276,193,278,61,89,22,41,0,0,0,0,0,0,1,0,30 臺北市,1 一般
104,0016,國立陽明大學,N 職,M 碩士,125,39,86,18,35,10,26,6,9,4,7,1,9,0,0,0,0,0,0,30 臺北市,1 一般
104,0016,國立陽明大學,D 日,B 學士,2100,1170,930,207,188,210,186,208,197,214,175,116,68,99,64,87,43,29,9,30 臺北市,1 一般
104,0017,國立臺北大學,D 日,D 博士,182,116,66,20,15,19,11,30,9,14,7,13,12,13,9,5,2,2,1,01 新北市,1 一般
104,0017,國立臺北大學,D 日,M 碩士,1328,660,668,248,243,235,236,101,114,76,74,0,0,0,0,0,0,0,1,01 新北市,1 一般
104,0017,國立臺北大學,N 職,M 碩士,469,214,255,85,99,82,95,0,0,0,0,0,0,0,0,0,0,47,61,01 新北市,1 一般
104,0017,國立臺北大學,D 日,B 學士,5856,2598,3258,672,740,585,808,616,777,612,801,0,0,0,0,0,0,113,132,01 新北市,1 一般
104,0017,國立臺北大學,P 進,B 學士,1926,781,1145,209,327,147,202,157,200,185,289,9,31,0,0,0,0,74,96,01 新北市,1 一般
104,0017,國立臺北大學,N 修,X 4+X,4,3,1,0,0,2,0,0,0,0,0,0,0,0,0,0,0,1,1,01 新北市,1 一般
104,0018,國立嘉義大學,D 日,D 博士,185,91,94,23,19,18,16,16,11,13,14,6,14,8,15,4,5,3,0,20 嘉義市,1 一般
104,0018,國立嘉義大學,D 日,M 碩士,1488,770,718,257,282,270,224,142,123,91,79,0,0,0,0,0,0,10,10,20 嘉義市,1 一般
104,0018,國立嘉義大學,N 職,M 碩士,998,416,582,126,206,138,172,104,128,29,42,0,0,0,0,0,0,19,34,20 嘉義市,1 一般
104,0018,國立嘉義大學,D 日,B 學士,7918,4054,3864,1009,949,997,955,944,969,924,918,31,20,0,0,0,0,149,53,20 嘉義市,1 一般
104,0018,國立嘉義大學,P 進,B 學士,2104,1171,933,377,236,264,229,247,231,238,192,0,0,0,0,0,0,45,45,20 嘉義市,1 一般
104,0019,國立高雄大學,D 日,D 博士,17,15,2,5,0,1,0,3,1,3,1,2,0,1,0,0,0,0,0,50 高雄市,1 一般
104,0019,國立高雄大學,D 日,M 碩士,619,429,190,165,84,160,74,68,19,36,13,0,0,0,0,0,0,0,0,50 高雄市,1 一般
104,0019,國立高雄大學,N 職,M 碩士,427,286,141,86,54,77,39,50,21,40,12,20,14,13,1,0,0,0,0,50 高雄市,1 一般
104,0019,國立高雄大學,D 日,B 學士,4185,2404,1781,585,434,577,455,595,425,540,424,0,0,0,0,0,0,107,43,50 高雄市,1 一般
104,0019,國立高雄大學,N 修,C 二技,168,111,57,0,0,0,0,42,21,37,16,23,20,0,0,0,0,9,0,50 高雄市,2 技職
104,0020,國立東華大學,D 日,D 博士,375,231,144,26,26,46,23,53,26,37,17,29,18,17,19,20,15,3,0,15 花蓮縣,1 一般
104,0020,國立東華大學,D 日,M 碩士,1741,962,779,322,243,340,283,174,126,123,115,0,0,0,0,0,0,3,12,15 花蓮縣,1 一般
104,0020,國立東華大學,N 職,M 碩士,543,256,287,91,107,80,98,43,32,21,22,11,16,10,12,0,0,0,0,15 花蓮縣,1 一般
104,0020,國立東華大學,S 暑,M 碩士,38,8,30,0,0,0,0,2,20,0,0,4,6,2,4,0,0,0,0,15 花蓮縣,1 一般
104,0020,國立東華大學,D 日,B 學士,7477,3697,3780,895,915,899,928,826,937,859,887,0,0,0,0,0,0,218,113,15 花蓮縣,1 一般
104,0021,國立暨南國際大學,D 日,D 博士,317,179,138,25,28,28,28,30,15,25,23,22,17,19,14,26,12,4,1,08 南投縣,1 一般
104,0021,國立暨南國際大學,D 日,M 碩士,1056,579,477,199,157,179,135,124,95,60,74,0,0,0,0,0,0,17,16,08 南投縣,1 一般
104,0021,國立暨南國際大學,N 職,M 碩士,373,176,197,78,75,61,71,22,23,4,12,8,10,3,6,0,0,0,0,08 南投縣,1 一般
104,0021,國立暨南國際大學,D 日,B 學士,4392,2099,2293,560,591,538,588,459,539,448,523,0,0,0,0,0,0,94,52,08 南投縣,1 一般
104,0021,國立暨南國際大學,N 修,C 二技,1,0,1,0,0,0,0,0,0,0,0,0,0,0,0,0,0,0,1,08 南投縣,2 技職
104,0022,國立臺灣科技大學,D 日,D 博士,931,741,190,183,47,155,51,125,39,96,22,79,12,52,10,45,8,6,1,30 臺北市,2 技職
104,0022,國立臺灣科技大學,N 職,D 博士,27,23,4,0,0,0,0,1,0,0,0,1,0,5,0,10,2,6,2,30 臺北市,2 技職
104,0022,國立臺灣科技大學,D 日,M 碩士,3208,2252,956,1009,452,991,390,211,88,41,26,0,0,0,0,0,0,0,0,30 臺北市,2 技職
104,0022,國立臺灣科技大學,N 職,M 碩士,756,542,214,204,100,191,80,82,27,60,6,0,0,0,0,0,0,5,1,30 臺北市,2 技職
104,0022,國立臺灣科技大學,D 日,B 四技,5369,3713,1656,927,443,886,403,888,387,864,370,0,0,0,0,0,0,148,53,30 臺北市,2 技職
104,0022,國立臺灣科技大學,D 日,C 二技,107,31,76,0,0,0,0,13,42,15,30,0,0,0,0,0,0,3,4,30 臺北市,2 技職
104,0022,國立臺灣科技大學,N 修,C 二技,41,12,29,0,0,0,0,1,14,4,6,0,0,0,0,0,0,7,9,30 臺北市,2 技職
104,0022,國立臺灣科技大學,D 日,X 4+X,7,5,2,0,1,0,0,0,0,0,0,0,0,0,0,0,0,5,1,30 臺北市,2 技職
104,0023,國立雲林科技大學,D 日,D 博士,478,323,155,68,30,53,32,50,26,46,19,36,18,39,16,28,13,3,1,09 雲林縣,2 技職
104,0023,國立雲林科技大學,D 日,M 碩士,2145,1366,779,609,340,536,278,169,109,52,50,0,0,0,0,0,0,0,2,09 雲林縣,2 技職
104,0023,國立雲林科技大學,N 職,M 碩士,749,393,356,145,140,132,135,61,51,34,21,21,9,0,0,0,0,0,0,09 雲林縣,2 技職
104,0023,國立雲林科技大學,D 日,B 四技,6279,3762,2517,995,636,942,599,868,587,853,622,0,0,0,0,0,0,104,73,09 雲林縣,2 技職
104,0023,國立雲林科技大學,D 日,C 二技,211,86,125,0,0,0,0,38,64,44,50,0,0,0,0,0,0,4,11,09 雲林縣,2 技職
104,0024,國立屏東科技大學,D 日,D 博士,245,170,75,42,14,28,15,25,15,24,13,20,9,14,3,9,2,8,4,13 屏東縣,2 技職
104,0024,國立屏東科技大學,D 日,M 碩士,1276,760,516,336,210,285,213,104,73,32,18,0,0,0,0,0,0,3,2,13 屏東縣,2 技職
104,0024,國立屏東科技大學,N 職,M 碩士,509,345,164,126,56,131,68,45,16,21,11,11,10,11,3,0,0,0,0,13 屏東縣,2 技職
104,0024,國立屏東科技大學,D 日,B 四技,7841,4030,3811,988,976,969,921,989,897,907,917,43,53,0,0,0,0,134,47,13 屏東縣,2 技職
104,0024,國立屏東科技大學,N 修,B 四技,1582,772,810,208,201,170,167,201,212,160,210,0,0,0,0,0,0,33,20,13 屏東縣,2 技職
104,0024,國立屏東科技大學,D 日,C 二技,1,1,0,0,0,0,0,0,0,1,0,0,0,0,0,0,0,0,0,13 屏東縣,2 技職
104,0025,國立臺北科技大學,D 日,D 博士,684,548,136,101,16,96,28,93,25,83,17,72,24,51,13,52,13,0,0,30 臺北市,2 技職
104,0025,國立臺北科技大學,D 日,M 碩士,2721,2069,652,925,295,933,261,165,77,46,19,0,0,0,0,0,0,0,0,30 臺北市,2 技職
104,0025,國立臺北科技大學,N 職,M 碩士,1329,988,341,399,136,320,128,180,53,88,23,0,0,0,0,0,0,1,1,30 臺北市,2 技職
104,0025,國立臺北科技大學,D 日,B 四技,5894,4191,1703,1070,435,1018,464,1040,443,1043,357,0,0,0,0,0,0,20,4,30 臺北市,2 技職
104,0025,國立臺北科技大學,N 修,B 四技,589,506,83,244,45,185,36,77,2,0,0,0,0,0,0,0,0,0,0,30 臺北市,2 技職
104,0025,國立臺北科技大學,D 日,C 二技,35,27,8,0,0,0,0,7,4,20,4,0,0,0,0,0,0,0,0,30 臺北市,2 技職
104,0025,國立臺北科技大學,N 修,C 二技,673,454,219,0,0,0,0,203,104,192,87,54,20,0,0,0,0,5,8,30 臺北市,2 技職
104,0026,國立高雄第一科技大學,D 日,D 博士,232,186,46,38,10,39,8,25,12,25,6,30,4,15,1,5,4,9,1,12 高雄市,2 技職
104,0026,國立高雄第一科技大學,D 日,M 碩士,1094,693,401,299,190,258,149,100,39,35,23,0,0,0,0,0,0,1,0,12 高雄市,2 技職
104,0026,國立高雄第一科技大學,N 職,M 碩士,736,513,223,197,101,162,70,76,30,42,15,0,0,0,0,0,0,36,7,12 高雄市,2 技職
104,0026,國立高雄第一科技大學,D 日,B 四技,5490,2790,2700,682,677,688,681,644,655,678,627,0,0,0,0,0,0,98,60,12 高雄市,2 技職
104,0026,國立高雄第一科技大學,D 日,C 二技,155,32,123,0,0,0,0,18,56,13,54,0,0,0,0,0,0,1,13,12 高雄市,2 技職
104,0026,國立高雄第一科技大學,D 日,X 4+X,2,1,1,0,0,0,0,0,0,0,0,0,0,0,0,0,0,1,1,12 高雄市,2 技職
104,0027,國立高雄應用科技大學,D 日,D 博士,299,252,47,55,7,42,17,50,9,46,7,31,4,19,3,8,0,1,0,50 高雄市,2 技職
104,0027,國立高雄應用科技大學,D 日,M 碩士,1263,921,342,412,151,411,152,85,32,13,7,0,0,0,0,0,0,0,0,50 高雄市,2 技職
104,0027,國立高雄應用科技大學,N 職,M 碩士,1264,836,428,338,206,340,190,104,24,38,5,0,0,0,0,0,0,16,3,50 高雄市,2 技職
104,0027,國立高雄應用科技大學,D 日,B 四技,7511,4846,2665,1216,642,1134,673,1118,701,1216,608,0,0,0,0,0,0,162,41,50 高雄市,2 技職
104,0027,國立高雄應用科技大學,N 修,B 四技,1233,867,366,249,122,187,79,181,69,174,84,0,0,0,0,0,0,76,12,50 高雄市,2 技職
104,0027,國立高雄應用科技大學,D 日,C 二技,92,65,27,0,0,0,0,36,12,21,14,0,0,0,0,0,0,8,1,50 高雄市,2 技職
104,0027,國立高雄應用科技大學,N 修,C 二技,509,246,263,0,0,0,0,115,132,120,126,0,0,0,0,0,0,11,5,50 高雄市,2 技職
104,0028,國立臺北藝術大學,D 日,D 博士,67,18,49,3,15,5,9,1,5,4,6,3,5,0,3,2,6,0,0,30 臺北市,1 一般
104,0028,國立臺北藝術大學,D 日,M 碩士,973,316,657,91,188,87,182,75,160,62,123,0,0,0,0,0,0,1,4,30 臺北市,1 一般
104,0028,國立臺北藝術大學,N 職,M 碩士,168,58,110,18,43,19,21,7,28,10,16,4,2,0,0,0,0,0,0,30 臺北市,1 一般
104,0028,國立臺北藝術大學,D 日,B 學士,1748,591,1157,140,268,120,270,131,274,132,244,0,0,0,0,0,0,68,101,30 臺北市,1 一般
104,0028,國立臺北藝術大學,D 日,X 4+X,25,7,18,7,18,0,0,0,0,0,0,0,0,0,0,0,0,0,0,30 臺北市,1 一般
104,0028,國立臺北藝術大學,D 日,5 七年,83,31,52,14,15,13,16,4,20,0,0,0,0,0,0,0,0,0,1,30 臺北市,1 一般
104,0029,國立臺灣藝術大學,D 日,D 博士,90,44,46,11,10,11,9,8,9,8,8,5,4,1,2,0,4,0,0,01 新北市,1 一般
104,0029,國立臺灣藝術大學,D 日,M 碩士,726,275,451,86,150,77,138,72,89,40,74,0,0,0,0,0,0,0,0,01 新北市,1 一般
104,0029,國立臺灣藝術大學,N 職,M 碩士,414,146,268,48,56,43,70,23,71,15,43,11,14,6,14,0,0,0,0,01 新北市,1 一般
104,0029,國立臺灣藝術大學,D 日,B 學士,2331,663,1668,145,402,159,386,154,381,130,379,0,0,0,0,0,0,75,120,01 新北市,1 一般
104,0029,國立臺灣藝術大學,P 進,B 學士,1575,487,1088,110,255,112,243,122,245,97,258,0,0,0,0,0,0,46,87,01 新北市,1 一般
104,0029,國立臺灣藝術大學,N 修,C 二技,348,81,267,0,0,0,0,42,117,31,117,0,0,0,0,0,0,8,33,01 新北市,2 技職
104,0030,國立臺東大學,D 日,D 博士,38,16,22,3,4,5,4,2,2,0,3,2,5,0,3,4,1,0,0,14 臺東縣,1 一般
104,0030,國立臺東大學,D 日,M 碩士,302,114,188,49,72,26,52,15,32,24,32,0,0,0,0,0,0,0,0,14 臺東縣,1 一般
104,0030,國立臺東大學,N 職,M 碩士,641,203,438,80,175,81,162,24,56,16,24,1,12,1,6,0,3,0,0,14 臺東縣,1 一般
104,0030,國立臺東大學,D 日,B 學士,3547,1734,1813,432,457,408,460,383,438,396,399,0,0,0,0,0,0,115,59,14 臺東縣,1 一般
104,0030,國立臺東大學,P 進,B 學士,172,97,75,17,13,22,20,30,22,17,18,0,0,0,0,0,0,11,2,14 臺東縣,1 一般
104,0031,國立宜蘭大學,D 日,D 博士,14,11,3,2,1,3,1,0,0,2,0,2,0,1,1,1,0,0,0,02 宜蘭縣,1 一般
104,0031,國立宜蘭大學,D 日,M 碩士,492,347,145,137,58,140,63,50,22,20,2,0,0,0,0,0,0,0,0,02 宜蘭縣,1 一般
104,0031,國立宜蘭大學,N 職,M 碩士,189,148,41,55,16,45,16,25,6,0,0,0,0,0,0,0,0,23,3,02 宜蘭縣,1 一般
104,0031,國立宜蘭大學,D 日,B 學士,4341,2776,1565,697,388,682,405,660,389,635,366,0,0,0,0,0,0,102,17,02 宜蘭縣,1 一般
104,0031,國立宜蘭大學,N 修,B 學士,139,118,21,0,0,28,3,20,9,46,9,0,0,0,0,0,0,24,0,02 宜蘭縣,1 一般
104,0031,國立宜蘭大學,P 進,B 學士,313,206,107,62,26,49,29,41,27,36,20,0,0,0,0,0,0,18,5,02 宜蘭縣,1 一般
104,0032,國立聯合大學,D 日,D 博士,9,8,1,3,0,1,0,1,0,1,0,1,0,1,1,0,0,0,0,05 苗栗縣,1 一般
104,0032,國立聯合大學,D 日,M 碩士,440,305,135,137,48,111,58,38,21,19,7,0,0,0,0,0,0,0,1,05 苗栗縣,1 一般
104,0032,國立聯合大學,D 日,B 學士,6016,4221,1795,1006,456,1022,457,1005,434,980,405,20,18,0,0,0,0,188,25,05 苗栗縣,1 一般
104,0032,國立聯合大學,P 進,B 學士,1429,860,569,256,154,206,131,168,113,159,119,0,0,0,0,0,0,71,52,05 苗栗縣,1 一般
104,0033,國立虎尾科技大學,D 日,D 博士,26,21,5,5,2,4,0,4,2,2,1,3,0,0,0,3,0,0,0,09 雲林縣,2 技職
104,0033,國立虎尾科技大學,D 日,M 碩士,856,707,149,318,80,301,55,74,11,14,3,0,0,0,0,0,0,0,0,09 雲林縣,2 技職
104,0033,國立虎尾科技大學,N 職,M 碩士,244,170,74,83,31,45,29,20,5,16,7,6,2,0,0,0,0,0,0,09 雲林縣,2 技職
104,0033,國立虎尾科技大學,D 日,B 四技,7438,5552,1886,1363,445,1293,475,1318,465,1319,470,0,0,0,0,0,0,259,31,09 雲林縣,2 技職
104,0033,國立虎尾科技大學,N 修,B 四技,1199,902,297,286,73,228,73,183,65,148,75,0,0,0,0,0,0,57,11,09 雲林縣,2 技職
104,0033,國立虎尾科技大學,D 日,C 二技,177,125,52,0,0,0,0,59,20,61,30,0,0,0,0,0,0,5,2,09 雲林縣,2 技職
104,0033,國立虎尾科技大學,N 修,C 二技,122,63,59,0,0,0,0,30,32,33,26,0,0,0,0,0,0,0,1,09 雲林縣,2 技職
104,0034,國立高雄海洋科技大學,D 日,D 博士,9,8,1,5,1,3,0,0,0,0,0,0,0,0,0,0,0,0,0,50 高雄市,2 技職
104,0034,國立高雄海洋科技大學,D 日,M 碩士,332,224,108,102,54,90,34,26,19,6,1,0,0,0,0,0,0,0,0,50 高雄市,2 技職
104,0034,國立高雄海洋科技大學,N 職,M 碩士,179,121,58,50,25,46,23,18,6,7,4,0,0,0,0,0,0,0,0,50 高雄市,2 技職
104,0034,國立高雄海洋科技大學,D 日,B 四技,4681,2960,1721,740,423,711,434,690,409,653,419,0,0,0,0,0,0,166,36,50 高雄市,2 技職
104,0034,國立高雄海洋科技大學,N 修,B 四技,1784,1137,647,267,151,274,164,260,158,222,151,0,0,0,0,0,0,114,23,50 高雄市,2 技職
104,0034,國立高雄海洋科技大學,D 日,C 二技,232,193,39,0,0,0,0,75,16,83,19,0,0,0,0,0,0,35,4,50 高雄市,2 技職
104,0034,國立高雄海洋科技大學,D 日,X 4+X,22,18,4,18,2,0,0,0,0,0,0,0,0,0,0,0,0,0,2,50 高雄市,2 技職
104,0034,國立高雄海洋科技大學,D 日,5 五專,506,433,73,83,16,83,20,80,15,89,10,78,12,0,0,0,0,20,0,50 高雄市,2 技職
104,0035,國立臺南藝術大學,D 日,D 博士,41,23,18,4,2,2,3,6,2,2,1,2,2,0,6,7,1,0,1,11 臺南市,1 一般
104,0035,國立臺南藝術大學,D 日,M 碩士,544,200,344,53,96,50,90,45,76,51,81,0,0,0,0,0,0,1,1,11 臺南市,1 一般
104,0035,國立臺南藝術大學,N 職,M 碩士,49,20,29,6,9,5,7,4,4,2,3,2,3,1,1,0,2,0,0,11 臺南市,1 一般
104,0035,國立臺南藝術大學,D 日,B 學士,729,197,532,55,135,47,123,46,124,31,134,0,0,0,0,0,0,18,16,11 臺南市,1 一般
104,0035,國立臺南藝術大學,P 進,B 學士,1,0,1,0,0,0,0,0,0,0,0,0,0,0,0,0,0,0,1,11 臺南市,1 一般
104,0035,國立臺南藝術大學,D 日,5 七年,166,74,92,25,32,25,29,24,31,0,0,0,0,0,0,0,0,0,0,11 臺南市,1 一般
104,0036,國立臺南大學,D 日,D 博士,169,83,86,15,18,18,11,18,13,9,15,8,10,8,14,7,5,0,0,21 臺南市,1 一般
104,0036,國立臺南大學,D 日,M 碩士,1022,475,547,153,171,176,163,89,121,55,86,0,0,0,0,0,0,2,6,21 臺南市,1 一般
104,0036,國立臺南大學,N 職,M 碩士,698,242,456,74,145,98,151,42,110,20,40,0,0,0,0,0,0,8,10,21 臺南市,1 一般
104,0036,國立臺南大學,D 日,B 學士,3896,1764,2132,448,518,422,523,429,511,402,524,0,0,0,0,0,0,63,56,21 臺南市,1 一般
104,0036,國立臺南大學,P 進,B 學士,211,90,121,10,12,5,16,20,35,37,54,0,0,0,0,0,0,18,4,21 臺南市,1 一般
104,0037,國立臺北教育大學,D 日,D 博士,132,63,69,15,14,10,15,7,8,7,11,7,3,8,6,7,10,2,2,30 臺北市,3 師範
104,0037,國立臺北教育大學,D 日,M 碩士,1147,378,769,135,259,114,222,60,161,67,123,0,0,0,0,0,0,2,4,30 臺北市,3 師範
104,0037,國立臺北教育大學,N 職,M 碩士,778,236,542,83,196,70,201,29,62,33,44,0,0,0,0,0,0,21,39,30 臺北市,3 師範
104,0037,國立臺北教育大學,S 暑,M 碩士,230,26,204,7,48,4,49,4,51,7,46,0,0,0,0,0,0,4,10,30 臺北市,3 師範
104,0037,國立臺北教育大學,D 日,B 學士,3319,1148,2171,274,541,286,517,254,535,266,499,0,0,0,0,0,0,68,79,30 臺北市,3 師範
104,0038,國立新竹教育大學,D 日,D 博士,82,38,44,9,5,4,7,4,10,2,7,5,2,4,5,6,7,4,1,18 新竹市,3 師範
104,0038,國立新竹教育大學,D 日,M 碩士,797,251,546,95,188,66,161,40,104,46,83,0,0,0,0,0,0,4,10,18 新竹市,3 師範
104,0038,國立新竹教育大學,N 職,M 碩士,534,102,432,31,123,25,135,16,54,13,34,7,23,4,29,4,13,2,21,18 新竹市,3 師範
104,0038,國立新竹教育大學,D 日,B 學士,2573,756,1817,184,468,180,443,177,449,182,419,0,0,0,0,0,0,33,38,18 新竹市,3 師範
104,0039,國立臺中教育大學,D 日,D 博士,126,63,63,10,11,12,10,8,9,11,12,5,9,11,3,5,6,1,3,19 臺中市,3 師範
104,0039,國立臺中教育大學,D 日,M 碩士,833,270,563,90,187,95,192,36,108,40,69,0,0,0,0,0,0,9,7,19 臺中市,3 師範
104,0039,國立臺中教育大學,N 職,M 碩士,435,91,344,24,141,37,122,14,56,8,10,0,0,0,0,0,0,8,15,19 臺中市,3 師範
104,0039,國立臺中教育大學,S 暑,M 碩士,255,93,162,13,56,23,39,22,30,11,24,14,4,6,5,0,0,4,4,19 臺中市,3 師範
104,0039,國立臺中教育大學,D 日,B 學士,3379,1185,2194,283,526,300,544,261,550,287,520,0,0,0,0,0,0,54,54,19 臺中市,3 師範
104,0042,國立澎湖科技大學,D 日,M 碩士,70,37,33,19,15,14,13,3,4,1,1,0,0,0,0,0,0,0,0,16 澎湖縣,2 技職
104,0042,國立澎湖科技大學,N 職,M 碩士,45,26,19,10,9,13,6,3,3,0,1,0,0,0,0,0,0,0,0,16 澎湖縣,2 技職
104,0042,國立澎湖科技大學,D 日,B 四技,2542,1441,1101,380,271,369,243,331,269,320,296,0,0,0,0,0,0,41,22,16 澎湖縣,2 技職
104,0042,國立澎湖科技大學,N 修,B 四技,327,140,187,38,50,35,51,33,42,31,43,0,0,0,0,0,0,3,1,16 澎湖縣,2 技職
104,0043,國立勤益科技大學,D 日,D 博士,12,11,1,2,1,3,0,3,0,3,0,0,0,0,0,0,0,0,0,06 臺中市,2 技職
104,0043,國立勤益科技大學,D 日,M 碩士,649,526,123,211,57,239,56,51,7,25,3,0,0,0,0,0,0,0,0,06 臺中市,2 技職
104,0043,國立勤益科技大學,N 職,M 碩士,253,200,53,84,22,79,23,16,4,16,0,0,0,0,0,0,0,5,4,06 臺中市,2 技職
104,0043,國立勤益科技大學,D 日,B 四技,6714,4616,2098,1187,569,1148,523,1125,463,983,490,0,0,0,0,0,0,173,53,06 臺中市,2 技職
104,0043,國立勤益科技大學,N 修,B 四技,3492,2823,669,737,175,684,174,696,166,538,121,0,0,0,0,0,0,168,33,06 臺中市,2 技職
104,0043,國立勤益科技大學,D 日,C 二技,117,98,19,0,0,0,0,36,1,60,18,0,0,0,0,0,0,2,0,06 臺中市,2 技職
104,0043,國立勤益科技大學,N 修,C 二技,73,57,16,0,0,0,0,21,4,31,11,0,0,0,0,0,0,5,1,06 臺中市,2 技職
104,0043,國立勤益科技大學,D 日,2 二專,7,2,5,0,0,0,0,0,0,0,0,0,0,0,0,0,0,2,5,06 臺中市,2 技職
104,0043,國立勤益科技大學,N 修,2 二專,1,1,0,0,0,0,0,0,0,0,0,0,0,0,0,0,0,1,0,06 臺中市,2 技職
104,0044,國立體育大學,D 日,D 博士,137,86,51,21,7,15,7,13,5,12,12,14,8,5,6,6,6,0,0,03 桃園市,1 一般
104,0044,國立體育大學,D 日,M 碩士,335,180,155,64,72,56,44,41,24,19,15,0,0,0,0,0,0,0,0,03 桃園市,1 一般
104,0044,國立體育大學,N 職,M 碩士,193,108,85,38,38,38,31,15,6,13,4,4,4,0,2,0,0,0,0,03 桃園市,1 一般
104,0044,國立體育大學,D 日,B 學士,1599,1006,593,264,133,234,153,209,140,221,132,0,0,0,0,0,0,78,35,03 桃園市,1 一般
104,0044,國立體育大學,N 修,C 二年制,97,66,31,0,0,0,0,23,15,33,13,0,0,0,0,0,0,10,3,03 桃園市,1 一般
104,0046,國立臺北護理健康大學,D 日,D 博士,60,0,60,0,12,0,12,0,8,0,12,0,10,0,4,0,2,0,0,30 臺北市,2 技職
104,0046,國立臺北護理健康大學,D 日,M 碩士,585,85,500,35,151,24,143,16,116,10,90,0,0,0,0,0,0,0,0,30 臺北市,2 技職
104,0046,國立臺北護理健康大學,N 職,M 碩士,183,25,158,12,54,8,52,4,39,1,13,0,0,0,0,0,0,0,0,30 臺北市,2 技職
104,0046,國立臺北護理健康大學,D 日,B 四技,2373,575,1798,155,522,156,447,121,398,125,402,0,0,0,0,0,0,18,29,30 臺北市,2 技職
104,0046,國立臺北護理健康大學,D 日,C 二技,760,32,728,0,0,0,0,22,372,10,351,0,0,0,0,0,0,0,5,30 臺北市,2 技職
104,0046,國立臺北護理健康大學,N 修,C 二技,696,12,684,0,0,0,0,3,232,7,223,1,215,0,0,0,0,1,14,30 臺北市,2 技職
104,0047,國立高雄餐旅大學,D 日,D 博士,24,13,11,4,2,2,6,1,1,4,1,2,1,0,0,0,0,0,0,50 高雄市,2 技職
104,0047,國立高雄餐旅大學,D 日,M 碩士,189,60,129,28,57,23,47,5,20,4,4,0,0,0,0,0,0,0,1,50 高雄市,2 技職
104,0047,國立高雄餐旅大學,N 職,M 碩士,95,45,50,22,16,19,23,2,5,0,6,0,0,0,0,0,0,2,0,50 高雄市,2 技職
104,0047,國立高雄餐旅大學,D 日,B 四技,3203,855,2348,228,599,212,597,197,579,200,563,0,0,0,0,0,0,18,10,50 高雄市,2 技職
104,0047,國立高雄餐旅大學,N 修,B 四技,893,222,671,55,172,57,178,59,167,48,146,0,0,0,0,0,0,3,8,50 高雄市,2 技職
104,0047,國立高雄餐旅大學,D 日,C 二技,93,22,71,0,0,0,0,10,38,10,33,0,0,0,0,0,0,2,0,50 高雄市,2 技職
104,0047,國立高雄餐旅大學,N 修,C 二技,287,67,220,0,0,0,0,34,104,29,114,0,0,0,0,0,0,4,2,50 高雄市,2 技職
104,0047,國立高雄餐旅大學,N 修,X 4+X,26,10,16,10,16,0,0,0,0,0,0,0,0,0,0,0,0,0,0,50 高雄市,2 技職
104,0047,國立高雄餐旅大學,N 修,2 二專,278,92,186,32,89,50,89,0,0,0,0,0,0,0,0,0,0,10,8,50 高雄市,2 技職
104,0047,國立高雄餐旅大學,D 日,5 五專,213,77,136,20,31,17,33,10,25,13,13,15,34,0,0,0,0,2,0,50 高雄市,2 技職
104,0048,國立金門大學,D 日,M 碩士,199,129,70,53,28,42,28,26,10,8,4,0,0,0,0,0,0,0,0,71 金門縣,1 一般
104,0048,國立金門大學,N 職,M 碩士,53,45,8,20,4,16,4,0,0,0,0,0,0,0,0,0,0,9,0,71 金門縣,1 一般
104,0048,國立金門大學,D 日,B 學士,3317,1702,1615,432,400,444,408,351,424,392,340,0,0,0,0,0,0,83,43,71 金門縣,1 一般
104,0048,國立金門大學,P 進,B 學士,820,473,347,145,99,113,78,93,72,94,83,0,0,0,0,0,0,28,15,71 金門縣,1 一般
104,0049,國立臺灣體育運動大學,D 日,M 碩士,277,146,131,46,48,49,32,27,25,19,13,0,0,0,0,0,0,5,13,19 臺中市,1 一般
104,0049,國立臺灣體育運動大學,N 職,M 碩士,113,74,39,29,15,25,14,13,4,4,6,1,0,1,0,1,0,0,0,19 臺中市,1 一般
104,0049,國立臺灣體育運動大學,D 日,B 學士,2422,1469,953,382,234,328,226,287,231,333,212,0,0,0,0,0,0,139,50,19 臺中市,1 一般
104,0049,國立臺灣體育運動大學,P 進,B 學士,380,280,100,70,29,64,22,55,21,70,20,0,0,0,0,0,0,21,8,19 臺中市,1 一般
104,0050,國立臺中科技大學,D 日,M 碩士,405,195,210,70,83,82,100,37,22,6,5,0,0,0,0,0,0,0,0,19 臺中市,2 技職
104,0050,國立臺中科技大學,N 職,M 碩士,152,67,85,31,47,23,30,6,6,6,0,1,2,0,0,0,0,0,0,19 臺中市,2 技職
104,0050,國立臺中科技大學,D 日,B 四技,5041,1441,3600,371,1032,342,881,321,835,355,788,0,0,0,0,0,0,52,64,19 臺中市,2 技職
104,0050,國立臺中科技大學,N 修,B 四技,2260,717,1543,184,365,199,380,150,368,152,367,0,0,0,0,0,0,32,63,19 臺中市,2 技職
104,0050,國立臺中科技大學,D 日,C 二技,1533,279,1254,0,0,0,0,135,675,136,536,0,0,0,0,0,0,8,43,19 臺中市,2 技職
104,0050,國立臺中科技大學,N 修,C 二技,411,121,290,0,0,0,0,64,130,45,142,0,0,0,0,0,0,12,18,19 臺中市,2 技職
104,0050,國立臺中科技大學,D 日,2 二專,67,3,64,0,0,0,52,0,0,0,0,0,0,0,0,0,0,3,12,19 臺中市,2 技職
104,0050,國立臺中科技大學,N 修,2 二專,181,16,165,9,80,7,74,0,0,0,0,0,0,0,0,0,0,0,11,19 臺中市,2 技職
104,0050,國立臺中科技大學,D 日,5 五專,3825,742,3083,137,583,162,633,127,633,160,612,144,594,0,0,0,0,12,28,19 臺中市,2 技職
104,0051,國立臺北商業大學,D 日,M 碩士,155,61,94,28,37,20,52,10,4,3,1,0,0,0,0,0,0,0,0,30 臺北市,2 技職
104,0051,國立臺北商業大學,N 職,M 碩士,21,12,9,9,3,3,6,0,0,0,0,0,0,0,0,0,0,0,0,30 臺北市,2 技職
104,0051,國立臺北商業大學,D 日,B 四技,2163,612,1551,142,413,167,383,129,378,159,336,0,0,0,0,0,0,15,41,30 臺北市,2 技職
104,0051,國立臺北商業大學,N 修,B 四技,656,188,468,61,106,32,120,44,110,35,103,14,26,0,0,0,0,2,3,30 臺北市,2 技職
104,0051,國立臺北商業大學,D 日,C 二技,713,136,577,0,0,0,0,70,308,61,247,0,0,0,0,0,0,5,22,30 臺北市,2 技職
104,0051,國立臺北商業大學,N 修,C 二技,946,283,663,0,0,0,0,147,326,118,314,0,0,0,0,0,0,18,23,30 臺北市,2 技職
104,0051,國立臺北商業大學,N 修,2 二專,213,85,128,0,0,56,94,18,16,0,0,0,0,0,0,0,0,11,18,30 臺北市,2 技職
104,0051,國立臺北商業大學,D 日,5 五專,1978,507,1471,114,281,117,284,93,299,96,283,73,302,0,0,0,0,14,22,30 臺北市,2 技職
104,0052,國立屏東大學,D 日,D 博士,51,33,18,2,8,7,3,8,0,7,2,5,2,4,2,0,1,0,0,13 屏東縣,1 一般
104,0052,國立屏東大學,D 日,M 碩士,911,363,548,133,167,101,191,63,97,66,93,0,0,0,0,0,0,0,0,13 屏東縣,1 一般
104,0052,國立屏東大學,N 職,M 碩士,389,91,298,33,97,25,102,8,45,14,18,11,36,0,0,0,0,0,0,13 屏東縣,1 一般
104,0052,國立屏東大學,S 暑,M 碩士,91,29,62,7,17,9,19,11,23,2,1,0,2,0,0,0,0,0,0,13 屏東縣,1 一般
104,0052,國立屏東大學,D 日,B 學士,6707,2635,4072,641,1045,659,1004,644,957,580,984,0,0,0,0,0,0,111,82,13 屏東縣,1 一般
104,0052,國立屏東大學,P 進,B 學士,597,247,350,42,52,66,84,50,83,56,103,0,0,0,0,0,0,33,28,13 屏東縣,1 一般
104,0052,國立屏東大學,D 日,C 二技,1,0,1,0,0,0,0,0,0,0,1,0,0,0,0,0,0,0,0,13 屏東縣,2 技職
104,0144,國立臺灣戲曲學院,D 日,B 四技,515,174,341,44,99,46,84,41,77,35,66,0,0,0,0,0,0,8,15,30 臺北市,2 技職
104,0144,國立臺灣戲曲學院,N 修,B 四技,60,27,33,12,10,7,8,8,15,0,0,0,0,0,0,0,0,0,0,30 臺北市,2 技職
104,0221,國立臺南護理專科學校,D 日,2 二專,100,6,94,5,51,1,42,0,0,0,0,0,0,0,0,0,0,0,1,21 臺南市,2 技職
104,0221,國立臺南護理專科學校,N 修,2 二專,83,10,73,6,33,3,36,0,0,0,0,0,0,0,0,0,0,1,4,21 臺南市,2 技職
104,0221,國立臺南護理專科學校,D 日,5 五專,1763,100,1663,23,348,27,328,26,331,12,320,11,331,0,0,0,0,1,5,21 臺南市,2 技職
104,0222,國立臺東專科學校,D 日,2 二專,494,332,162,161,91,162,68,0,0,0,0,0,0,0,0,0,0,9,3,14 臺東縣,2 技職
104,0222,國立臺東專科學校,N 修,2 二專,109,51,58,24,24,23,34,0,0,0,0,0,0,0,0,0,0,4,0,14 臺東縣,2 技職
104,0222,國立臺東專科學校,D 日,5 五專,660,343,317,86,77,55,59,71,69,58,58,65,49,0,0,0,0,8,5,14 臺東縣,2 技職
104,1001,東海大學,D 日,D 博士,227,135,92,27,18,15,15,22,10,18,12,15,9,24,12,14,16,0,0,19 臺中市,1 一般
104,1001,東海大學,D 日,M 碩士,1459,786,673,240,235,267,208,156,118,123,112,0,0,0,0,0,0,0,0,19 臺中市,1 一般
104,1001,東海大學,N 職,M 碩士,778,368,410,114,128,108,124,63,53,83,105,0,0,0,0,0,0,0,0,19 臺中市,1 一般
104,1001,東海大學,D 日,B 學士,13844,6293,7551,1518,1800,1555,1863,1433,1846,1400,1785,14,16,0,0,0,0,373,241,19 臺中市,1 一般
104,1001,東海大學,P 進,B 學士,625,316,309,55,68,85,65,63,50,56,59,33,54,0,0,0,0,24,13,19 臺中市,1 一般
104,1002,輔仁大學,D 日,D 博士,453,251,202,45,33,42,27,32,29,30,32,36,24,25,17,39,38,2,2,01 新北市,1 一般
104,1002,輔仁大學,D 日,M 碩士,2165,970,1195,322,408,302,316,175,227,166,233,0,0,0,0,0,0,5,11,01 新北市,1 一般
104,1002,輔仁大學,N 職,M 碩士,1641,711,930,224,316,198,275,91,115,74,93,0,0,0,0,0,0,124,131,01 新北市,1 一般
104,1002,輔仁大學,D 日,B 學士,18281,7760,10521,1867,2505,1848,2553,1733,2580,1655,2360,36,9,29,12,29,15,563,487,01 新北市,1 一般
104,1002,輔仁大學,P 進,B 學士,4827,1769,3058,450,753,425,740,396,690,336,659,0,0,0,0,0,0,162,216,01 新北市,1 一般
104,1002,輔仁大學,N 修,C 二技,60,0,60,0,0,0,0,0,34,0,22,0,0,0,0,0,0,0,4,01 新北市,2 技職
104,1003,東吳大學,D 日,D 博士,102,54,48,10,10,10,9,11,3,5,8,4,9,6,3,8,6,0,0,30 臺北市,1 一般
104,1003,東吳大學,D 日,M 碩士,1197,560,637,173,220,169,185,96,109,122,123,0,0,0,0,0,0,0,0,30 臺北市,1 一般
104,1003,東吳大學,N 職,M 碩士,1155,537,618,166,175,113,169,91,95,62,59,53,67,52,53,0,0,0,0,30 臺北市,1 一般
104,1003,東吳大學,D 日,B 學士,12131,4921,7210,1169,1762,1125,1722,1103,1639,1018,1610,128,130,0,0,0,0,378,347,30 臺北市,1 一般
104,1003,東吳大學,P 進,B 學士,1211,378,833,78,184,66,181,81,155,77,154,54,124,0,0,0,0,22,35,30 臺北市,1 一般
104,1004,中原大學,D 日,D 博士,354,276,78,54,20,49,9,48,16,37,14,37,10,24,6,27,3,0,0,03 桃園市,1 一般
104,1004,中原大學,D 日,M 碩士,1696,1079,617,430,244,403,215,167,88,79,70,0,0,0,0,0,0,0,0,03 桃園市,1 一般
104,1004,中原大學,N 職,M 碩士,987,632,355,198,136,151,114,118,42,67,21,62,21,36,21,0,0,0,0,03 桃園市,1 一般
104,1004,中原大學,D 日,B 學士,13266,7502,5764,1801,1452,1842,1408,1718,1370,1644,1254,68,91,0,0,0,0,429,189,03 桃園市,1 一般
104,1004,中原大學,P 進,B 學士,1,1,0,0,0,0,0,0,0,0,0,0,0,0,0,0,0,1,0,03 桃園市,1 一般
104,1004,中原大學,D 日,X 4+X,13,5,8,4,7,0,0,0,0,0,0,0,0,0,0,0,0,1,1,03 桃園市,1 一般
104,1005,淡江大學,D 日,D 博士,496,333,163,63,18,41,27,56,26,0,0,0,0,0,0,0,0,173,92,01 新北市,1 一般
104,1005,淡江大學,D 日,M 碩士,1972,1156,816,466,295,418,262,0,0,0,0,0,0,0,0,0,0,272,259,01 新北市,1 一般
104,1005,淡江大學,N 職,M 碩士,1227,652,575,221,215,227,208,0,0,0,0,0,0,0,0,0,0,204,152,01 新北市,1 一般
104,1005,淡江大學,D 日,B 學士,20972,10761,10211,2572,2483,2543,2460,2509,2476,2370,2401,38,28,0,0,0,0,729,363,01 新北市,1 一般
104,1005,淡江大學,P 進,B 學士,2323,1230,1093,295,314,323,247,256,238,250,227,0,0,0,0,0,0,106,67,01 新北市,1 一般
104,1005,淡江大學,N 修,C 二技,51,16,35,0,0,0,0,5,13,9,12,2,8,0,0,0,0,0,2,01 新北市,2 技職
104,1006,中國文化大學,D 日,D 博士,505,309,196,43,35,45,26,42,23,47,24,40,22,48,31,44,35,0,0,30 臺北市,1 一般
104,1006,中國文化大學,D 日,M 碩士,1581,853,728,288,246,243,193,167,132,155,157,0,0,0,0,0,0,0,0,30 臺北市,1 一般
104,1006,中國文化大學,N 職,M 碩士,603,256,347,76,127,72,101,48,65,39,35,0,0,0,0,0,0,21,19,30 臺北市,1 一般
104,1006,中國文化大學,D 日,B 學士,21348,10070,11278,2366,2771,2361,2761,2376,2615,2195,2584,0,0,0,0,0,0,772,547,30 臺北市,1 一般
104,1006,中國文化大學,P 進,B 學士,2555,1055,1500,265,278,240,358,232,341,193,369,0,0,0,0,0,0,125,154,30 臺北市,1 一般
104,1006,中國文化大學,N 修,C 二技,102,44,58,0,0,0,0,20,20,17,29,7,8,0,0,0,0,0,1,30 臺北市,2 技職
104,1007,逢甲大學,D 日,D 博士,408,295,113,68,27,45,23,39,14,54,16,36,13,29,11,23,8,1,1,19 臺中市,1 一般
104,1007,逢甲大學,D 日,M 碩士,1646,1153,493,521,228,480,200,109,45,43,20,0,0,0,0,0,0,0,0,19 臺中市,1 一般
104,1007,逢甲大學,N 職,M 碩士,1110,705,405,276,169,260,172,78,33,54,21,37,10,0,0,0,0,0,0,19 臺中市,1 一般
104,1007,逢甲大學,D 日,B 學士,17063,10634,6429,2600,1539,2588,1611,2496,1583,2419,1547,53,45,0,0,0,0,478,104,19 臺中市,1 一般
104,1007,逢甲大學,P 進,B 學士,974,529,445,135,114,137,109,138,106,97,85,0,0,0,0,0,0,22,31,19 臺中市,1 一般
104,1008,靜宜大學,D 日,D 博士,36,24,12,5,3,3,4,2,1,5,2,1,1,1,1,7,0,0,0,06 臺中市,1 一般
104,1008,靜宜大學,D 日,M 碩士,580,239,341,79,143,60,88,55,72,45,38,0,0,0,0,0,0,0,0,06 臺中市,1 一般
104,1008,靜宜大學,N 職,M 碩士,326,154,172,51,53,35,59,24,30,44,30,0,0,0,0,0,0,0,0,06 臺中市,1 一般
104,1008,靜宜大學,D 日,B 學士,11446,4345,7101,1008,1681,1074,1675,984,1740,951,1709,0,0,0,0,0,0,328,296,06 臺中市,1 一般
104,1008,靜宜大學,P 進,B 學士,47,25,22,0,0,0,0,0,0,20,17,0,0,0,0,0,0,5,5,06 臺中市,1 一般
104,1009,長庚大學,D 日,D 博士,550,385,165,64,30,59,24,53,21,48,24,40,20,46,19,45,12,30,15,03 桃園市,1 一般
104,1009,長庚大學,D 日,M 碩士,1322,721,601,269,233,271,202,134,84,40,60,0,0,0,0,0,0,7,22,03 桃園市,1 一般
104,1009,長庚大學,N 職,M 碩士,296,177,119,37,38,50,33,36,17,23,5,13,14,18,12,0,0,0,0,03 桃園市,1 一般
104,1009,長庚大學,D 日,B 學士,5218,2844,2374,620,535,619,526,593,551,599,512,104,50,97,51,95,63,117,86,03 桃園市,1 一般
104,1010,元智大學,D 日,D 博士,307,233,74,34,16,39,16,42,4,34,10,39,8,22,10,23,10,0,0,03 桃園市,1 一般
104,1010,元智大學,D 日,M 碩士,1053,727,326,305,131,286,133,92,36,44,26,0,0,0,0,0,0,0,0,03 桃園市,1 一般
104,1010,元智大學,N 職,M 碩士,837,553,284,148,108,192,128,75,16,56,17,45,9,37,6,0,0,0,0,03 桃園市,1 一般
104,1010,元智大學,D 日,B 學士,7223,4043,3180,1045,759,993,777,929,782,873,773,0,0,0,0,0,0,203,89,03 桃園市,1 一般
104,1011,中華大學,D 日,D 博士,126,103,23,18,4,23,5,12,4,13,1,15,4,8,2,11,3,3,0,18 新竹市,1 一般
104,1011,中華大學,D 日,M 碩士,645,380,265,202,202,102,41,43,12,33,10,0,0,0,0,0,0,0,0,18 新竹市,1 一般
104,1011,中華大學,N 職,M 碩士,261,151,110,77,71,47,35,15,3,12,1,0,0,0,0,0,0,0,0,18 新竹市,1 一般
104,1011,中華大學,D 日,B 學士,7062,4257,2805,1050,712,974,660,962,658,937,683,0,0,0,0,0,0,334,92,18 新竹市,1 一般
104,1011,中華大學,P 進,B 學士,211,135,76,50,25,20,11,30,23,33,16,0,0,0,0,0,0,2,1,18 新竹市,1 一般
104,1011,中華大學,N 修,C 二技,168,101,67,0,0,0,0,31,8,66,59,0,0,0,0,0,0,4,0,18 新竹市,2 技職
104,1012,大葉大學,D 日,D 博士,128,95,33,22,8,19,4,18,5,15,2,4,5,11,2,6,7,0,0,07 彰化縣,1 一般
104,1012,大葉大學,D 日,M 碩士,758,422,336,213,168,119,108,52,41,38,19,0,0,0,0,0,0,0,0,07 彰化縣,1 一般
104,1012,大葉大學,N 職,M 碩士,563,243,320,156,248,43,49,25,16,10,6,4,1,5,0,0,0,0,0,07 彰化縣,1 一般
104,1012,大葉大學,D 日,B 學士,8920,4874,4046,1182,1152,1144,1063,1205,912,1099,833,0,0,0,0,0,0,244,86,07 彰化縣,1 一般
104,1012,大葉大學,P 進,B 學士,1522,940,582,341,236,205,165,191,86,176,86,0,0,0,0,0,0,27,9,07 彰化縣,1 一般
104,1013,華梵大學,D 日,D 博士,53,30,23,4,3,7,5,7,5,3,3,3,3,3,4,3,0,0,0,01 新北市,1 一般
104,1013,華梵大學,D 日,M 碩士,306,158,148,47,52,30,57,42,26,39,13,0,0,0,0,0,0,0,0,01 新北市,1 一般
104,1013,華梵大學,N 職,M 碩士,270,105,165,23,81,18,51,14,7,17,8,16,9,17,9,0,0,0,0,01 新北市,1 一般
104,1013,華梵大學,D 日,B 學士,2613,1416,1197,375,331,333,305,303,259,315,263,0,0,0,0,0,0,90,39,01 新北市,1 一般
104,1014,義守大學,D 日,D 博士,137,105,32,17,7,21,6,19,4,10,4,12,3,13,4,13,4,0,0,12 高雄市,1 一般
104,1014,義守大學,D 日,M 碩士,576,412,164,152,71,168,70,69,15,23,8,0,0,0,0,0,0,0,0,12 高雄市,1 一般
104,1014,義守大學,N 職,M 碩士,452,274,178,104,60,126,89,0,0,0,0,0,0,0,0,0,0,44,29,12 高雄市,1 一般
104,1014,義守大學,D 日,B 學士,13137,6862,6275,1594,1606,1668,1570,1583,1536,1569,1390,26,17,0,0,0,0,422,156,12 高雄市,1 一般
104,1014,義守大學,P 進,B 學士,2048,1277,771,414,216,268,157,214,152,263,206,0,0,0,0,0,0,118,40,12 高雄市,1 一般
104,1014,義守大學,N 修,C 二技,316,50,266,0,0,0,0,24,125,23,131,0,0,0,0,0,0,3,10,12 高雄市,2 技職
104,1015,世新大學,D 日,D 博士,76,34,42,8,8,8,8,4,8,4,2,4,4,4,4,2,8,0,0,30 臺北市,1 一般
104,1015,世新大學,D 日,M 碩士,681,361,320,106,95,95,114,87,56,72,54,0,0,0,0,0,0,1,1,30 臺北市,1 一般
104,1015,世新大學,N 職,M 碩士,930,513,417,151,133,119,119,90,45,66,50,55,29,0,0,0,0,32,41,30 臺北市,1 一般
104,1015,世新大學,D 日,B 學士,9959,3629,6330,836,1572,850,1533,886,1552,834,1499,0,0,0,0,0,0,223,174,30 臺北市,1 一般
104,1015,世新大學,P 進,B 學士,145,55,90,38,44,17,46,0,0,0,0,0,0,0,0,0,0,0,0,30 臺北市,1 一般
104,1015,世新大學,N 修,C 二技,59,18,41,0,0,0,0,8,12,7,24,0,0,0,0,0,0,3,5,30 臺北市,2 技職
104,1016,銘傳大學,D 日,D 博士,59,31,28,4,5,4,5,6,7,3,3,3,6,7,1,4,1,0,0,30 臺北市,1 一般
104,1016,銘傳大學,D 日,M 碩士,720,374,346,131,140,140,119,55,49,48,36,0,0,0,0,0,0,0,2,30 臺北市,1 一般
104,1016,銘傳大學,N 職,M 碩士,847,383,464,138,181,157,196,42,33,20,18,16,19,10,17,0,0,0,0,30 臺北市,1 一般
104,1016,銘傳大學,D 日,B 學士,17787,7092,10695,1704,2634,1634,2573,1594,2558,1628,2486,21,26,0,0,0,0,511,418,30 臺北市,1 一般
104,1017,實踐大學,D 日,D 博士,14,6,8,4,3,0,3,0,0,0,0,0,0,0,0,0,0,2,2,30 臺北市,1 一般
104,1017,實踐大學,D 日,M 碩士,389,202,187,66,60,59,62,4,2,0,0,0,0,0,0,0,0,73,63,30 臺北市,1 一般
104,1017,實踐大學,N 職,M 碩士,198,100,98,45,33,27,30,4,6,0,0,0,0,0,0,0,0,24,29,30 臺北市,1 一般
104,1017,實踐大學,D 日,B 學士,12476,4399,8077,1097,2024,1047,2013,1025,1893,979,1895,16,21,0,0,0,0,235,231,30 臺北市,1 一般
104,1017,實踐大學,P 進,B 學士,2408,696,1712,197,458,160,372,156,384,130,379,0,0,0,0,0,0,53,119,30 臺北市,1 一般
104,1017,實踐大學,N 修,C 二技,130,12,118,0,0,0,0,9,45,2,52,0,0,0,0,0,0,1,21,30 臺北市,2 技職
104,1017,實踐大學,D 日,X 4+X,1,1,0,0,0,0,0,0,0,0,0,0,0,0,0,0,0,1,0,30 臺北市,1 一般
104,1018,朝陽科技大學,D 日,D 博士,89,74,15,15,4,13,3,11,1,10,3,12,3,8,1,3,0,2,0,06 臺中市,2 技職
104,1018,朝陽科技大學,D 日,M 碩士,748,416,332,157,140,130,117,0,0,0,0,0,0,0,0,0,0,129,75,06 臺中市,2 技職
104,1018,朝陽科技大學,N 職,M 碩士,479,226,253,94,86,68,74,0,0,0,0,0,0,0,0,0,0,64,93,06 臺中市,2 技職
104,1018,朝陽科技大學,D 日,B 四技,11672,4809,6863,1146,1652,1169,1719,1144,1694,1124,1664,0,0,0,0,0,0,226,134,06 臺中市,2 技職
104,1018,朝陽科技大學,N 修,B 四技,3337,1650,1687,449,399,365,368,325,369,372,433,0,0,0,0,0,0,139,118,06 臺中市,2 技職
104,1018,朝陽科技大學,D 日,C 二技,24,13,11,0,0,0,0,8,6,4,5,0,0,0,0,0,0,1,0,06 臺中市,2 技職
104,1019,高雄醫學大學,D 日,D 博士,325,177,148,36,28,25,23,29,22,32,21,23,21,19,17,13,16,0,0,50 高雄市,1 一般
104,1019,高雄醫學大學,D 日,M 碩士,604,221,383,98,158,86,142,31,57,6,26,0,0,0,0,0,0,0,0,50 高雄市,1 一般
104,1019,高雄醫學大學,N 職,M 碩士,204,94,110,42,40,38,54,10,9,1,3,3,4,0,0,0,0,0,0,50 高雄市,1 一般
104,1019,高雄醫學大學,D 日,B 學士,5627,2559,3068,523,747,537,713,528,654,481,660,189,103,128,106,108,42,65,43,50 高雄市,1 一般
104,1019,高雄醫學大學,N 修,C 二技,123,12,111,0,0,0,0,1,18,4,36,7,57,0,0,0,0,0,0,50 高雄市,2 技職
104,1019,高雄醫學大學,D 日,X 4+X,11,3,8,3,8,0,0,0,0,0,0,0,0,0,0,0,0,0,0,50 高雄市,1 一般
104,1020,南華大學,D 日,D 博士,36,26,10,10,4,3,1,3,2,6,1,4,0,0,2,0,0,0,0,10 嘉義縣,1 一般
104,1020,南華大學,D 日,M 碩士,638,259,379,104,173,73,109,39,56,37,40,0,0,0,0,0,0,6,1,10 嘉義縣,1 一般
104,1020,南華大學,N 職,M 碩士,417,190,227,74,78,52,74,24,33,26,27,0,0,0,0,0,0,14,15,10 嘉義縣,1 一般
104,1020,南華大學,D 日,B 學士,4237,2075,2162,573,654,536,607,429,444,411,406,0,0,0,0,0,0,126,51,10 嘉義縣,1 一般
104,1020,南華大學,P 進,B 學士,227,136,91,57,47,55,35,22,7,1,0,0,0,0,0,0,0,1,2,10 嘉義縣,1 一般
104,1021,真理大學,D 日,M 碩士,157,85,72,39,37,24,17,17,12,5,6,0,0,0,0,0,0,0,0,01 新北市,1 一般
104,1021,真理大學,N 職,M 碩士,13,7,6,2,4,4,2,1,0,0,0,0,0,0,0,0,0,0,0,01 新北市,1 一般
104,1021,真理大學,D 日,B 學士,7791,3701,4090,885,995,868,1030,863,919,788,1009,0,0,0,0,0,0,297,137,01 新北市,1 一般
104,1021,真理大學,P 進,B 學士,558,275,283,59,60,35,25,58,53,77,99,0,0,0,0,0,0,46,46,01 新北市,1 一般
104,1022,大同大學,D 日,D 博士,134,89,45,15,7,11,6,14,12,12,9,10,6,17,4,10,1,0,0,30 臺北市,1 一般
104,1022,大同大學,D 日,M 碩士,426,305,121,132,66,115,42,44,10,14,3,0,0,0,0,0,0,0,0,30 臺北市,1 一般
104,1022,大同大學,N 職,M 碩士,399,306,93,91,29,61,21,63,30,63,7,28,6,0,0,0,0,0,0,30 臺北市,1 一般
104,1022,大同大學,D 日,B 學士,3733,2450,1283,585,325,616,288,569,316,534,319,0,0,0,0,0,0,146,35,30 臺北市,1 一般
104,1023,南臺科技大學,D 日,D 博士,72,64,8,13,2,18,2,13,3,5,0,5,1,7,0,3,0,0,0,11 臺南市,2 技職
104,1023,南臺科技大學,D 日,M 碩士,944,597,347,227,145,229,140,92,44,47,17,0,0,0,0,0,0,2,1,11 臺南市,2 技職
104,1023,南臺科技大學,N 職,M 碩士,503,258,245,101,105,76,84,33,28,24,10,12,8,12,10,0,0,0,0,11 臺南市,2 技職
104,1023,南臺科技大學,D 日,B 四技,13072,7079,5993,1763,1446,1793,1486,1658,1463,1590,1411,0,0,0,0,0,0,275,187,11 臺南市,2 技職
104,1023,南臺科技大學,N 修,B 四技,4253,2333,1920,610,463,556,443,481,407,494,464,0,0,0,0,0,0,192,143,11 臺南市,2 技職
104,1023,南臺科技大學,D 日,C 二技,248,58,190,0,0,0,0,28,109,30,78,0,0,0,0,0,0,0,3,11 臺南市,2 技職
104,1023,南臺科技大學,N 修,C 二技,228,113,115,0,0,0,0,51,45,52,51,0,0,0,0,0,0,10,19,11 臺南市,2 技職
104,1024,崑山科技大學,D 日,D 博士,34,27,7,2,4,8,1,4,2,4,0,4,0,4,0,1,0,0,0,11 臺南市,2 技職
104,1024,崑山科技大學,D 日,M 碩士,428,322,106,155,47,116,41,36,10,15,8,0,0,0,0,0,0,0,0,11 臺南市,2 技職
104,1024,崑山科技大學,N 職,M 碩士,201,152,49,65,24,64,19,11,4,12,2,0,0,0,0,0,0,0,0,11 臺南市,2 技職
104,1024,崑山科技大學,D 日,B 四技,8522,5033,3489,1238,861,1291,906,1192,853,1113,766,0,0,0,0,0,0,199,103,11 臺南市,2 技職
104,1024,崑山科技大學,N 修,B 四技,3201,2064,1137,712,346,433,293,400,220,385,210,0,0,0,0,0,0,134,68,11 臺南市,2 技職
104,1024,崑山科技大學,D 日,C 二技,13,7,6,0,0,0,0,4,3,3,3,0,0,0,0,0,0,0,0,11 臺南市,2 技職
104,1024,崑山科技大學,N 修,C 二技,237,167,70,0,0,0,0,75,27,89,41,0,0,0,0,0,0,3,2,11 臺南市,2 技職
104,1025,嘉南藥理大學,D 日,M 碩士,312,154,158,61,60,75,77,14,17,4,4,0,0,0,0,0,0,0,0,11 臺南市,2 技職
104,1025,嘉南藥理大學,N 職,M 碩士,219,93,126,53,62,28,56,10,6,0,2,1,0,1,0,0,0,0,0,11 臺南市,2 技職
104,1025,嘉南藥理大學,D 日,B 四技,12867,5181,7686,1278,1887,1319,2021,1242,1883,1211,1800,0,0,0,0,0,0,131,95,11 臺南市,2 技職
104,1025,嘉南藥理大學,N 修,B 四技,3121,1603,1518,490,479,332,315,322,303,374,362,0,0,0,0,0,0,85,59,11 臺南市,2 技職
104,1025,嘉南藥理大學,D 日,C 二技,259,37,222,0,0,0,0,13,97,24,125,0,0,0,0,0,0,0,0,11 臺南市,2 技職
104,1025,嘉南藥理大學,N 修,C 二技,179,54,125,0,0,0,0,32,83,20,38,0,0,0,0,0,0,2,4,11 臺南市,2 技職
104,1025,嘉南藥理大學,N 修,X 4+X,14,11,3,11,3,0,0,0,0,0,0,0,0,0,0,0,0,0,0,11 臺南市,2 技職
104,1026,樹德科技大學,D 日,D 博士,26,15,11,2,4,3,4,3,0,0,0,0,0,0,0,0,0,7,3,12 高雄市,2 技職
104,1026,樹德科技大學,D 日,M 碩士,326,159,167,61,67,46,59,0,0,0,0,0,0,0,0,0,0,52,41,12 高雄市,2 技職
104,1026,樹德科技大學,N 職,M 碩士,469,207,262,62,126,81,92,6,7,0,0,0,0,0,0,0,0,58,37,12 高雄市,2 技職
104,1026,樹德科技大學,D 日,B 四技,8378,3594,4784,880,1201,873,1141,821,1171,743,1107,0,0,0,0,0,0,277,164,12 高雄市,2 技職
104,1026,樹德科技大學,N 修,B 四技,1841,965,876,267,270,203,177,195,163,203,187,0,0,0,0,0,0,97,79,12 高雄市,2 技職
104,1026,樹德科技大學,D 日,C 二技,8,2,6,0,0,0,0,1,4,1,2,0,0,0,0,0,0,0,0,12 高雄市,2 技職
104,1026,樹德科技大學,N 修,C 二技,299,77,222,0,0,0,0,48,113,29,107,0,0,0,0,0,0,0,2,12 高雄市,2 技職
104,1027,慈濟大學,D 日,D 博士,104,58,46,11,9,11,15,11,6,5,5,6,3,8,4,6,4,0,0,15 花蓮縣,1 一般
104,1027,慈濟大學,D 日,M 碩士,347,136,211,61,81,41,50,15,40,19,40,0,0,0,0,0,0,0,0,15 花蓮縣,1 一般
104,1027,慈濟大學,N 職,M 碩士,35,8,27,0,9,4,12,0,2,3,4,1,0,0,0,0,0,0,0,15 花蓮縣,1 一般
104,1027,慈濟大學,D 日,B 學士,2934,1168,1766,300,463,225,387,256,393,239,387,25,29,31,21,39,15,53,71,15 花蓮縣,1 一般
104,1028,臺北醫學大學,D 日,D 博士,408,229,179,36,28,37,36,37,29,40,23,30,23,27,29,21,11,1,0,30 臺北市,1 一般
104,1028,臺北醫學大學,D 日,M 碩士,608,255,353,97,161,96,139,41,33,21,20,0,0,0,0,0,0,0,0,30 臺北市,1 一般
104,1028,臺北醫學大學,N 職,M 碩士,228,47,181,27,65,9,55,6,39,5,22,0,0,0,0,0,0,0,0,30 臺北市,1 一般
104,1028,臺北醫學大學,D 日,B 學士,4596,2011,2585,396,580,412,567,384,539,345,602,170,93,134,118,126,41,44,45,30 臺北市,1 一般
104,1028,臺北醫學大學,N 修,C 二技,55,1,54,0,0,0,0,0,0,0,0,1,50,0,0,0,0,0,4,30 臺北市,2 技職
104,1029,中山醫學大學,D 日,D 博士,225,149,76,26,15,31,15,29,12,15,11,23,7,16,9,9,7,0,0,19 臺中市,1 一般
104,1029,中山醫學大學,D 日,M 碩士,489,190,299,76,125,76,116,27,41,11,17,0,0,0,0,0,0,0,0,19 臺中市,1 一般
104,1029,中山醫學大學,N 職,M 碩士,125,40,85,8,37,18,31,13,14,0,3,1,0,0,0,0,0,0,0,19 臺中市,1 一般
104,1029,中山醫學大學,D 日,B 學士,6406,2723,3683,556,873,585,818,542,883,566,817,147,80,150,81,94,44,83,87,19 臺中市,1 一般
104,1029,中山醫學大學,P 進,B 學士,143,58,85,0,1,7,13,9,16,30,48,0,0,0,0,0,0,12,7,19 臺中市,1 一般
104,1029,中山醫學大學,N 修,C 二技,102,45,57,0,0,0,0,17,24,16,24,12,9,0,0,0,0,0,0,19 臺中市,2 技職
104,1029,中山醫學大學,D 日,X 4+X,14,10,4,0,0,0,0,10,4,0,0,0,0,0,0,0,0,0,0,19 臺中市,1 一般
104,1030,龍華科技大學,D 日,M 碩士,349,267,82,98,34,128,40,25,7,16,1,0,0,0,0,0,0,0,0,03 桃園市,2 技職
104,1030,龍華科技大學,N 職,M 碩士,76,64,12,20,3,16,7,0,0,0,0,0,0,0,0,0,0,28,2,03 桃園市,2 技職
104,1030,龍華科技大學,D 日,B 四技,6755,4210,2545,973,617,1035,606,991,629,990,615,0,0,0,0,0,0,221,78,03 桃園市,2 技職
104,1030,龍華科技大學,N 修,B 四技,3778,2709,1069,876,261,642,259,504,237,530,287,0,0,0,0,0,0,157,25,03 桃園市,2 技職
104,1030,龍華科技大學,D 日,C 二技,11,7,4,0,0,0,0,2,1,5,3,0,0,0,0,0,0,0,0,03 桃園市,2 技職
104,1030,龍華科技大學,N 修,C 二技,150,96,54,0,0,0,0,40,22,50,26,0,0,0,0,0,0,6,6,03 桃園市,2 技職
104,1030,龍華科技大學,D 日,2 二專,11,6,5,0,0,6,5,0,0,0,0,0,0,0,0,0,0,0,0,03 桃園市,2 技職
104,1030,龍華科技大學,D 日,5 五專,38,33,5,33,5,0,0,0,0,0,0,0,0,0,0,0,0,0,0,03 桃園市,2 技職
104,1031,輔英科技大學,D 日,M 碩士,123,45,78,16,22,20,24,7,12,2,17,0,0,0,0,0,0,0,3,12 高雄市,2 技職
104,1031,輔英科技大學,N 職,M 碩士,46,3,43,1,11,2,12,0,15,0,3,0,0,0,0,0,0,0,2,12 高雄市,2 技職
104,1031,輔英科技大學,D 日,B 四技,4033,1726,2307,405,596,420,534,374,516,402,544,0,0,0,0,0,0,125,117,12 高雄市,2 技職
104,1031,輔英科技大學,N 修,B 四技,558,335,223,91,62,83,52,45,28,78,68,0,0,0,0,0,0,38,13,12 高雄市,2 技職
104,1031,輔英科技大學,D 日,C 二技,1336,143,1193,0,0,0,0,76,639,61,543,0,0,0,0,0,0,6,11,12 高雄市,2 技職
104,1031,輔英科技大學,N 修,C 二技,582,122,460,0,0,0,0,54,216,47,198,17,24,0,0,0,0,4,22,12 高雄市,2 技職
104,1031,輔英科技大學,D 日,5 五專,2901,276,2625,53,460,57,503,53,508,55,534,49,580,0,0,0,0,9,40,12 高雄市,2 技職
104,1032,明新科技大學,D 日,M 碩士,343,251,92,98,39,92,31,39,13,22,9,0,0,0,0,0,0,0,0,04 新竹縣,2 技職
104,1032,明新科技大學,N 職,M 碩士,235,176,59,57,26,60,13,31,7,14,10,0,0,0,0,0,0,14,3,04 新竹縣,2 技職
104,1032,明新科技大學,D 日,B 四技,8692,5099,3593,1250,847,1236,856,1214,884,1175,893,0,0,0,0,0,0,224,113,04 新竹縣,2 技職
104,1032,明新科技大學,N 修,B 四技,3946,2303,1643,633,427,551,380,465,319,424,377,0,0,0,0,0,0,230,140,04 新竹縣,2 技職
104,1032,明新科技大學,N 修,C 二技,96,4,92,0,0,0,0,0,41,4,51,0,0,0,0,0,0,0,0,04 新竹縣,2 技職
104,1032,明新科技大學,D 日,2 二專,9,5,4,0,0,4,4,0,0,0,0,0,0,0,0,0,0,1,0,04 新竹縣,2 技職
104,1032,明新科技大學,N 修,2 二專,54,14,40,0,0,9,37,0,0,0,0,0,0,0,0,0,0,5,3,04 新竹縣,2 技職
104,1033,長榮大學,D 日,D 博士,37,21,16,6,2,5,1,4,3,4,4,1,1,0,3,1,2,0,0,11 臺南市,1 一般
104,1033,長榮大學,D 日,M 碩士,472,204,268,67,90,48,83,45,42,44,47,0,0,0,0,0,0,0,6,11 臺南市,1 一般
104,1033,長榮大學,N 職,M 碩士,155,80,75,25,21,25,22,7,14,14,12,9,6,0,0,0,0,0,0,11 臺南市,1 一般
104,1033,長榮大學,D 日,B 學士,9303,4413,4890,1038,1235,1110,1290,1049,1138,963,1113,0,0,0,0,0,0,253,114,11 臺南市,1 一般
104,1033,長榮大學,P 進,B 學士,627,380,247,187,141,71,44,63,25,47,30,0,0,0,0,0,0,12,7,11 臺南市,1 一般
104,1034,弘光科技大學,D 日,M 碩士,201,62,139,28,57,25,50,5,21,4,11,0,0,0,0,0,0,0,0,06 臺中市,2 技職
104,1034,弘光科技大學,N 職,M 碩士,93,30,63,15,20,8,13,5,19,2,11,0,0,0,0,0,0,0,0,06 臺中市,2 技職
104,1034,弘光科技大學,D 日,B 四技,7317,2790,4527,706,1098,681,1134,659,1106,624,1076,0,0,0,0,0,0,120,113,06 臺中市,2 技職
104,1034,弘光科技大學,N 修,B 四技,3312,1414,1898,368,491,322,414,326,430,311,450,0,26,0,0,0,0,87,87,06 臺中市,2 技職
104,1034,弘光科技大學,D 日,C 二技,719,25,694,0,0,0,0,12,349,13,344,0,0,0,0,0,0,0,1,06 臺中市,2 技職
104,1034,弘光科技大學,N 修,C 二技,1028,51,977,0,0,0,0,21,345,16,335,14,295,0,0,0,0,0,2,06 臺中市,2 技職
104,1034,弘光科技大學,N 修,2 二專,67,12,55,0,26,12,29,0,0,0,0,0,0,0,0,0,0,0,0,06 臺中市,2 技職
104,1034,弘光科技大學,D 日,5 五專,269,17,252,4,48,3,49,2,51,4,50,4,48,0,0,0,0,0,6,06 臺中市,2 技職
104,1035,中國醫藥大學,D 日,D 博士,356,218,138,46,34,36,29,45,21,38,27,29,11,13,11,11,5,0,0,19 臺中市,1 一般
104,1035,中國醫藥大學,D 日,M 碩士,490,182,308,76,149,78,126,20,22,8,9,0,0,0,0,0,0,0,2,19 臺中市,1 一般
104,1035,中國醫藥大學,N 職,M 碩士,67,26,41,14,20,10,18,1,3,1,0,0,0,0,0,0,0,0,0,19 臺中市,1 一般
104,1035,中國醫藥大學,D 日,B 學士,6380,2915,3465,521,708,563,697,553,744,520,732,323,306,184,109,191,112,60,57,19 臺中市,1 一般
104,1035,中國醫藥大學,N 修,C 二技,73,15,58,0,0,0,0,5,29,4,16,6,13,0,0,0,0,0,0,19 臺中市,2 技職
104,1036,健行科技大學,D 日,M 碩士,355,253,102,106,80,80,15,39,3,28,4,0,0,0,0,0,0,0,0,03 桃園市,2 技職
104,1036,健行科技大學,N 職,M 碩士,101,46,55,23,44,5,9,9,0,8,2,1,0,0,0,0,0,0,0,03 桃園市,2 技職
104,1036,健行科技大學,D 日,B 四技,7952,5113,2839,1229,687,1345,686,1153,599,1154,754,0,0,0,0,0,0,232,113,03 桃園市,2 技職
104,1036,健行科技大學,N 修,B 四技,3370,2092,1278,538,329,446,284,414,303,545,315,0,0,0,0,0,0,149,47,03 桃園市,2 技職
104,1036,健行科技大學,D 日,C 二技,136,67,69,0,0,0,0,23,32,42,33,0,0,0,0,0,0,2,4,03 桃園市,2 技職
104,1036,健行科技大學,N 修,C 二技,113,64,49,0,0,0,0,36,29,24,19,0,0,0,0,0,0,4,1,03 桃園市,2 技職
104,1036,健行科技大學,D 日,2 二專,46,35,11,0,0,30,11,0,0,0,0,0,0,0,0,0,0,5,0,03 桃園市,2 技職
104,1036,健行科技大學,D 日,5 五專,28,26,2,26,2,0,0,0,0,0,0,0,0,0,0,0,0,0,0,03 桃園市,2 技職
104,1037,正修科技大學,D 日,D 博士,12,11,1,3,0,1,1,2,0,2,0,2,0,0,0,1,0,0,0,12 高雄市,2 技職
104,1037,正修科技大學,D 日,M 碩士,354,234,120,106,59,98,57,22,4,8,0,0,0,0,0,0,0,0,0,12 高雄市,2 技職
104,1037,正修科技大學,N 職,M 碩士,115,67,48,35,27,24,19,7,2,1,0,0,0,0,0,0,0,0,0,12 高雄市,2 技職
104,1037,正修科技大學,D 日,B 四技,9890,5800,4090,1299,1009,1586,1070,1474,977,1299,981,0,0,0,0,0,0,142,53,12 高雄市,2 技職
104,1037,正修科技大學,N 修,B 四技,5882,3608,2274,918,578,811,498,803,529,798,564,0,0,0,0,0,0,278,105,12 高雄市,2 技職
104,1037,正修科技大學,N 修,C 二技,993,407,586,0,0,0,0,200,329,191,249,0,0,0,0,0,0,16,8,12 高雄市,2 技職
104,1037,正修科技大學,N 修,2 二專,2,1,1,0,0,0,0,0,0,0,0,0,0,0,0,0,0,1,1,12 高雄市,2 技職
104,1037,正修科技大學,D 日,5 五專,13,13,0,0,0,0,0,0,0,0,0,13,0,0,0,0,0,0,0,12 高雄市,2 技職
104,1038,萬能科技大學,D 日,M 碩士,145,84,61,27,23,27,27,18,10,12,1,0,0,0,0,0,0,0,0,03 桃園市,2 技職
104,1038,萬能科技大學,N 職,M 碩士,105,59,46,44,35,7,8,0,0,0,0,0,0,0,0,0,0,8,3,03 桃園市,2 技職
104,1038,萬能科技大學,D 日,B 四技,6540,3480,3060,844,795,859,788,882,851,803,597,0,0,0,0,0,0,92,29,03 桃園市,2 技職
104,1038,萬能科技大學,N 修,B 四技,3796,2180,1616,597,466,531,386,516,367,435,361,0,0,0,0,0,0,101,36,03 桃園市,2 技職
104,1038,萬能科技大學,D 日,C 二技,79,21,58,0,0,0,0,4,12,17,46,0,0,0,0,0,0,0,0,03 桃園市,2 技職
104,1038,萬能科技大學,N 修,C 二技,367,162,205,0,0,0,0,124,121,38,82,0,0,0,0,0,0,0,2,03 桃園市,2 技職
104,1038,萬能科技大學,N 修,2 二專,15,14,1,0,0,14,1,0,0,0,0,0,0,0,0,0,0,0,0,03 桃園市,2 技職
104,1039,玄奘大學,D 日,D 博士,9,5,4,0,0,0,0,0,0,0,0,0,0,0,0,0,0,5,4,18 新竹市,1 一般
104,1039,玄奘大學,D 日,M 碩士,345,165,180,53,54,45,45,0,0,0,0,0,0,0,0,0,0,67,81,18 新竹市,1 一般
104,1039,玄奘大學,N 職,M 碩士,245,96,149,24,44,34,39,0,0,0,0,0,0,0,0,0,0,38,66,18 新竹市,1 一般
104,1039,玄奘大學,D 日,B 學士,4136,1860,2276,386,534,505,591,440,559,424,529,0,0,0,0,0,0,105,63,18 新竹市,1 一般
104,1039,玄奘大學,P 進,B 學士,1089,496,593,169,223,85,106,84,123,111,87,0,0,0,0,0,0,47,54,18 新竹市,1 一般
104,1039,玄奘大學,N 修,C 二技,35,4,31,0,0,0,0,0,0,4,29,0,0,0,0,0,0,0,2,18 新竹市,2 技職
104,1040,建國科技大學,D 日,M 碩士,225,146,79,49,34,66,36,18,8,13,1,0,0,0,0,0,0,0,0,07 彰化縣,2 技職
104,1040,建國科技大學,D 日,B 四技,7048,4432,2616,1065,651,1101,651,1118,615,1015,622,0,0,0,0,0,0,133,77,07 彰化縣,2 技職
104,1040,建國科技大學,N 修,B 四技,1476,1001,475,253,117,259,117,234,98,217,131,0,0,0,0,0,0,38,12,07 彰化縣,2 技職
104,1040,建國科技大學,D 日,C 二技,15,11,4,0,0,0,0,0,0,11,4,0,0,0,0,0,0,0,0,07 彰化縣,2 技職
104,1040,建國科技大學,N 修,C 二技,243,146,97,0,0,0,0,56,55,89,41,0,0,0,0,0,0,1,1,07 彰化縣,2 技職
104,1040,建國科技大學,D 日,2 二專,1,0,1,0,0,0,0,0,0,0,0,0,0,0,0,0,0,0,1,07 彰化縣,2 技職
104,1040,建國科技大學,N 修,2 二專,1,1,0,0,0,0,0,0,0,0,0,0,0,0,0,0,0,1,0,07 彰化縣,2 技職
104,1041,明志科技大學,D 日,M 碩士,409,326,83,133,44,111,27,53,9,29,3,0,0,0,0,0,0,0,0,01 新北市,2 技職
104,1041,明志科技大學,N 職,M 碩士,52,41,11,24,9,8,0,7,1,2,1,0,0,0,0,0,0,0,0,01 新北市,2 技職
104,1041,明志科技大學,D 日,B 四技,3543,2420,1123,640,267,610,272,593,288,525,290,0,0,0,0,0,0,52,6,01 新北市,2 技職
104,1041,明志科技大學,N 修,B 四技,439,293,146,73,40,94,37,64,37,56,29,0,0,0,0,0,0,6,3,01 新北市,2 技職
104,1041,明志科技大學,D 日,C 二技,25,14,11,0,0,0,0,14,11,0,0,0,0,0,0,0,0,0,0,01 新北市,2 技職
104,1041,明志科技大學,N 修,C 二技,49,7,42,0,0,0,0,2,24,2,17,0,0,0,0,0,0,3,1,01 新北市,2 技職
104,1041,明志科技大學,D 日,5 五專,15,7,8,0,0,0,0,0,0,0,0,7,8,0,0,0,0,0,0,01 新北市,2 技職
104,1042,高苑科技大學,D 日,M 碩士,148,108,40,48,23,37,10,16,4,7,3,0,0,0,0,0,0,0,0,12 高雄市,2 技職
104,1042,高苑科技大學,N 職,M 碩士,278,181,97,85,44,73,50,0,0,0,0,0,0,0,0,0,0,23,3,12 高雄市,2 技職
104,1042,高苑科技大學,D 日,B 四技,5638,3865,1773,1131,496,886,413,898,402,784,407,0,0,0,0,0,0,166,55,12 高雄市,2 技職
104,1042,高苑科技大學,N 修,B 四技,1448,1028,420,231,114,216,92,271,98,229,102,0,0,0,0,0,0,81,14,12 高雄市,2 技職
104,1042,高苑科技大學,D 日,C 二技,3,3,0,0,0,0,0,0,0,2,0,0,0,0,0,0,0,1,0,12 高雄市,2 技職
104,1042,高苑科技大學,N 修,X 4+X,3,2,1,2,1,0,0,0,0,0,0,0,0,0,0,0,0,0,0,12 高雄市,2 技職
104,1042,高苑科技大學,D 日,2 二專,6,3,3,0,0,3,3,0,0,0,0,0,0,0,0,0,0,0,0,12 高雄市,2 技職
104,1043,大仁科技大學,D 日,M 碩士,62,42,20,18,8,19,10,5,2,0,0,0,0,0,0,0,0,0,0,13 屏東縣,2 技職
104,1043,大仁科技大學,N 職,M 碩士,144,73,71,46,56,24,11,3,3,0,1,0,0,0,0,0,0,0,0,13 屏東縣,2 技職
104,1043,大仁科技大學,D 日,B 四技,5418,2668,2750,687,747,579,615,565,636,633,598,90,106,0,0,0,0,114,48,13 屏東縣,2 技職
104,1043,大仁科技大學,N 修,B 四技,930,533,397,129,98,128,71,110,94,137,111,0,0,0,0,0,0,29,23,13 屏東縣,2 技職
104,1043,大仁科技大學,D 日,C 二技,53,7,46,0,0,0,0,1,12,6,34,0,0,0,0,0,0,0,0,13 屏東縣,2 技職
104,1043,大仁科技大學,N 修,C 二技,860,148,712,0,0,0,0,83,400,61,245,0,61,0,0,0,0,4,6,13 屏東縣,2 技職
104,1043,大仁科技大學,D 日,5 五專,1,1,0,0,0,0,0,0,0,0,0,0,0,0,0,0,0,1,0,13 屏東縣,2 技職
104,1044,聖約翰科技大學,D 日,M 碩士,166,157,9,48,2,41,4,38,0,30,3,0,0,0,0,0,0,0,0,01 新北市,2 技職
104,1044,聖約翰科技大學,N 職,M 碩士,69,48,21,17,11,20,9,7,1,2,0,0,0,0,0,0,0,2,0,01 新北市,2 技職
104,1044,聖約翰科技大學,D 日,B 四技,4601,3299,1302,709,286,741,322,779,300,858,331,0,0,0,0,0,0,212,63,01 新北市,2 技職
104,1044,聖約翰科技大學,N 修,B 四技,323,203,120,31,16,28,18,40,25,70,52,0,0,0,0,0,0,34,9,01 新北市,2 技職
104,1044,聖約翰科技大學,D 日,C 二技,3,0,3,0,0,0,0,0,2,0,0,0,0,0,0,0,0,0,1,01 新北市,2 技職
104,1044,聖約翰科技大學,D 日,5 五專,96,74,22,74,22,0,0,0,0,0,0,0,0,0,0,0,0,0,0,01 新北市,2 技職
104,1045,嶺東科技大學,D 日,M 碩士,258,127,131,54,63,46,41,18,16,9,11,0,0,0,0,0,0,0,0,19 臺中市,2 技職
104,1045,嶺東科技大學,N 職,M 碩士,101,66,35,38,21,25,10,2,3,1,1,0,0,0,0,0,0,0,0,19 臺中市,2 技職
104,1045,嶺東科技大學,D 日,B 四技,7522,2815,4707,725,1142,710,1202,634,1135,651,1149,0,0,0,0,0,0,95,79,19 臺中市,2 技職
104,1045,嶺東科技大學,N 修,B 四技,2494,1294,1200,330,319,279,261,300,250,274,274,0,0,0,0,0,0,111,96,19 臺中市,2 技職
104,1045,嶺東科技大學,D 日,C 二技,4,1,3,0,0,0,0,0,0,1,3,0,0,0,0,0,0,0,0,19 臺中市,2 技職
104,1045,嶺東科技大學,D 日,2 二專,20,9,11,0,0,9,11,0,0,0,0,0,0,0,0,0,0,0,0,19 臺中市,2 技職
104,1046,中國科技大學,D 日,M 碩士,145,91,54,38,17,36,25,11,11,6,1,0,0,0,0,0,0,0,0,30 臺北市,2 技職
104,1046,中國科技大學,N 職,M 碩士,47,21,26,7,11,14,14,0,1,0,0,0,0,0,0,0,0,0,0,30 臺北市,2 技職
104,1046,中國科技大學,D 日,B 四技,9535,3829,5706,1070,1517,967,1443,854,1381,825,1263,0,0,0,0,0,0,113,102,30 臺北市,2 技職
104,1046,中國科技大學,N 修,B 四技,2511,1291,1220,313,265,298,292,287,290,274,313,0,0,0,0,0,0,119,60,30 臺北市,2 技職
104,1046,中國科技大學,D 日,C 二技,7,1,6,0,0,0,0,0,5,1,1,0,0,0,0,0,0,0,0,30 臺北市,2 技職
104,1047,中臺科技大學,D 日,D 博士,20,19,1,4,0,2,1,4,0,2,0,3,0,1,0,3,0,0,0,19 臺中市,2 技職
104,1047,中臺科技大學,D 日,M 碩士,165,61,104,25,50,23,30,0,0,0,0,0,0,0,0,0,0,13,24,19 臺中市,2 技職
104,1047,中臺科技大學,N 職,M 碩士,243,37,206,16,78,8,64,0,0,0,0,0,0,0,0,0,0,13,64,19 臺中市,2 技職
104,1047,中臺科技大學,D 日,B 四技,5690,2165,3525,529,823,545,870,471,845,478,862,0,0,0,0,0,0,142,125,19 臺中市,2 技職
104,1047,中臺科技大學,N 修,B 四技,1721,684,1037,191,251,148,231,135,221,145,227,7,61,0,0,0,0,58,46,19 臺中市,2 技職
104,1047,中臺科技大學,D 日,C 二技,548,91,457,0,0,0,0,48,230,39,219,0,0,0,0,0,0,4,8,19 臺中市,2 技職
104,1047,中臺科技大學,N 修,C 二技,1144,174,970,0,0,0,0,60,354,60,363,50,232,0,0,0,0,4,21,19 臺中市,2 技職
104,1048,亞洲大學,D 日,D 博士,159,92,67,22,13,21,14,13,14,17,11,10,8,5,4,4,3,0,0,06 臺中市,1 一般
104,1048,亞洲大學,D 日,M 碩士,611,305,306,137,142,85,106,54,36,29,22,0,0,0,0,0,0,0,0,06 臺中市,1 一般
104,1048,亞洲大學,N 職,M 碩士,495,189,306,104,150,71,144,9,10,5,2,0,0,0,0,0,0,0,0,06 臺中市,1 一般
104,1048,亞洲大學,D 日,B 學士,9861,4048,5813,921,1547,963,1458,962,1355,953,1336,0,0,0,0,0,0,249,117,06 臺中市,1 一般
104,1048,亞洲大學,P 進,B 學士,1307,693,614,163,160,139,163,167,130,160,126,0,0,0,0,0,0,64,35,06 臺中市,1 一般
104,1049,開南大學,D 日,M 碩士,258,152,106,48,44,47,32,36,18,21,12,0,0,0,0,0,0,0,0,03 桃園市,1 一般
104,1049,開南大學,N 職,M 碩士,370,194,176,83,83,66,80,19,8,12,1,0,0,0,0,0,0,14,4,03 桃園市,1 一般
104,1049,開南大學,D 日,B 學士,7647,3831,3816,807,934,836,873,852,831,934,973,0,0,0,0,0,0,402,205,03 桃園市,1 一般
104,1049,開南大學,P 進,B 學士,1239,667,572,170,139,139,134,164,143,147,122,0,0,0,0,0,0,47,34,03 桃園市,1 一般
104,1050,佛光大學,D 日,D 博士,52,30,22,6,6,9,2,3,7,2,5,2,1,5,1,3,0,0,0,02 宜蘭縣,1 一般
104,1050,佛光大學,D 日,M 碩士,627,277,350,87,132,76,94,42,53,59,61,0,0,0,0,0,0,13,10,02 宜蘭縣,1 一般
104,1050,佛光大學,N 職,M 碩士,245,144,101,51,40,45,42,19,6,16,10,0,0,0,0,0,0,13,3,02 宜蘭縣,1 一般
104,1050,佛光大學,D 日,B 學士,3017,1368,1649,361,449,349,432,320,377,251,341,0,0,0,0,0,0,87,50,02 宜蘭縣,1 一般
104,1051,台南應用科技大學,D 日,M 碩士,142,35,107,16,37,10,46,0,0,0,0,0,0,0,0,0,0,9,24,11 臺南市,2 技職
104,1051,台南應用科技大學,N 職,M 碩士,163,33,130,12,51,9,53,2,3,0,0,0,0,0,0,0,0,10,23,11 臺南市,2 技職
104,1051,台南應用科技大學,D 日,B 四技,8073,2243,5830,593,1503,592,1519,493,1402,488,1329,0,0,0,0,0,0,77,77,11 臺南市,2 技職
104,1051,台南應用科技大學,N 修,B 四技,2425,844,1581,230,460,183,313,184,380,178,362,0,0,0,0,0,0,69,66,11 臺南市,2 技職
104,1051,台南應用科技大學,D 日,C 二技,671,109,562,0,0,0,0,58,270,43,252,0,0,0,0,0,0,8,40,11 臺南市,2 技職
104,1051,台南應用科技大學,N 修,C 二技,274,48,226,0,0,0,0,27,104,17,106,0,0,0,0,0,0,4,16,11 臺南市,2 技職
104,1051,台南應用科技大學,D 日,5 五專,1199,262,937,43,186,54,205,63,190,69,167,33,189,0,0,0,0,0,0,11 臺南市,2 技職
104,1052,遠東科技大學,D 日,M 碩士,172,124,48,46,27,41,15,23,4,14,2,0,0,0,0,0,0,0,0,11 臺南市,2 技職
104,1052,遠東科技大學,N 職,M 碩士,37,35,2,4,0,9,2,8,0,9,0,4,0,1,0,0,0,0,0,11 臺南市,2 技職
104,1052,遠東科技大學,D 日,B 四技,7237,4600,2637,1021,666,1033,647,1138,607,1210,628,0,0,0,0,0,0,198,89,11 臺南市,2 技職
104,1052,遠東科技大學,N 修,B 四技,578,396,182,94,50,93,51,95,39,101,40,0,0,0,0,0,0,13,2,11 臺南市,2 技職
104,1052,遠東科技大學,D 日,C 二技,5,2,3,0,0,0,0,1,0,0,2,0,0,0,0,0,0,1,1,11 臺南市,2 技職
104,1052,遠東科技大學,N 修,C 二技,55,53,2,0,0,0,0,18,2,35,0,0,0,0,0,0,0,0,0,11 臺南市,2 技職
104,1052,遠東科技大學,N 修,2 二專,39,38,1,16,0,20,1,0,0,0,0,0,0,0,0,0,0,2,0,11 臺南市,2 技職
104,1053,元培醫事科技大學,D 日,M 碩士,231,120,111,46,53,39,38,0,0,0,0,0,0,0,0,0,0,35,20,18 新竹市,2 技職
104,1053,元培醫事科技大學,N 職,M 碩士,25,8,17,6,5,1,5,1,5,0,0,0,0,0,0,0,0,0,2,18 新竹市,2 技職
104,1053,元培醫事科技大學,D 日,B 四技,5476,2668,2808,644,726,612,698,591,651,587,656,0,0,0,0,0,0,234,77,18 新竹市,2 技職
104,1053,元培醫事科技大學,N 修,B 四技,662,374,288,95,67,66,62,66,62,80,71,0,0,0,0,0,0,67,26,18 新竹市,2 技職
104,1053,元培醫事科技大學,D 日,C 二技,96,7,89,0,0,0,0,3,46,4,43,0,0,0,0,0,0,0,0,18 新竹市,2 技職
104,1053,元培醫事科技大學,N 修,C 二技,522,113,409,0,0,0,0,62,192,49,179,0,33,0,0,0,0,2,5,18 新竹市,2 技職
104,1054,景文科技大學,D 日,M 碩士,51,38,13,16,4,9,3,8,5,5,1,0,0,0,0,0,0,0,0,01 新北市,2 技職
104,1054,景文科技大學,N 職,M 碩士,105,63,42,32,22,25,13,0,0,0,0,0,0,0,0,0,0,6,7,01 新北市,2 技職
104,1054,景文科技大學,D 日,B 四技,5832,2543,3289,617,761,581,831,558,722,530,805,0,0,0,0,0,0,257,170,01 新北市,2 技職
104,1054,景文科技大學,N 修,B 四技,1648,810,838,205,213,167,196,175,191,191,203,0,0,0,0,0,0,72,35,01 新北市,2 技職
104,1054,景文科技大學,D 日,C 二技,11,6,5,0,0,0,0,1,2,5,3,0,0,0,0,0,0,0,0,01 新北市,2 技職
104,1054,景文科技大學,N 修,C 二技,465,186,279,0,0,0,0,88,137,90,134,0,0,0,0,0,0,8,8,01 新北市,2 技職
104,1055,中華醫事科技大學,D 日,M 碩士,54,33,21,19,14,12,5,0,0,0,0,0,0,0,0,0,0,2,2,11 臺南市,2 技職
104,1055,中華醫事科技大學,D 日,B 四技,4447,1954,2493,462,639,537,634,436,582,457,595,0,0,0,0,0,0,62,43,11 臺南市,2 技職
104,1055,中華醫事科技大學,N 修,B 四技,1184,562,622,184,175,91,121,82,122,146,150,10,23,0,0,0,0,49,31,11 臺南市,2 技職
104,1055,中華醫事科技大學,D 日,C 二技,709,91,618,0,0,0,0,42,305,44,306,0,0,0,0,0,0,5,7,11 臺南市,2 技職
104,1055,中華醫事科技大學,N 修,C 二技,746,141,605,0,0,0,0,66,319,67,268,0,0,0,0,0,0,8,18,11 臺南市,2 技職
104,1055,中華醫事科技大學,D 日,2 二專,95,46,49,19,30,26,18,0,0,0,0,0,0,0,0,0,0,1,1,11 臺南市,2 技職
104,1055,中華醫事科技大學,D 日,5 五專,2194,431,1763,115,434,85,348,106,338,62,317,53,309,0,0,0,0,10,17,11 臺南市,2 技職
104,1056,東南科技大學,D 日,M 碩士,114,95,19,41,8,44,8,10,2,0,1,0,0,0,0,0,0,0,0,01 新北市,2 技職
104,1056,東南科技大學,N 職,M 碩士,59,56,3,21,1,25,2,8,0,2,0,0,0,0,0,0,0,0,0,01 新北市,2 技職
104,1056,東南科技大學,D 日,B 四技,6626,4360,2266,1061,589,1031,579,1066,560,988,477,0,0,0,0,0,0,214,61,01 新北市,2 技職
104,1056,東南科技大學,N 修,B 四技,563,398,165,175,56,78,33,52,25,68,37,0,0,0,0,0,0,25,14,01 新北市,2 技職
104,1056,東南科技大學,D 日,C 二技,15,10,5,0,0,0,0,0,0,10,4,0,0,0,0,0,0,0,1,01 新北市,2 技職
104,1056,東南科技大學,N 修,C 二技,88,69,19,0,0,0,0,36,6,31,10,0,0,0,0,0,0,2,3,01 新北市,2 技職
104,1056,東南科技大學,D 日,2 二專,19,10,9,0,0,10,9,0,0,0,0,0,0,0,0,0,0,0,0,01 新北市,2 技職
104,1057,德明財經科技大學,D 日,M 碩士,66,45,21,22,9,11,9,6,3,6,0,0,0,0,0,0,0,0,0,30 臺北市,2 技職
104,1057,德明財經科技大學,N 職,M 碩士,63,37,26,17,10,10,13,0,0,0,0,0,0,0,0,0,0,10,3,30 臺北市,2 技職
104,1057,德明財經科技大學,D 日,B 四技,7358,2614,4744,671,1130,624,1155,595,1180,611,1180,0,0,0,0,0,0,113,99,30 臺北市,2 技職
104,1057,德明財經科技大學,N 修,B 四技,1553,738,815,159,169,174,196,152,176,178,223,0,0,0,0,0,0,75,51,30 臺北市,2 技職
104,1057,德明財經科技大學,D 日,C 二技,101,30,71,0,0,0,0,14,37,16,34,0,0,0,0,0,0,0,0,30 臺北市,2 技職
104,1057,德明財經科技大學,N 修,C 二技,84,37,47,0,0,0,0,12,23,22,23,0,0,0,0,0,0,3,1,30 臺北市,2 技職
104,1057,德明財經科技大學,D 日,2 二專,1,0,1,0,0,0,0,0,0,0,0,0,0,0,0,0,0,0,1,30 臺北市,2 技職
104,1058,明道大學,D 日,D 博士,13,10,3,3,2,4,1,3,0,0,0,0,0,0,0,0,0,0,0,07 彰化縣,1 一般
104,1058,明道大學,D 日,M 碩士,201,105,96,45,47,21,27,21,13,18,9,0,0,0,0,0,0,0,0,07 彰化縣,1 一般
104,1058,明道大學,N 職,M 碩士,92,25,67,13,46,7,19,4,1,1,1,0,0,0,0,0,0,0,0,07 彰化縣,1 一般
104,1058,明道大學,D 日,B 學士,3696,2055,1641,477,452,512,380,484,383,494,392,0,0,0,0,0,0,88,34,07 彰化縣,1 一般
104,1058,明道大學,P 進,B 學士,1569,977,592,299,183,205,128,196,105,222,152,0,0,0,0,0,0,55,24,07 彰化縣,1 一般
104,1060,南開科技大學,D 日,M 碩士,107,70,37,31,12,25,20,10,4,4,1,0,0,0,0,0,0,0,0,08 南投縣,2 技職
104,1060,南開科技大學,N 職,M 碩士,132,38,94,18,40,10,41,7,8,3,5,0,0,0,0,0,0,0,0,08 南投縣,2 技職
104,1060,南開科技大學,D 日,B 四技,3762,2484,1278,640,333,580,307,602,335,579,277,0,0,0,0,0,0,83,26,08 南投縣,2 技職
104,1060,南開科技大學,N 修,B 四技,1123,738,385,175,109,167,94,150,85,201,84,0,0,0,0,0,0,45,13,08 南投縣,2 技職
104,1060,南開科技大學,D 日,C 二技,102,69,33,0,0,0,0,22,14,46,19,0,0,0,0,0,0,1,0,08 南投縣,2 技職
104,1060,南開科技大學,D 日,2 二專,5,4,1,0,0,4,1,0,0,0,0,0,0,0,0,0,0,0,0,08 南投縣,2 技職
104,1060,南開科技大學,D 日,5 五專,1088,847,241,197,44,141,30,137,41,177,64,175,59,0,0,0,0,20,3,08 南投縣,2 技職
104,1061,中華科技大學,D 日,M 碩士,267,196,71,90,34,84,28,18,8,4,1,0,0,0,0,0,0,0,0,30 臺北市,2 技職
104,1061,中華科技大學,N 職,M 碩士,124,97,27,44,17,41,9,10,1,1,0,1,0,0,0,0,0,0,0,30 臺北市,2 技職
104,1061,中華科技大學,D 日,B 四技,6401,4159,2242,949,542,987,509,1011,575,997,541,0,0,0,0,0,0,215,75,30 臺北市,2 技職
104,1061,中華科技大學,N 修,B 四技,977,729,248,238,60,151,54,128,64,132,59,0,0,0,0,0,0,80,11,30 臺北市,2 技職
104,1061,中華科技大學,D 日,C 二技,29,7,22,0,0,0,0,6,8,0,14,0,0,0,0,0,0,1,0,30 臺北市,2 技職
104,1061,中華科技大學,N 修,C 二技,288,167,121,0,0,0,0,88,42,76,76,0,0,0,0,0,0,3,3,30 臺北市,2 技職
104,1062,僑光科技大學,D 日,M 碩士,84,50,34,23,16,19,17,6,1,2,0,0,0,0,0,0,0,0,0,19 臺中市,2 技職
104,1062,僑光科技大學,N 職,M 碩士,56,24,32,12,10,11,19,1,3,0,0,0,0,0,0,0,0,0,0,19 臺中市,2 技職
104,1062,僑光科技大學,D 日,B 四技,6312,2420,3892,611,1017,564,1039,575,953,592,845,0,0,0,0,0,0,78,38,19 臺中市,2 技職
104,1062,僑光科技大學,N 修,B 四技,3536,1620,1916,464,481,377,439,386,469,301,455,0,0,0,0,0,0,92,72,19 臺中市,2 技職
104,1062,僑光科技大學,D 日,C 二技,16,6,10,0,0,0,0,0,0,6,9,0,0,0,0,0,0,0,1,19 臺中市,2 技職
104,1062,僑光科技大學,N 修,C 二技,78,38,40,0,0,0,0,24,16,14,24,0,0,0,0,0,0,0,0,19 臺中市,2 技職
104,1062,僑光科技大學,D 日,2 二專,48,24,24,0,0,20,21,0,0,0,0,0,0,0,0,0,0,4,3,19 臺中市,2 技職
104,1062,僑光科技大學,N 修,2 二專,207,116,91,89,71,26,15,0,0,0,0,0,0,0,0,0,0,1,5,19 臺中市,2 技職
104,1062,僑光科技大學,D 日,5 五專,149,46,103,0,0,0,0,0,0,0,0,39,97,0,0,0,0,7,6,19 臺中市,2 技職
104,1063,育達科技大學,D 日,M 碩士,117,59,58,31,40,20,10,3,5,5,3,0,0,0,0,0,0,0,0,05 苗栗縣,2 技職
104,1063,育達科技大學,N 職,M 碩士,92,53,39,34,30,14,8,3,0,2,1,0,0,0,0,0,0,0,0,05 苗栗縣,2 技職
104,1063,育達科技大學,D 日,B 四技,3723,1781,1942,396,498,420,464,380,420,430,482,0,0,0,0,0,0,155,78,05 苗栗縣,2 技職
104,1063,育達科技大學,N 修,B 四技,1220,682,538,201,180,130,127,162,93,147,110,0,0,0,0,0,0,42,28,05 苗栗縣,2 技職
104,1063,育達科技大學,D 日,C 二技,35,7,28,0,0,0,0,4,10,3,16,0,0,0,0,0,0,0,2,05 苗栗縣,2 技職
104,1063,育達科技大學,N 修,C 二技,278,67,211,0,0,0,0,35,110,24,98,0,0,0,0,0,0,8,3,05 苗栗縣,2 技職
104,1064,美和科技大學,D 日,M 碩士,108,46,62,23,28,16,21,0,0,0,0,0,0,0,0,0,0,7,13,13 屏東縣,2 技職
104,1064,美和科技大學,N 職,M 碩士,202,70,132,20,48,32,58,0,0,0,0,0,0,0,0,0,0,18,26,13 屏東縣,2 技職
104,1064,美和科技大學,D 日,B 四技,3594,1612,1982,415,503,410,517,391,490,336,426,0,0,0,0,0,0,60,46,13 屏東縣,2 技職
104,1064,美和科技大學,N 修,B 四技,898,433,465,113,125,104,102,107,107,84,107,0,0,0,0,0,0,25,24,13 屏東縣,2 技職
104,1064,美和科技大學,D 日,C 二技,446,42,404,0,0,0,0,19,226,23,178,0,0,0,0,0,0,0,0,13 屏東縣,2 技職
104,1064,美和科技大學,N 修,C 二技,990,136,854,0,0,0,0,49,408,62,399,19,33,0,0,0,0,6,14,13 屏東縣,2 技職
104,1064,美和科技大學,N 修,2 二專,7,4,3,0,0,4,3,0,0,0,0,0,0,0,0,0,0,0,0,13 屏東縣,2 技職
104,1064,美和科技大學,D 日,5 五專,1824,180,1644,41,330,30,327,35,289,39,313,29,351,0,0,0,0,6,34,13 屏東縣,2 技職
104,1065,吳鳳科技大學,D 日,M 碩士,44,24,20,12,14,7,6,0,0,0,0,0,0,0,0,0,0,5,0,10 嘉義縣,2 技職
104,1065,吳鳳科技大學,N 職,M 碩士,82,56,26,23,14,29,11,1,0,0,1,0,0,0,0,0,0,3,0,10 嘉義縣,2 技職
104,1065,吳鳳科技大學,D 日,B 四技,4214,2864,1350,692,351,690,312,704,316,703,346,0,0,0,0,0,0,75,25,10 嘉義縣,2 技職
104,1065,吳鳳科技大學,N 修,B 四技,1113,791,322,206,83,209,70,184,77,175,83,0,0,0,0,0,0,17,9,10 嘉義縣,2 技職
104,1065,吳鳳科技大學,D 日,2 二專,1,0,1,0,0,0,0,0,0,0,0,0,0,0,0,0,0,0,1,10 嘉義縣,2 技職
104,1065,吳鳳科技大學,N 修,2 二專,2,2,0,0,0,0,0,0,0,0,0,0,0,0,0,0,0,2,0,10 嘉義縣,2 技職
104,1066,環球科技大學,D 日,M 碩士,145,74,71,43,34,22,30,6,5,3,2,0,0,0,0,0,0,0,0,09 雲林縣,2 技職
104,1066,環球科技大學,N 職,M 碩士,43,27,16,14,10,11,5,2,1,0,0,0,0,0,0,0,0,0,0,09 雲林縣,2 技職
104,1066,環球科技大學,D 日,B 四技,4461,2192,2269,567,590,596,624,412,464,502,530,0,0,0,0,0,0,115,61,09 雲林縣,2 技職
104,1066,環球科技大學,N 修,B 四技,1158,569,589,182,206,159,178,126,129,102,76,0,0,0,0,0,0,0,0,09 雲林縣,2 技職
104,1066,環球科技大學,D 日,C 二技,24,13,11,0,0,0,0,3,2,9,9,0,0,0,0,0,0,1,0,09 雲林縣,2 技職
104,1066,環球科技大學,N 修,C 二技,288,72,216,0,0,0,0,42,98,30,118,0,0,0,0,0,0,0,0,09 雲林縣,2 技職
104,1066,環球科技大學,D 日,2 二專,12,8,4,0,0,0,0,0,0,0,0,0,0,0,0,0,0,8,4,09 雲林縣,2 技職
104,1066,環球科技大學,N 修,2 二專,285,147,138,57,74,90,64,0,0,0,0,0,0,0,0,0,0,0,0,09 雲林縣,2 技職
104,1067,台灣首府大學,D 日,M 碩士,67,30,37,16,16,12,19,1,1,1,1,0,0,0,0,0,0,0,0,11 臺南市,1 一般
104,1067,台灣首府大學,N 職,M 碩士,7,3,4,0,0,3,4,0,0,0,0,0,0,0,0,0,0,0,0,11 臺南市,1 一般
104,1067,台灣首府大學,D 日,B 學士,3285,1832,1453,424,374,463,370,345,291,492,379,0,0,0,0,0,0,108,39,11 臺南市,1 一般
104,1067,台灣首府大學,P 進,B 學士,715,387,328,94,51,80,73,83,69,106,115,0,0,0,0,0,0,24,20,11 臺南市,1 一般
104,1067,台灣首府大學,N 修,C 二技,20,12,8,0,0,0,0,0,0,12,8,0,0,0,0,0,0,0,0,11 臺南市,2 技職
104,1068,中州科技大學,D 日,M 碩士,64,48,16,18,6,14,7,10,2,5,1,0,0,0,0,0,0,1,0,07 彰化縣,2 技職
104,1068,中州科技大學,N 職,M 碩士,41,26,15,19,7,3,6,4,1,0,1,0,0,0,0,0,0,0,0,07 彰化縣,2 技職
104,1068,中州科技大學,D 日,B 四技,2829,1674,1155,435,323,395,273,354,246,419,289,0,0,0,0,0,0,71,24,07 彰化縣,2 技職
104,1068,中州科技大學,N 修,B 四技,968,651,317,190,107,112,62,150,59,172,79,0,0,0,0,0,0,27,10,07 彰化縣,2 技職
104,1068,中州科技大學,N 修,C 二技,482,123,359,0,0,0,0,91,243,32,116,0,0,0,0,0,0,0,0,07 彰化縣,2 技職
104,1068,中州科技大學,D 日,2 二專,11,11,0,0,0,11,0,0,0,0,0,0,0,0,0,0,0,0,0,07 彰化縣,2 技職
104,1069,修平科技大學,D 日,M 碩士,68,47,21,20,16,16,4,0,0,0,0,0,0,0,0,0,0,11,1,06 臺中市,2 技職
104,1069,修平科技大學,D 日,B 四技,5582,3526,2056,879,543,890,526,788,450,825,478,0,0,0,0,0,0,144,59,06 臺中市,2 技職
104,1069,修平科技大學,N 修,B 四技,723,626,97,189,40,120,16,122,14,117,17,0,0,0,0,0,0,78,10,06 臺中市,2 技職
104,1069,修平科技大學,D 日,2 二專,2,2,0,0,0,0,0,0,0,0,0,0,0,0,0,0,0,2,0,06 臺中市,2 技職
104,1069,修平科技大學,N 修,2 二專,21,14,7,2,0,10,7,0,0,0,0,0,0,0,0,0,0,2,0,06 臺中市,2 技職
104,1070,長庚科技大學,D 日,M 碩士,45,4,41,2,20,2,21,0,0,0,0,0,0,0,0,0,0,0,0,03 桃園市,2 技職
104,1070,長庚科技大學,N 職,M 碩士,41,1,40,0,21,0,9,1,7,0,0,0,0,0,0,0,0,0,3,03 桃園市,2 技職
104,1070,長庚科技大學,D 日,B 四技,2645,271,2374,99,693,60,572,58,539,52,564,0,0,0,0,0,0,2,6,03 桃園市,2 技職
104,1070,長庚科技大學,D 日,C 二技,1454,50,1404,0,0,0,0,27,704,23,697,0,0,0,0,0,0,0,3,03 桃園市,2 技職
104,1070,長庚科技大學,N 修,C 二技,1906,79,1827,0,0,0,0,24,683,35,684,19,447,0,0,0,0,1,13,03 桃園市,2 技職
104,1070,長庚科技大學,D 日,5 五專,1280,73,1207,7,107,17,206,16,207,8,261,21,399,0,0,0,0,4,27,03 桃園市,2 技職
104,1071,臺北城市科技大學,D 日,M 碩士,111,85,26,33,12,30,9,18,4,4,1,0,0,0,0,0,0,0,0,30 臺北市,2 技職
104,1071,臺北城市科技大學,D 日,B 四技,7194,4289,2905,1056,778,1038,743,1014,684,900,612,0,0,0,0,0,0,281,88,30 臺北市,2 技職
104,1071,臺北城市科技大學,N 修,B 四技,909,638,271,191,72,149,51,138,58,133,77,0,0,0,0,0,0,27,13,30 臺北市,2 技職
104,1071,臺北城市科技大學,D 日,C 二技,34,18,16,0,0,0,0,0,0,15,15,0,0,0,0,0,0,3,1,30 臺北市,2 技職
104,1071,臺北城市科技大學,D 日,2 二專,83,47,36,0,0,32,33,0,0,0,0,0,0,0,0,0,0,15,3,30 臺北市,2 技職
104,1071,臺北城市科技大學,N 修,2 二專,62,45,17,23,6,15,7,0,0,0,0,0,0,0,0,0,0,7,4,30 臺北市,2 技職
104,1071,臺北城市科技大學,D 日,5 五專,1625,1129,496,264,107,189,85,212,97,229,106,207,92,0,0,0,0,28,9,30 臺北市,2 技職
104,1072,大華科技大學,D 日,M 碩士,31,31,0,7,0,11,0,0,0,0,0,0,0,0,0,0,0,13,0,04 新竹縣,2 技職
104,1072,大華科技大學,N 職,M 碩士,2,2,0,0,0,0,0,0,0,0,0,0,0,0,0,0,0,2,0,04 新竹縣,2 技職
104,1072,大華科技大學,D 日,B 四技,1310,865,445,134,81,149,65,197,132,274,133,0,0,0,0,0,0,111,34,04 新竹縣,2 技職
104,1072,大華科技大學,N 修,B 四技,677,468,209,120,41,93,31,126,66,95,63,0,0,0,0,0,0,34,8,04 新竹縣,2 技職
104,1072,大華科技大學,D 日,C 二技,85,40,45,0,0,0,0,18,28,19,17,0,0,0,0,0,0,3,0,04 新竹縣,2 技職
104,1072,大華科技大學,N 修,C 二技,652,511,141,0,0,0,0,329,87,180,53,0,0,0,0,0,0,2,1,04 新竹縣,2 技職
104,1072,大華科技大學,N 修,2 二專,257,205,52,203,52,0,0,0,0,0,0,0,0,0,0,0,0,2,0,04 新竹縣,2 技職
104,1072,大華科技大學,D 日,5 五專,1136,644,492,122,68,75,62,156,109,162,147,126,103,0,0,0,0,3,3,04 新竹縣,2 技職
104,1073,醒吾科技大學,D 日,M 碩士,59,39,20,21,9,10,8,8,3,0,0,0,0,0,0,0,0,0,0,01 新北市,2 技職
104,1073,醒吾科技大學,N 職,M 碩士,70,37,33,20,22,16,11,1,0,0,0,0,0,0,0,0,0,0,0,01 新北市,2 技職
104,1073,醒吾科技大學,D 日,B 四技,6044,2443,3601,562,919,582,952,638,876,571,785,0,0,0,0,0,0,90,69,01 新北市,2 技職
104,1073,醒吾科技大學,N 修,B 四技,1199,645,554,195,164,95,105,160,133,154,126,0,0,0,0,0,0,41,26,01 新北市,2 技職
104,1073,醒吾科技大學,D 日,C 二技,1,1,0,0,0,0,0,1,0,0,0,0,0,0,0,0,0,0,0,01 新北市,2 技職
104,1073,醒吾科技大學,D 日,2 二專,10,6,4,0,0,6,4,0,0,0,0,0,0,0,0,0,0,0,0,01 新北市,2 技職
104,1073,醒吾科技大學,D 日,5 五專,1302,431,871,74,164,75,113,96,195,88,204,94,193,0,0,0,0,4,2,01 新北市,2 技職
104,1074,南榮科技大學,D 日,M 碩士,33,15,18,9,11,4,7,0,0,0,0,0,0,0,0,0,0,2,0,11 臺南市,2 技職
104,1074,南榮科技大學,N 職,M 碩士,39,18,21,9,11,8,10,0,0,0,0,0,0,0,0,0,0,1,0,11 臺南市,2 技職
104,1074,南榮科技大學,D 日,B 四技,1769,1079,690,368,266,319,158,181,139,174,113,0,0,0,0,0,0,37,14,11 臺南市,2 技職
104,1074,南榮科技大學,N 修,B 四技,1358,880,478,192,144,173,112,225,128,252,87,0,0,0,0,0,0,38,7,11 臺南市,2 技職
104,1074,南榮科技大學,D 日,C 二技,28,24,4,0,0,0,0,17,3,7,1,0,0,0,0,0,0,0,0,11 臺南市,2 技職
104,1074,南榮科技大學,N 修,C 二技,97,48,49,0,0,0,0,23,25,22,23,0,0,0,0,0,0,3,1,11 臺南市,2 技職
104,1074,南榮科技大學,N 修,2 二專,257,130,127,53,60,68,64,0,0,0,0,0,0,0,0,0,0,9,3,11 臺南市,2 技職
104,1074,南榮科技大學,D 日,5 五專,308,228,80,28,9,30,9,59,17,66,24,38,21,0,0,0,0,7,0,11 臺南市,2 技職
104,1075,文藻外語大學,D 日,M 碩士,114,28,86,12,43,10,19,0,0,0,0,0,0,0,0,0,0,6,24,50 高雄市,2 技職
104,1075,文藻外語大學,N 職,M 碩士,70,18,52,3,18,7,17,0,0,0,0,0,0,0,0,0,0,8,17,50 高雄市,2 技職
104,1075,文藻外語大學,D 日,B 四技,5236,1074,4162,281,1011,224,1005,235,989,266,918,0,0,0,0,0,0,68,239,50 高雄市,2 技職
104,1075,文藻外語大學,N 修,B 四技,1663,476,1187,138,298,105,282,105,249,76,245,0,0,0,0,0,0,52,113,50 高雄市,2 技職
104,1075,文藻外語大學,D 日,C 二技,352,48,304,0,0,0,0,23,145,22,136,0,0,0,0,0,0,3,23,50 高雄市,2 技職
104,1075,文藻外語大學,N 修,C 二技,160,39,121,0,0,0,0,20,65,16,49,0,0,0,0,0,0,3,7,50 高雄市,2 技職
104,1075,文藻外語大學,D 日,5 五專,1776,280,1496,66,301,59,301,59,282,49,293,44,305,0,0,0,0,3,14,50 高雄市,2 技職
104,1076,華夏科技大學,D 日,M 碩士,30,26,4,16,4,7,0,0,0,0,0,0,0,0,0,0,0,3,0,01 新北市,2 技職
104,1076,華夏科技大學,N 職,M 碩士,59,46,13,18,7,18,5,0,0,0,0,0,0,0,0,0,0,10,1,01 新北市,2 技職
104,1076,華夏科技大學,D 日,B 四技,3145,1950,1195,521,293,520,287,437,303,393,288,0,0,0,0,0,0,79,24,01 新北市,2 技職
104,1076,華夏科技大學,N 修,B 四技,911,588,323,146,72,143,71,119,71,125,83,0,0,0,0,0,0,55,26,01 新北市,2 技職
104,1076,華夏科技大學,D 日,C 二技,92,70,22,0,0,0,0,35,11,35,11,0,0,0,0,0,0,0,0,01 新北市,2 技職
104,1076,華夏科技大學,N 修,C 二技,107,82,25,0,0,0,0,49,17,29,6,0,0,0,0,0,0,4,2,01 新北市,2 技職
104,1076,華夏科技大學,N 修,2 二專,312,159,153,67,61,73,76,0,0,0,0,0,0,0,0,0,0,19,16,01 新北市,2 技職
104,1076,華夏科技大學,D 日,5 五專,527,440,87,122,17,77,17,83,18,76,20,73,13,0,0,0,0,9,2,01 新北市,2 技職
104,1077,慈濟科技大學,D 日,M 碩士,24,18,6,7,1,6,2,0,0,0,0,0,0,0,0,0,0,5,3,15 花蓮縣,2 技職
104,1077,慈濟科技大學,D 日,B 四技,1106,546,560,131,139,159,165,113,118,107,119,0,0,0,0,0,0,36,19,15 花蓮縣,2 技職
104,1077,慈濟科技大學,D 日,C 二技,265,16,249,0,0,0,0,7,127,9,122,0,0,0,0,0,0,0,0,15 花蓮縣,2 技職
104,1077,慈濟科技大學,N 修,C 二技,104,4,100,0,0,0,0,0,44,4,50,0,0,0,0,0,0,0,6,15 花蓮縣,2 技職
104,1077,慈濟科技大學,D 日,5 五專,1244,127,1117,33,228,31,217,27,215,23,220,12,228,0,0,0,0,1,9,15 花蓮縣,2 技職
104,1078,致理科技大學,D 日,M 碩士,31,9,22,4,12,1,8,0,0,0,0,0,0,0,0,0,0,4,2,01 新北市,2 技職
104,1078,致理科技大學,N 職,M 碩士,31,8,23,3,10,1,7,2,3,0,0,0,0,0,0,0,0,2,3,01 新北市,2 技職
104,1078,致理科技大學,D 日,B 四技,6298,1945,4353,490,1054,436,1104,463,1082,430,968,0,0,0,0,0,0,126,145,01 新北市,2 技職
104,1078,致理科技大學,N 修,B 四技,2952,998,1954,275,474,237,497,230,467,206,440,0,0,0,0,0,0,50,76,01 新北市,2 技職
104,1078,致理科技大學,D 日,C 二技,478,162,316,0,0,0,0,71,155,80,153,0,0,0,0,0,0,11,8,01 新北市,2 技職
104,1078,致理科技大學,N 修,C 二技,237,76,161,0,0,0,0,33,74,42,84,0,0,0,0,0,0,1,3,01 新北市,2 技職
104,1078,致理科技大學,D 日,2 二專,90,52,38,0,0,46,32,0,0,0,0,0,0,0,0,0,0,6,6,01 新北市,2 技職
104,1078,致理科技大學,D 日,5 五專,1619,282,1337,60,270,60,264,50,276,56,256,51,255,0,0,0,0,5,16,01 新北市,2 技職
104,1079,康寧大學,D 日,M 碩士,148,74,74,35,43,28,27,6,2,5,2,0,0,0,0,0,0,0,0,30 臺北市,1 一般
104,1079,康寧大學,N 職,M 碩士,157,71,86,34,47,31,31,2,7,4,1,0,0,0,0,0,0,0,0,30 臺北市,1 一般
104,1079,康寧大學,D 日,B 學士,1275,691,584,156,105,152,149,178,174,177,133,0,0,0,0,0,0,28,23,30 臺北市,1 一般
104,1079,康寧大學,P 進,B 學士,524,327,197,160,94,70,50,34,34,44,15,0,0,0,0,0,0,19,4,30 臺北市,1 一般
104,1079,康寧大學,D 日,2 二專,76,13,63,5,17,8,43,0,0,0,0,0,0,0,0,0,0,0,3,30 臺北市,2 技職
104,1079,康寧大學,N 修,2 二專,329,60,269,25,133,35,133,0,0,0,0,0,0,0,0,0,0,0,3,30 臺北市,2 技職
104,1079,康寧大學,D 日,5 五專,2903,611,2292,142,512,132,437,143,457,102,438,85,426,0,0,0,0,7,22,30 臺北市,2 技職
104,1125,中信金融管理學院,D 日,B 學士,184,81,103,64,82,6,4,6,8,5,9,0,0,0,0,0,0,0,0,21 臺南市,1 一般
104,1125,中信金融管理學院,P 進,B 學士,22,15,7,0,0,0,0,1,0,12,6,0,0,0,0,0,0,2,1,21 臺南市,1 一般
104,1148,大漢技術學院,D 日,M 碩士,93,66,27,23,17,32,7,0,0,0,0,0,0,0,0,0,0,11,3,15 花蓮縣,2 技職
104,1148,大漢技術學院,D 日,B 四技,697,442,255,70,43,92,46,97,50,125,78,0,0,0,0,0,0,58,38,15 花蓮縣,2 技職
104,1148,大漢技術學院,N 修,B 四技,439,267,172,89,43,59,32,64,53,48,39,0,0,0,0,0,0,7,5,15 花蓮縣,2 技職
104,1148,大漢技術學院,D 日,C 二技,1,1,0,0,0,0,0,1,0,0,0,0,0,0,0,0,0,0,0,15 花蓮縣,2 技職
104,1148,大漢技術學院,N 修,C 二技,252,169,83,0,0,0,0,85,53,80,30,0,0,0,0,0,0,4,0,15 花蓮縣,2 技職
104,1148,大漢技術學院,N 修,2 二專,238,110,128,62,69,47,59,0,0,0,0,0,0,0,0,0,0,1,0,15 花蓮縣,2 技職
104,1159,和春技術學院,D 日,M 碩士,26,24,2,18,2,6,0,0,0,0,0,0,0,0,0,0,0,0,0,12 高雄市,2 技職
104,1159,和春技術學院,D 日,B 四技,1280,844,436,183,138,167,73,160,79,248,116,0,0,0,0,0,0,86,30,12 高雄市,2 技職
104,1159,和春技術學院,N 修,B 四技,859,630,229,209,70,105,42,113,43,126,54,0,0,0,0,0,0,77,20,12 高雄市,2 技職
104,1159,和春技術學院,D 日,C 二技,43,24,19,0,0,0,0,12,15,11,3,0,0,0,0,0,0,1,1,12 高雄市,2 技職
104,1159,和春技術學院,N 修,C 二技,262,199,63,0,0,0,0,149,54,47,9,0,0,0,0,0,0,3,0,12 高雄市,2 技職
104,1159,和春技術學院,N 修,2 二專,484,371,113,284,100,60,12,0,0,0,0,0,0,0,0,0,0,27,1,12 高雄市,2 技職
104,1159,和春技術學院,D 日,5 五專,358,224,134,39,25,35,18,45,34,49,28,49,28,0,0,0,0,7,1,12 高雄市,2 技職
104,1166,亞東技術學院,D 日,M 碩士,47,32,15,11,7,12,5,0,0,0,0,0,0,0,0,0,0,9,3,01 新北市,2 技職
104,1166,亞東技術學院,D 日,B 四技,4590,3226,1364,758,294,765,332,771,333,798,375,0,0,0,0,0,0,134,30,01 新北市,2 技職
104,1166,亞東技術學院,N 修,B 四技,24,21,3,0,0,0,0,0,0,0,0,0,0,0,0,0,0,21,3,01 新北市,2 技職
104,1166,亞東技術學院,D 日,C 二技,168,6,162,0,0,0,0,5,84,1,76,0,0,0,0,0,0,0,2,01 新北市,2 技職
104,1166,亞東技術學院,N 修,C 二技,73,0,73,0,0,0,0,0,26,0,26,0,21,0,0,0,0,0,0,01 新北市,2 技職
104,1166,亞東技術學院,D 日,2 二專,15,12,3,0,0,10,2,0,0,0,0,0,0,0,0,0,0,2,1,01 新北市,2 技職
104,1168,桃園創新技術學院,D 日,M 碩士,48,41,7,15,3,17,4,0,0,0,0,0,0,0,0,0,0,9,0,03 桃園市,2 技職
104,1168,桃園創新技術學院,D 日,B 四技,3746,2051,1695,372,300,415,344,492,445,588,513,0,0,0,0,0,0,184,93,03 桃園市,2 技職
104,1168,桃園創新技術學院,N 修,B 四技,1138,743,395,194,72,164,88,151,98,135,105,0,0,0,0,0,0,99,32,03 桃園市,2 技職
104,1168,桃園創新技術學院,D 日,C 二技,28,18,10,0,0,0,0,0,0,18,10,0,0,0,0,0,0,0,0,03 桃園市,2 技職
104,1168,桃園創新技術學院,D 日,2 二專,93,58,35,0,0,55,34,0,0,0,0,0,0,0,0,0,0,3,1,03 桃園市,2 技職
104,1168,桃園創新技術學院,D 日,5 五專,133,66,67,66,67,0,0,0,0,0,0,0,0,0,0,0,0,0,0,03 桃園市,2 技職
104,1176,稻江科技暨管理學院,D 日,M 碩士,74,35,39,21,17,7,21,0,0,0,0,0,0,0,0,0,0,7,1,10 嘉義縣,1 一般
104,1176,稻江科技暨管理學院,N 職,M 碩士,63,30,33,19,17,11,16,0,0,0,0,0,0,0,0,0,0,0,0,10 嘉義縣,1 一般
104,1176,稻江科技暨管理學院,D 日,B 學士,1452,676,776,153,164,158,180,148,126,176,270,0,0,0,0,0,0,41,36,10 嘉義縣,1 一般
104,1176,稻江科技暨管理學院,P 進,B 學士,697,280,417,60,74,57,90,66,108,75,132,0,0,0,0,0,0,22,13,10 嘉義縣,1 一般
104,1176,稻江科技暨管理學院,N 修,C 二技,95,21,74,0,0,0,0,10,48,11,26,0,0,0,0,0,0,0,0,10 嘉義縣,2 技職
104,1179,德霖技術學院,D 日,B 四技,3232,1869,1363,501,351,455,378,388,328,413,280,0,0,0,0,0,0,112,26,01 新北市,2 技職
104,1179,德霖技術學院,N 修,B 四技,1342,907,435,288,145,147,80,216,96,185,86,0,0,0,0,0,0,71,28,01 新北市,2 技職
104,1179,德霖技術學院,D 日,C 二技,103,34,69,0,0,0,0,11,23,23,44,0,0,0,0,0,0,0,2,01 新北市,2 技職
104,1179,德霖技術學院,N 修,C 二技,505,355,150,0,0,0,0,181,66,165,81,0,0,0,0,0,0,9,3,01 新北市,2 技職
104,1179,德霖技術學院,D 日,2 二專,76,41,35,0,0,38,27,0,0,0,0,0,0,0,0,0,0,3,8,01 新北市,2 技職
104,1179,德霖技術學院,N 修,2 二專,476,261,215,122,121,126,87,0,0,0,0,0,0,0,0,0,0,13,7,01 新北市,2 技職
104,1179,德霖技術學院,D 日,5 五專,1702,1093,609,210,106,193,116,232,131,253,137,184,117,0,0,0,0,21,2,01 新北市,2 技職
104,1182,蘭陽技術學院,D 日,B 四技,908,544,364,101,66,74,85,159,87,174,108,0,0,0,0,0,0,36,18,02 宜蘭縣,2 技職
104,1182,蘭陽技術學院,N 修,B 四技,1,1,0,0,0,0,0,0,0,0,0,0,0,0,0,0,0,1,0,02 宜蘭縣,2 技職
104,1182,蘭陽技術學院,D 日,C 二技,43,23,20,0,0,0,0,14,12,6,8,0,0,0,0,0,0,3,0,02 宜蘭縣,2 技職
104,1182,蘭陽技術學院,D 日,5 五專,747,464,283,117,68,40,30,81,46,119,88,95,49,0,0,0,0,12,2,02 宜蘭縣,2 技職
104,1183,黎明技術學院,D 日,B 四技,2836,1576,1260,378,387,351,340,410,277,368,236,0,0,0,0,0,0,69,20,01 新北市,2 技職
104,1183,黎明技術學院,N 修,B 四技,740,515,225,159,60,112,58,135,64,83,36,0,0,0,0,0,0,26,7,01 新北市,2 技職
104,1183,黎明技術學院,D 日,C 二技,18,0,18,0,0,0,0,0,9,0,8,0,0,0,0,0,0,0,1,01 新北市,2 技職
104,1183,黎明技術學院,N 修,C 二技,97,10,87,0,0,0,0,9,71,0,16,0,0,0,0,0,0,1,0,01 新北市,2 技職
104,1183,黎明技術學院,N 修,2 二專,69,2,67,2,55,0,6,0,0,0,0,0,0,0,0,0,0,0,6,01 新北市,2 技職
104,1183,黎明技術學院,D 日,5 五專,911,785,126,146,17,150,29,164,27,171,28,138,25,0,0,0,0,16,0,01 新北市,2 技職
104,1184,東方設計學院,D 日,D 博士,14,9,5,7,4,2,1,0,0,0,0,0,0,0,0,0,0,0,0,12 高雄市,2 技職
104,1184,東方設計學院,D 日,M 碩士,71,39,32,26,19,7,8,0,0,0,0,0,0,0,0,0,0,6,5,12 高雄市,2 技職
104,1184,東方設計學院,N 職,M 碩士,48,28,20,12,4,9,13,0,0,0,0,0,0,0,0,0,0,7,3,12 高雄市,2 技職
104,1184,東方設計學院,D 日,B 四技,1878,939,939,226,195,193,191,226,264,259,270,0,0,0,0,0,0,35,19,12 高雄市,2 技職
104,1184,東方設計學院,N 修,B 四技,154,81,73,26,38,7,11,15,10,28,14,0,0,0,0,0,0,5,0,12 高雄市,2 技職
104,1184,東方設計學院,D 日,C 二技,47,31,16,0,0,0,0,14,6,16,10,0,0,0,0,0,0,1,0,12 高雄市,2 技職
104,1184,東方設計學院,D 日,2 二專,2,1,1,0,0,0,0,0,0,0,0,0,0,0,0,0,0,1,1,12 高雄市,2 技職
104,1184,東方設計學院,D 日,5 五專,1643,686,957,159,205,130,171,146,227,174,222,77,128,0,0,0,0,0,4,12 高雄市,2 技職
104,1185,經國管理暨健康學院,D 日,M 碩士,23,6,17,1,9,4,6,1,2,0,0,0,0,0,0,0,0,0,0,17 基隆市,2 技職
104,1185,經國管理暨健康學院,N 職,M 碩士,45,7,38,5,15,1,19,1,3,0,0,0,0,0,0,0,0,0,1,17 基隆市,2 技職
104,1185,經國管理暨健康學院,D 日,B 四技,1847,709,1138,193,369,177,268,156,245,143,221,0,0,0,0,0,0,40,35,17 基隆市,2 技職
104,1185,經國管理暨健康學院,N 修,B 四技,330,136,194,32,60,24,39,27,30,41,50,0,0,0,0,0,0,12,15,17 基隆市,2 技職
104,1185,經國管理暨健康學院,D 日,C 二技,124,4,120,0,0,0,0,3,64,1,55,0,0,0,0,0,0,0,1,17 基隆市,2 技職
104,1185,經國管理暨健康學院,N 修,C 二技,187,9,178,0,0,0,0,6,87,3,89,0,0,0,0,0,0,0,2,17 基隆市,2 技職
104,1185,經國管理暨健康學院,D 日,5 五專,1654,383,1271,106,259,85,259,72,270,66,257,45,200,0,0,0,0,9,26,17 基隆市,2 技職
104,1187,崇右技術學院,D 日,M 碩士,70,30,40,20,22,10,18,0,0,0,0,0,0,0,0,0,0,0,0,17 基隆市,2 技職
104,1187,崇右技術學院,D 日,B 四技,2484,1142,1342,359,423,250,260,238,276,214,318,0,0,0,0,0,0,81,65,17 基隆市,2 技職
104,1187,崇右技術學院,D 日,C 二技,1,0,1,0,0,0,0,0,0,0,1,0,0,0,0,0,0,0,0,17 基隆市,2 技職
104,1187,崇右技術學院,D 日,5 五專,703,282,421,42,49,48,48,60,70,51,134,70,101,0,0,0,0,11,19,17 基隆市,2 技職
104,1188,大同技術學院,D 日,B 四技,1655,787,868,216,219,166,231,201,220,179,182,0,0,0,0,0,0,25,16,20 嘉義市,2 技職
104,1188,大同技術學院,N 修,B 四技,445,186,259,45,61,38,55,38,72,54,63,0,0,0,0,0,0,11,8,20 嘉義市,2 技職
104,1188,大同技術學院,N 修,C 二技,313,74,239,0,0,0,0,34,136,38,102,0,0,0,0,0,0,2,1,20 嘉義市,2 技職
104,1188,大同技術學院,N 修,2 二專,29,14,15,7,8,7,5,0,0,0,0,0,0,0,0,0,0,0,2,20 嘉義市,2 技職
104,1188,大同技術學院,D 日,5 五專,206,109,97,8,11,26,16,29,28,24,26,17,14,0,0,0,0,5,2,20 嘉義市,2 技職
104,1189,亞太創意技術學院,D 日,M 碩士,73,38,35,21,11,11,16,2,8,4,0,0,0,0,0,0,0,0,0,05 苗栗縣,2 技職
104,1189,亞太創意技術學院,D 日,B 四技,875,495,380,110,77,76,58,113,85,157,132,0,0,0,0,0,0,39,28,05 苗栗縣,2 技職
104,1189,亞太創意技術學院,D 日,C 二技,99,12,87,0,0,0,0,0,1,12,86,0,0,0,0,0,0,0,0,05 苗栗縣,2 技職
104,1189,亞太創意技術學院,N 修,C 二技,315,16,299,0,0,0,0,0,0,16,299,0,0,0,0,0,0,0,0,05 苗栗縣,2 技職
104,1189,亞太創意技術學院,N 修,2 二專,128,3,125,0,0,3,122,0,0,0,0,0,0,0,0,0,0,0,3,05 苗栗縣,2 技職
104,1192,臺灣觀光學院,D 日,M 碩士,28,10,18,5,6,4,5,1,7,0,0,0,0,0,0,0,0,0,0,15 花蓮縣,2 技職
104,1192,臺灣觀光學院,D 日,B 四技,956,473,483,100,106,89,110,101,114,149,128,0,0,0,0,0,0,34,25,15 花蓮縣,2 技職
104,1192,臺灣觀光學院,N 修,B 四技,165,63,102,19,32,13,35,16,22,15,13,0,0,0,0,0,0,0,0,15 花蓮縣,2 技職
104,1192,臺灣觀光學院,D 日,C 二技,42,16,26,0,0,0,0,7,10,8,15,0,0,0,0,0,0,1,1,15 花蓮縣,2 技職
104,1192,臺灣觀光學院,N 修,C 二技,81,40,41,0,0,0,0,23,23,17,18,0,0,0,0,0,0,0,0,15 花蓮縣,2 技職
104,1192,臺灣觀光學院,D 日,2 二專,6,4,2,0,0,3,2,0,0,0,0,0,0,0,0,0,0,1,0,15 花蓮縣,2 技職
104,1192,臺灣觀光學院,N 修,2 二專,70,30,40,12,24,18,16,0,0,0,0,0,0,0,0,0,0,0,0,15 花蓮縣,2 技職
104,1192,臺灣觀光學院,D 日,5 五專,205,76,129,23,45,22,47,30,34,0,0,0,0,0,0,0,0,1,3,15 花蓮縣,2 技職
104,1195,馬偕醫學院,D 日,M 碩士,23,7,16,4,15,3,1,0,0,0,0,0,0,0,0,0,0,0,0,01 新北市,1 一般
104,1195,馬偕醫學院,D 日,B 學士,600,253,347,46,85,38,75,41,75,36,77,31,15,31,9,29,11,1,0,01 新北市,1 一般
104,1195,馬偕醫學院,N 修,C 二技,17,0,17,0,0,0,0,0,6,0,11,0,0,0,0,0,0,0,0,01 新北市,2 技職
104,1196,法鼓文理學院,D 日,D 博士,11,4,7,2,3,2,2,0,0,0,2,0,0,0,0,0,0,0,0,01 新北市,1 一般
104,1196,法鼓文理學院,D 日,M 碩士,116,39,77,23,45,4,11,4,9,8,12,0,0,0,0,0,0,0,0,01 新北市,1 一般
104,1196,法鼓文理學院,D 日,B 學士,52,12,40,4,12,5,13,1,6,2,9,0,0,0,0,0,0,0,0,01 新北市,1 一般
104,1197,台北海洋技術學院,D 日,M 碩士,15,12,3,12,3,0,0,0,0,0,0,0,0,0,0,0,0,0,0,01 新北市,2 技職
104,1197,台北海洋技術學院,D 日,B 四技,4065,2097,1968,552,564,487,493,480,462,500,420,0,0,0,0,0,0,78,29,01 新北市,2 技職
104,1197,台北海洋技術學院,N 修,B 四技,170,99,71,20,17,18,11,26,14,27,24,0,0,0,0,0,0,8,5,01 新北市,2 技職
104,1197,台北海洋技術學院,D 日,C 二技,224,169,55,0,0,0,0,79,27,80,27,0,0,0,0,0,0,10,1,01 新北市,2 技職
104,1197,台北海洋技術學院,N 修,C 二技,89,23,66,0,0,0,0,9,38,13,28,0,0,0,0,0,0,1,0,01 新北市,2 技職
104,1197,台北海洋技術學院,D 日,X 4+X,81,71,10,41,5,30,5,0,0,0,0,0,0,0,0,0,0,0,0,01 新北市,2 技職
104,1197,台北海洋技術學院,D 日,2 二專,259,227,32,75,2,134,27,0,0,0,0,0,0,0,0,0,0,18,3,01 新北市,2 技職
104,1197,台北海洋技術學院,N 修,2 二專,137,129,8,64,1,65,7,0,0,0,0,0,0,0,0,0,0,0,0,01 新北市,2 技職
104,1197,台北海洋技術學院,D 日,5 五專,1450,887,563,192,121,178,118,168,124,175,103,157,95,0,0,0,0,17,2,01 新北市,2 技職
104,1282,馬偕醫護管理專科學校,D 日,2 二專,54,9,45,5,19,1,21,0,0,0,0,0,0,0,0,0,0,3,5,30 臺北市,2 技職
104,1282,馬偕醫護管理專科學校,N 修,2 二專,340,170,170,111,88,59,80,0,0,0,0,0,0,0,0,0,0,0,2,30 臺北市,2 技職
104,1282,馬偕醫護管理專科學校,D 日,5 五專,3922,385,3537,89,765,82,724,92,709,64,671,51,630,0,0,0,0,7,38,30 臺北市,2 技職
104,1283,仁德醫護管理專科學校,N 修,2 二專,472,229,243,139,174,75,60,0,0,0,0,0,0,0,0,0,0,15,9,05 苗栗縣,2 技職
104,1283,仁德醫護管理專科學校,D 日,5 五專,6031,1324,4707,285,976,245,943,253,958,267,859,192,832,0,0,0,0,82,139,05 苗栗縣,2 技職
104,1284,樹人醫護管理專科學校,N 修,2 二專,488,355,133,165,55,142,60,18,11,27,5,0,0,0,0,0,0,3,2,12 高雄市,2 技職
104,1284,樹人醫護管理專科學校,D 日,5 五專,6543,1581,4962,344,1104,296,954,324,1000,303,925,233,830,0,0,0,0,81,149,12 高雄市,2 技職
104,1285,慈惠醫護管理專科學校,D 日,2 二專,139,50,89,23,59,18,22,0,0,0,0,0,0,0,0,0,0,9,8,13 屏東縣,2 技職
104,1285,慈惠醫護管理專科學校,N 修,2 二專,323,137,186,85,92,42,74,4,7,2,4,0,0,0,0,0,0,4,9,13 屏東縣,2 技職
104,1285,慈惠醫護管理專科學校,D 日,5 五專,5883,1473,4410,290,882,280,847,313,875,290,907,226,725,0,0,0,0,74,174,13 屏東縣,2 技職
104,1286,耕莘健康管理專科學校,N 修,2 二專,73,1,72,1,38,0,33,0,0,0,0,0,0,0,0,0,0,0,1,01 新北市,2 技職
104,1286,耕莘健康管理專科學校,D 日,5 五專,4979,529,4450,125,961,123,902,100,907,100,921,65,704,0,0,0,0,16,55,01 新北市,2 技職
104,1287,敏惠醫護管理專科學校,D 日,5 五專,3819,446,3373,107,682,88,665,92,681,83,691,67,620,0,0,0,0,9,34,11 臺南市,2 技職
104,1288,高美醫護管理專科學校,N 修,2 二專,233,124,109,60,54,64,55,0,0,0,0,0,0,0,0,0,0,0,0,12 高雄市,2 技職
104,1288,高美醫護管理專科學校,D 日,5 五專,619,144,475,43,121,30,60,22,73,17,108,32,113,0,0,0,0,0,0,12 高雄市,2 技職
104,1289,育英醫護管理專科學校,D 日,5 五專,2009,156,1853,40,370,35,347,31,352,26,361,20,382,0,0,0,0,4,41,50 高雄市,2 技職
104,1290,崇仁醫護管理專科學校,D 日,5 五專,3387,410,2977,100,627,86,593,82,624,67,560,57,534,0,0,0,0,18,39,20 嘉義市,2 技職
104,1291,聖母醫護管理專科學校,D 日,5 五專,3597,817,2780,229,586,156,548,164,568,139,562,125,512,0,0,0,0,4,4,02 宜蘭縣,2 技職
104,1292,新生醫護管理專科學校,N 修,2 二專,123,51,72,32,37,18,35,0,0,0,0,0,0,0,0,0,0,1,0,03 桃園市,2 技職
104,1292,新生醫護管理專科學校,D 日,5 五專,5913,675,5238,178,1142,141,988,140,1027,116,1012,82,1005,0,0,0,0,18,64,03 桃園市,2 技職
104,3002,臺北市立大學,D 日,D 博士,251,97,154,14,29,19,23,11,20,11,21,11,17,9,13,10,10,12,21,30 臺北市,1 一般
104,3002,臺北市立大學,D 日,M 碩士,1255,402,853,142,260,116,256,72,156,53,129,0,0,0,0,0,0,19,52,30 臺北市,1 一般
104,3002,臺北市立大學,N 職,M 碩士,985,308,677,106,248,107,258,39,89,26,35,0,0,0,0,0,0,30,47,30 臺北市,1 一般
104,3002,臺北市立大學,D 日,B 學士,5082,2295,2787,587,725,543,684,502,661,482,610,0,0,0,0,0,0,181,107,30 臺北市,1 一般
105,0001,國立政治大學,D 日,D 博士,981,605,376,113,66,91,68,90,63,77,58,86,48,84,40,64,33,0,0,30 臺北市,1 一般
105,0001,國立政治大學,D 日,M 碩士,3962,1808,2154,617,755,622,712,352,422,217,265,0,0,0,0,0,0,0,0,30 臺北市,1 一般
105,0001,國立政治大學,N 職,M 碩士,1718,882,836,281,297,261,265,193,160,92,84,55,30,0,0,0,0,0,0,30 臺北市,1 一般
105,0001,國立政治大學,D 日,B 學士,9711,3912,5799,872,1347,1017,1232,850,1367,846,1398,0,0,0,0,0,0,327,455,30 臺北市,1 一般
105,0002,國立清華大學,D 日,D 博士,1645,1264,381,235,83,205,59,211,55,167,41,148,46,125,43,173,54,0,0,18 新竹市,1 一般
105,0002,國立清華大學,D 日,M 碩士,4028,2762,1266,1206,492,1056,484,378,188,122,101,0,1,0,0,0,0,0,0,18 新竹市,1 一般
105,0002,國立清華大學,N 職,M 碩士,424,262,162,121,79,96,48,20,16,13,13,12,6,0,0,0,0,0,0,18 新竹市,1 一般
105,0002,國立清華大學,D 日,B 學士,6369,4060,2309,967,568,949,583,960,533,950,525,0,0,0,0,0,0,234,100,18 新竹市,1 一般
105,0003,國立臺灣大學,D 日,D 博士,3813,2679,1134,471,183,409,185,389,153,349,163,384,148,314,147,363,155,0,0,30 臺北市,1 一般
105,0003,國立臺灣大學,D 日,M 碩士,10154,6160,3994,2478,1510,2323,1461,912,661,447,362,0,0,0,0,0,0,0,0,30 臺北市,1 一般
105,0003,國立臺灣大學,N 職,M 碩士,1317,842,475,288,191,264,168,160,68,54,25,53,11,23,12,0,0,0,0,30 臺北市,1 一般
105,0003,國立臺灣大學,D 日,B 學士,16499,9403,7096,2108,1622,2105,1600,2057,1655,2051,1553,165,87,139,51,0,0,778,528,30 臺北市,1 一般
105,0004,國立臺灣師範大學,D 日,D 博士,1366,701,665,108,124,119,125,123,103,100,101,96,86,77,68,78,58,0,0,30 臺北市,3 師範
105,0004,國立臺灣師範大學,D 日,M 碩士,3926,1646,2280,610,759,533,699,293,472,210,350,0,0,0,0,0,0,0,0,30 臺北市,3 師範
105,0004,國立臺灣師範大學,N 職,M 碩士,1987,574,1413,207,436,129,321,108,323,64,153,34,108,32,72,0,0,0,0,30 臺北市,3 師範
105,0004,國立臺灣師範大學,D 日,B 學士,8028,3523,4505,885,1091,858,1064,786,1074,757,1036,0,0,0,0,0,0,237,240,30 臺北市,3 師範
105,0005,國立成功大學,D 日,D 博士,1939,1376,563,215,96,227,88,188,100,178,72,196,77,180,68,192,62,0,0,21 臺南市,1 一般
105,0005,國立成功大學,D 日,M 碩士,6448,4085,2363,1787,1037,1729,913,423,280,146,133,0,0,0,0,0,0,0,0,21 臺南市,1 一般
105,0005,國立成功大學,N 職,M 碩士,1279,818,461,271,189,254,161,156,73,96,27,41,11,0,0,0,0,0,0,21 臺南市,1 一般
105,0005,國立成功大學,D 日,B 學士,11453,7257,4196,1695,1028,1737,990,1653,966,1595,958,69,38,43,35,54,19,411,162,21 臺南市,1 一般
105,0006,國立中興大學,D 日,D 博士,1028,739,289,117,45,99,40,110,41,102,35,90,38,93,30,128,60,0,0,19 臺中市,1 一般
105,0006,國立中興大學,D 日,M 碩士,3322,2000,1322,836,545,827,517,250,166,85,92,2,2,0,0,0,0,0,0,19 臺中市,1 一般
105,0006,國立中興大學,N 職,M 碩士,1541,1038,503,348,200,314,162,155,69,122,39,99,33,0,0,0,0,0,0,19 臺中市,1 一般
105,0006,國立中興大學,D 日,B 學士,8089,4792,3297,1143,799,1152,788,1096,789,1151,802,40,28,0,0,0,0,210,91,19 臺中市,1 一般
105,0006,國立中興大學,P 進,B 學士,1067,446,621,117,122,90,135,90,123,82,149,62,88,0,0,0,0,5,4,19 臺中市,1 一般
105,0007,國立交通大學,D 日,D 博士,1745,1425,320,276,55,228,69,201,50,193,43,163,29,160,43,204,31,0,0,18 新竹市,1 一般
105,0007,國立交通大學,D 日,M 碩士,5397,3752,1645,1412,644,1346,568,806,319,188,112,0,2,0,0,0,0,0,0,18 新竹市,1 一般
105,0007,國立交通大學,N 職,M 碩士,1463,1029,434,334,168,317,151,136,50,140,38,102,27,0,0,0,0,0,0,18 新竹市,1 一般
105,0007,國立交通大學,D 日,B 學士,5478,3849,1629,922,409,962,386,921,401,901,389,0,0,0,0,0,0,143,44,18 新竹市,1 一般
105,0008,國立中央大學,D 日,D 博士,1073,798,275,167,65,123,51,110,46,105,29,111,22,87,29,95,33,0,0,03 桃園市,1 一般
105,0008,國立中央大學,D 日,M 碩士,3438,2315,1123,976,496,955,447,302,128,82,51,0,1,0,0,0,0,0,0,03 桃園市,1 一般
105,0008,國立中央大學,N 職,M 碩士,1325,856,469,331,176,300,206,115,51,73,26,34,10,3,0,0,0,0,0,03 桃園市,1 一般
105,0008,國立中央大學,D 日,B 學士,6107,3902,2205,948,544,975,529,932,542,875,531,0,0,0,0,0,0,172,59,03 桃園市,1 一般
105,0009,國立中山大學,D 日,D 博士,829,588,241,118,37,87,43,76,37,94,29,73,42,62,30,78,23,0,0,50 高雄市,1 一般
105,0009,國立中山大學,D 日,M 碩士,2916,1838,1078,748,435,690,377,259,182,141,84,0,0,0,0,0,0,0,0,50 高雄市,1 一般
105,0009,國立中山大學,N 職,M 碩士,916,475,441,215,182,159,147,42,67,59,45,0,0,0,0,0,0,0,0,50 高雄市,1 一般
105,0009,國立中山大學,D 日,B 學士,4756,2950,1806,685,451,717,424,697,453,692,402,0,0,0,0,0,0,159,76,50 高雄市,1 一般
105,0012,國立臺灣海洋大學,D 日,D 博士,296,232,64,47,8,33,16,41,7,21,9,21,5,23,7,46,12,0,0,17 基隆市,1 一般
105,0012,國立臺灣海洋大學,D 日,M 碩士,1423,981,442,416,214,409,168,106,44,44,13,5,3,1,0,0,0,0,0,17 基隆市,1 一般
105,0012,國立臺灣海洋大學,N 職,M 碩士,615,380,235,170,90,130,107,47,19,22,12,7,5,3,1,1,1,0,0,17 基隆市,1 一般
105,0012,國立臺灣海洋大學,D 日,B 學士,5672,3931,1741,953,434,974,409,952,442,894,421,0,0,0,0,0,0,158,35,17 基隆市,1 一般
105,0012,國立臺灣海洋大學,P 進,B 學士,525,306,219,85,49,68,53,59,53,63,47,0,0,0,0,0,0,31,17,17 基隆市,1 一般
105,0012,國立臺灣海洋大學,N 修,X 4+X,176,150,26,80,19,69,7,0,0,0,0,0,0,0,0,0,0,1,0,17 基隆市,1 一般
105,0013,國立中正大學,D 日,D 博士,570,395,175,72,31,69,36,55,29,48,25,49,25,41,12,61,17,0,0,10 嘉義縣,1 一般
105,0013,國立中正大學,D 日,M 碩士,2796,1756,1040,709,390,649,356,272,180,125,111,1,3,0,0,0,0,0,0,10 嘉義縣,1 一般
105,0013,國立中正大學,N 職,M 碩士,1497,759,738,238,251,251,222,101,121,56,62,113,82,0,0,0,0,0,0,10 嘉義縣,1 一般
105,0013,國立中正大學,D 日,B 學士,6672,3632,3040,902,722,914,743,855,751,809,754,0,0,0,0,0,0,152,70,10 嘉義縣,1 一般
105,0014,國立高雄師範大學,D 日,D 博士,467,232,235,46,44,31,35,36,34,33,46,35,25,20,25,31,26,0,0,50 高雄市,3 師範
105,0014,國立高雄師範大學,D 日,M 碩士,1363,511,852,155,269,172,240,101,170,65,144,16,18,2,8,0,3,0,0,50 高雄市,3 師範
105,0014,國立高雄師範大學,N 職,M 碩士,1253,429,824,149,232,113,261,83,167,37,74,23,42,24,48,0,0,0,0,50 高雄市,3 師範
105,0014,國立高雄師範大學,D 日,B 學士,3525,1693,1832,428,442,410,441,398,442,395,451,0,0,0,0,0,0,62,56,50 高雄市,3 師範
105,0015,國立彰化師範大學,D 日,D 博士,482,284,198,52,31,47,41,50,27,44,30,34,27,31,25,26,17,0,0,07 彰化縣,3 師範
105,0015,國立彰化師範大學,D 日,M 碩士,1548,776,772,290,244,292,258,129,168,65,102,0,0,0,0,0,0,0,0,07 彰化縣,3 師範
105,0015,國立彰化師範大學,N 職,M 碩士,1298,569,729,190,262,199,253,59,76,42,63,25,25,54,50,0,0,0,0,07 彰化縣,3 師範
105,0015,國立彰化師範大學,D 日,B 學士,4864,2518,2346,599,593,610,541,595,574,589,582,0,0,0,0,0,0,125,56,07 彰化縣,3 師範
105,0016,國立陽明大學,D 日,D 博士,930,559,371,117,58,88,57,92,58,61,65,69,46,60,44,72,43,0,0,30 臺北市,1 一般
105,0016,國立陽明大學,D 日,M 碩士,1148,487,661,213,301,180,255,70,79,23,21,1,5,0,0,0,0,0,0,30 臺北市,1 一般
105,0016,國立陽明大學,N 職,M 碩士,136,43,93,20,36,15,33,3,14,3,4,2,6,0,0,0,0,0,0,30 臺北市,1 一般
105,0016,國立陽明大學,D 日,B 學士,2121,1165,956,219,193,205,186,211,190,208,199,115,63,111,67,75,47,21,11,30 臺北市,1 一般
105,0017,國立臺北大學,D 日,D 博士,192,128,64,28,11,20,16,16,10,26,8,14,7,12,6,12,6,0,0,01 新北市,1 一般
105,0017,國立臺北大學,D 日,M 碩士,1324,669,655,258,241,231,237,114,102,63,71,3,4,0,0,0,0,0,0,01 新北市,1 一般
105,0017,國立臺北大學,N 職,M 碩士,470,210,260,80,108,74,90,38,32,6,21,12,9,0,0,0,0,0,0,01 新北市,1 一般
105,0017,國立臺北大學,D 日,B 學士,5878,2665,3213,659,758,670,739,588,813,610,764,0,0,0,0,0,0,138,139,01 新北市,1 一般
105,0017,國立臺北大學,P 進,B 學士,1902,744,1158,196,326,197,323,133,199,141,187,5,35,0,0,0,0,72,88,01 新北市,1 一般
105,0017,國立臺北大學,N 修,X 4+X,1,0,1,0,1,0,0,0,0,0,0,0,0,0,0,0,0,0,0,01 新北市,1 一般
105,0018,國立嘉義大學,D 日,D 博士,191,100,91,24,11,17,16,16,15,13,10,9,8,6,13,15,18,0,0,20 嘉義市,1 一般
105,0018,國立嘉義大學,D 日,M 碩士,1442,719,723,258,271,223,239,151,118,87,95,0,0,0,0,0,0,0,0,20 嘉義市,1 一般
105,0018,國立嘉義大學,N 職,M 碩士,971,406,565,127,191,114,187,104,125,61,61,0,0,0,0,0,1,0,0,20 嘉義市,1 一般
105,0018,國立嘉義大學,D 日,B 學士,7840,4032,3808,974,900,994,934,964,932,937,956,26,24,0,0,0,0,137,62,20 嘉義市,1 一般
105,0018,國立嘉義大學,P 進,B 學士,2101,1220,881,345,198,334,212,246,221,229,225,0,0,0,0,0,0,66,25,20 嘉義市,1 一般
105,0019,國立高雄大學,D 日,D 博士,22,20,2,7,0,4,0,1,0,4,1,2,1,1,0,1,0,0,0,50 高雄市,1 一般
105,0019,國立高雄大學,D 日,M 碩士,639,445,194,196,79,154,76,54,27,41,12,0,0,0,0,0,0,0,0,50 高雄市,1 一般
105,0019,國立高雄大學,N 職,M 碩士,442,271,171,101,75,76,52,37,13,27,10,17,8,13,13,0,0,0,0,50 高雄市,1 一般
105,0019,國立高雄大學,D 日,B 學士,4243,2453,1790,620,431,585,441,565,457,577,420,0,0,0,0,0,0,106,41,50 高雄市,1 一般
105,0019,國立高雄大學,N 修,C 二技,165,104,61,0,0,0,0,35,29,34,16,0,0,0,0,0,0,35,16,50 高雄市,2 技職
105,0020,國立東華大學,D 日,D 博士,358,223,135,43,21,26,29,52,24,28,15,32,15,20,10,22,21,0,0,15 花蓮縣,1 一般
105,0020,國立東華大學,D 日,M 碩士,1673,918,755,300,224,324,272,161,128,122,118,10,8,1,5,0,0,0,0,15 花蓮縣,1 一般
105,0020,國立東華大學,N 職,M 碩士,617,268,349,104,115,78,96,34,53,28,46,12,13,12,26,0,0,0,0,15 花蓮縣,1 一般
105,0020,國立東華大學,D 日,B 學士,7597,3716,3881,848,954,903,924,905,934,804,920,0,0,0,0,0,0,256,149,15 花蓮縣,1 一般
105,0021,國立暨南國際大學,D 日,D 博士,347,193,154,42,30,21,25,23,27,30,19,23,17,36,26,18,10,0,0,08 南投縣,1 一般
105,0021,國立暨南國際大學,D 日,M 碩士,987,523,464,171,147,181,141,99,91,72,85,0,0,0,0,0,0,0,0,08 南投縣,1 一般
105,0021,國立暨南國際大學,N 職,M 碩士,447,225,222,90,94,79,71,31,30,17,14,4,7,4,6,0,0,0,0,08 南投縣,1 一般
105,0021,國立暨南國際大學,D 日,B 學士,4572,2168,2404,533,638,564,592,525,579,449,536,0,0,0,0,0,0,97,59,08 南投縣,1 一般
105,0022,國立臺灣科技大學,D 日,D 博士,977,768,209,205,63,153,44,121,36,111,30,75,17,68,12,35,7,0,0,30 臺北市,2 技職
105,0022,國立臺灣科技大學,N 職,D 博士,13,12,1,0,0,0,0,0,0,1,0,0,0,1,0,10,1,0,0,30 臺北市,2 技職
105,0022,國立臺灣科技大學,D 日,M 碩士,3352,2361,991,1155,480,943,397,205,93,58,21,0,0,0,0,0,0,0,0,30 臺北市,2 技職
105,0022,國立臺灣科技大學,N 職,M 碩士,744,507,237,199,109,184,95,64,23,54,10,5,0,1,0,0,0,0,0,30 臺北市,2 技職
105,0022,國立臺灣科技大學,D 日,B 四技,5493,3823,1670,1004,399,927,443,861,393,862,376,0,0,0,0,0,0,169,59,30 臺北市,2 技職
105,0022,國立臺灣科技大學,D 日,C 二技,124,40,84,0,0,0,0,25,39,13,42,0,0,0,0,0,0,2,3,30 臺北市,2 技職
105,0022,國立臺灣科技大學,N 修,C 二技,25,7,18,0,0,0,0,0,0,1,10,0,0,0,0,0,0,6,8,30 臺北市,2 技職
105,0022,國立臺灣科技大學,D 日,X 4+X,1,0,1,0,0,0,1,0,0,0,0,0,0,0,0,0,0,0,0,30 臺北市,2 技職
105,0023,國立雲林科技大學,D 日,D 博士,451,297,154,59,29,50,28,52,25,43,21,38,21,25,11,30,19,0,0,09 雲林縣,2 技職
105,0023,國立雲林科技大學,D 日,M 碩士,2023,1273,750,544,291,508,301,163,111,58,47,0,0,0,0,0,0,0,0,09 雲林縣,2 技職
105,0023,國立雲林科技大學,N 職,M 碩士,767,432,335,199,150,131,105,65,47,25,23,12,10,0,0,0,0,0,0,09 雲林縣,2 技職
105,0023,國立雲林科技大學,D 日,B 四技,6282,3778,2504,986,622,930,632,904,596,840,582,0,0,0,0,0,0,118,72,09 雲林縣,2 技職
105,0023,國立雲林科技大學,D 日,C 二技,229,88,141,0,0,0,0,42,65,36,63,0,0,0,0,0,0,10,13,09 雲林縣,2 技職
105,0024,國立屏東科技大學,D 日,D 博士,255,170,85,33,18,37,13,22,14,22,13,19,13,15,8,22,6,0,0,13 屏東縣,2 技職
105,0024,國立屏東科技大學,D 日,M 碩士,1230,720,510,304,220,274,176,103,92,35,20,3,0,1,2,0,0,0,0,13 屏東縣,2 技職
105,0024,國立屏東科技大學,N 職,M 碩士,471,308,163,108,82,104,51,47,13,24,7,16,7,9,3,0,0,0,0,13 屏東縣,2 技職
105,0024,國立屏東科技大學,D 日,B 四技,7818,4064,3754,988,879,969,942,974,933,964,884,40,58,0,0,0,0,129,58,13 屏東縣,2 技職
105,0024,國立屏東科技大學,N 修,B 四技,1569,828,741,203,152,211,199,171,152,193,208,0,0,0,0,0,0,50,30,13 屏東縣,2 技職
105,0024,國立屏東科技大學,D 日,C 二技,7,2,5,0,0,0,0,1,5,0,0,0,0,0,0,0,0,1,0,13 屏東縣,2 技職
105,0025,國立臺北科技大學,D 日,D 博士,695,549,146,87,21,107,25,92,25,72,22,75,15,52,23,64,15,0,0,30 臺北市,2 技職
105,0025,國立臺北科技大學,D 日,M 碩士,2734,2067,667,963,279,901,295,163,63,40,30,0,0,0,0,0,0,0,0,30 臺北市,2 技職
105,0025,國立臺北科技大學,N 職,M 碩士,1424,1056,368,396,162,366,125,184,48,96,32,14,1,0,0,0,0,0,0,30 臺北市,2 技職
105,0025,國立臺北科技大學,D 日,B 四技,5940,4165,1775,1086,468,1047,416,996,455,1009,434,0,0,0,0,0,0,27,2,30 臺北市,2 技職
105,0025,國立臺北科技大學,N 修,B 四技,1159,989,170,394,81,291,43,227,44,77,2,0,0,0,0,0,0,0,0,30 臺北市,2 技職
105,0025,國立臺北科技大學,D 日,C 二技,49,23,26,0,0,0,0,16,22,7,4,0,0,0,0,0,0,0,0,30 臺北市,2 技職
105,0025,國立臺北科技大學,N 修,C 二技,567,356,211,0,0,0,0,130,83,172,100,14,16,0,0,0,0,40,12,30 臺北市,2 技職
105,0026,國立高雄第一科技大學,D 日,D 博士,227,178,49,32,9,31,9,35,7,21,9,19,8,24,4,16,3,0,0,12 高雄市,2 技職
105,0026,國立高雄第一科技大學,D 日,M 碩士,1065,662,403,298,170,264,176,65,37,34,20,0,0,1,0,0,0,0,0,12 高雄市,2 技職
105,0026,國立高雄第一科技大學,N 職,M 碩士,716,504,212,169,96,161,75,85,17,54,16,22,5,13,3,0,0,0,0,12 高雄市,2 技職
105,0026,國立高雄第一科技大學,D 日,B 四技,5541,2798,2743,751,684,650,669,661,682,636,649,0,0,0,0,0,0,100,59,12 高雄市,2 技職
105,0026,國立高雄第一科技大學,D 日,C 二技,181,52,129,0,0,0,0,31,62,19,54,0,0,0,0,0,0,2,13,12 高雄市,2 技職
105,0027,國立高雄應用科技大學,D 日,D 博士,276,230,46,40,15,60,11,33,10,38,3,26,3,21,2,12,2,0,0,50 高雄市,2 技職
105,0027,國立高雄應用科技大學,D 日,M 碩士,1302,962,340,434,151,415,144,81,30,32,15,0,0,0,0,0,0,0,0,50 高雄市,2 技職
105,0027,國立高雄應用科技大學,N 職,M 碩士,1197,750,447,302,218,278,185,122,33,33,8,11,2,4,1,0,0,0,0,50 高雄市,2 技職
105,0027,國立高雄應用科技大學,D 日,B 四技,7428,4762,2666,1191,633,1173,629,1117,667,1103,695,0,0,0,0,0,0,178,42,50 高雄市,2 技職
105,0027,國立高雄應用科技大學,N 修,B 四技,1263,873,390,254,111,218,118,169,76,171,68,0,0,0,0,0,0,61,17,50 高雄市,2 技職
105,0027,國立高雄應用科技大學,D 日,C 二技,104,73,31,0,0,0,0,36,17,36,12,0,0,0,0,0,0,1,2,50 高雄市,2 技職
105,0027,國立高雄應用科技大學,N 修,C 二技,449,209,240,0,0,0,0,96,108,104,126,0,0,0,0,0,0,9,6,50 高雄市,2 技職
105,0028,國立臺北藝術大學,D 日,D 博士,81,24,57,6,15,2,12,5,8,4,7,5,8,1,3,1,4,0,0,30 臺北市,1 一般
105,0028,國立臺北藝術大學,D 日,M 碩士,957,316,641,94,180,82,179,74,163,66,119,0,0,0,0,0,0,0,0,30 臺北市,1 一般
105,0028,國立臺北藝術大學,N 職,M 碩士,178,65,113,21,37,17,37,16,16,5,15,6,8,0,0,0,0,0,0,30 臺北市,1 一般
105,0028,國立臺北藝術大學,D 日,B 學士,1756,592,1164,125,269,141,260,119,257,130,273,0,0,0,0,0,0,77,105,30 臺北市,1 一般
105,0028,國立臺北藝術大學,D 日,X 4+X,57,17,40,16,30,1,10,0,0,0,0,0,0,0,0,0,0,0,0,30 臺北市,1 一般
105,0028,國立臺北藝術大學,D 日,5 七年,87,41,46,14,16,14,14,13,16,0,0,0,0,0,0,0,0,0,0,30 臺北市,1 一般
105,0029,國立臺灣藝術大學,D 日,D 博士,100,48,52,12,16,10,7,11,10,5,7,4,5,3,3,3,4,0,0,01 新北市,1 一般
105,0029,國立臺灣藝術大學,D 日,M 碩士,758,288,470,80,155,79,129,68,118,61,68,0,0,0,0,0,0,0,0,01 新北市,1 一般
105,0029,國立臺灣藝術大學,N 職,M 碩士,461,180,281,58,63,53,73,43,64,19,48,5,26,2,7,0,0,0,0,01 新北市,1 一般
105,0029,國立臺灣藝術大學,D 日,B 學士,2424,695,1729,153,405,147,405,162,389,151,374,0,0,0,0,0,0,82,156,01 新北市,1 一般
105,0029,國立臺灣藝術大學,P 進,B 學士,1575,507,1068,127,244,107,260,110,233,120,239,0,0,0,0,0,0,43,92,01 新北市,1 一般
105,0029,國立臺灣藝術大學,N 修,C 二技,364,91,273,0,0,0,0,42,114,38,114,0,0,0,0,0,0,11,45,01 新北市,2 技職
105,0030,國立臺東大學,D 日,D 博士,40,15,25,1,6,4,4,3,4,2,2,0,4,1,4,4,1,0,0,14 臺東縣,1 一般
105,0030,國立臺東大學,D 日,M 碩士,306,120,186,54,53,43,69,10,34,13,29,0,1,0,0,0,0,0,0,14 臺東縣,1 一般
105,0030,國立臺東大學,N 職,M 碩士,580,174,406,59,138,76,169,23,57,8,27,5,5,2,10,1,0,0,0,14 臺東縣,1 一般
105,0030,國立臺東大學,D 日,B 學士,3546,1728,1818,420,440,433,460,403,439,377,435,0,0,0,0,0,0,95,44,14 臺東縣,1 一般
105,0030,國立臺東大學,P 進,B 學士,175,91,84,19,24,15,16,20,18,26,21,0,0,0,0,0,0,11,5,14 臺東縣,1 一般
105,0031,國立宜蘭大學,D 日,D 博士,10,9,1,2,0,1,0,2,1,0,0,2,0,2,0,0,0,0,0,02 宜蘭縣,1 一般
105,0031,國立宜蘭大學,D 日,M 碩士,477,336,141,140,67,122,52,58,18,16,4,0,0,0,0,0,0,0,0,02 宜蘭縣,1 一般
105,0031,國立宜蘭大學,N 職,M 碩士,198,144,54,49,31,47,15,26,6,14,1,7,0,1,1,0,0,0,0,02 宜蘭縣,1 一般
105,0031,國立宜蘭大學,D 日,B 學士,4404,2825,1579,730,379,710,389,652,405,646,380,0,0,0,0,0,0,87,26,02 宜蘭縣,1 一般
105,0031,國立宜蘭大學,P 進,B 學士,398,267,131,55,36,67,30,66,28,54,34,0,0,0,0,0,0,25,3,02 宜蘭縣,1 一般
105,0032,國立聯合大學,D 日,D 博士,9,9,0,3,0,3,0,1,0,1,0,1,0,0,0,0,0,0,0,05 苗栗縣,1 一般
105,0032,國立聯合大學,D 日,M 碩士,418,294,124,124,61,124,39,35,16,11,7,0,1,0,0,0,0,0,0,05 苗栗縣,1 一般
105,0032,國立聯合大學,D 日,B 學士,6125,4260,1865,1023,463,1038,451,1001,469,982,429,21,20,0,0,0,0,195,33,05 苗栗縣,1 一般
105,0032,國立聯合大學,P 進,B 學士,1323,798,525,209,140,205,127,161,117,151,105,0,0,0,0,0,0,72,36,05 苗栗縣,1 一般
105,0033,國立虎尾科技大學,D 日,D 博士,27,21,6,5,1,4,2,4,0,4,2,0,1,3,0,1,0,0,0,09 雲林縣,2 技職
105,0033,國立虎尾科技大學,D 日,M 碩士,860,707,153,350,74,283,67,55,10,19,2,0,0,0,0,0,0,0,0,09 雲林縣,2 技職
105,0033,國立虎尾科技大學,N 職,M 碩士,211,149,62,48,24,73,28,11,4,8,4,9,2,0,0,0,0,0,0,09 雲林縣,2 技職
105,0033,國立虎尾科技大學,D 日,B 四技,7316,5477,1839,1362,427,1336,438,1260,475,1297,464,0,0,0,0,0,0,222,35,09 雲林縣,2 技職
105,0033,國立虎尾科技大學,N 修,B 四技,1399,1116,283,423,80,258,64,212,65,175,62,0,0,0,0,0,0,48,12,09 雲林縣,2 技職
105,0033,國立虎尾科技大學,D 日,C 二技,170,131,39,0,0,0,0,70,20,59,19,0,0,0,0,0,0,2,0,09 雲林縣,2 技職
105,0033,國立虎尾科技大學,N 修,C 二技,108,55,53,0,0,0,0,25,24,28,29,0,0,0,0,0,0,2,0,09 雲林縣,2 技職
105,0034,國立高雄海洋科技大學,D 日,D 博士,20,16,4,8,4,5,0,3,0,0,0,0,0,0,0,0,0,0,0,50 高雄市,2 技職
105,0034,國立高雄海洋科技大學,D 日,M 碩士,338,220,118,87,55,99,53,25,6,9,4,0,0,0,0,0,0,0,0,50 高雄市,2 技職
105,0034,國立高雄海洋科技大學,N 職,M 碩士,166,116,50,51,20,43,24,11,6,11,0,0,0,0,0,0,0,0,0,50 高雄市,2 技職
105,0034,國立高雄海洋科技大學,D 日,B 四技,4635,2960,1675,731,405,716,407,679,423,678,403,0,0,0,0,0,0,156,37,50 高雄市,2 技職
105,0034,國立高雄海洋科技大學,N 修,B 四技,1807,1183,624,319,133,262,144,249,164,248,154,0,0,0,0,0,0,105,29,50 高雄市,2 技職
105,0034,國立高雄海洋科技大學,D 日,C 二技,221,179,42,0,0,0,0,87,19,63,15,0,0,0,0,0,0,29,8,50 高雄市,2 技職
105,0034,國立高雄海洋科技大學,D 日,X 4+X,35,34,1,31,1,0,0,0,0,0,0,0,0,0,0,0,0,3,0,50 高雄市,2 技職
105,0034,國立高雄海洋科技大學,D 日,5 五專,516,441,75,86,16,83,16,80,20,79,14,89,9,0,0,0,0,24,0,50 高雄市,2 技職
105,0035,國立臺南藝術大學,D 日,D 博士,35,18,17,3,2,3,2,1,3,6,0,1,3,2,2,2,5,0,0,11 臺南市,1 一般
105,0035,國立臺南藝術大學,D 日,M 碩士,534,188,346,49,111,51,87,44,74,42,73,0,1,1,0,1,0,0,0,11 臺南市,1 一般
105,0035,國立臺南藝術大學,N 職,M 碩士,43,14,29,3,10,5,7,2,4,0,1,2,5,2,1,0,1,0,0,11 臺南市,1 一般
105,0035,國立臺南藝術大學,D 日,B 學士,755,213,542,58,139,51,126,48,120,44,124,0,0,0,0,0,0,12,33,11 臺南市,1 一般
105,0035,國立臺南藝術大學,D 日,5 七年,162,71,91,24,34,25,30,22,27,0,0,0,0,0,0,0,0,0,0,11 臺南市,1 一般
105,0036,國立臺南大學,D 日,D 博士,172,78,94,12,22,12,15,14,11,19,17,5,13,9,6,7,10,0,0,21 臺南市,1 一般
105,0036,國立臺南大學,D 日,M 碩士,990,454,536,164,175,150,166,90,102,47,88,1,3,1,2,1,0,0,0,21 臺南市,1 一般
105,0036,國立臺南大學,N 職,M 碩士,697,246,451,93,144,71,154,49,77,28,62,3,7,2,5,0,2,0,0,21 臺南市,1 一般
105,0036,國立臺南大學,D 日,B 學士,3900,1811,2089,444,497,444,515,416,518,417,504,0,0,0,0,0,0,90,55,21 臺南市,1 一般
105,0036,國立臺南大學,P 進,B 學士,120,45,75,3,10,11,12,3,15,20,33,0,0,0,0,0,0,8,5,21 臺南市,1 一般
105,0037,國立臺北教育大學,D 日,D 博士,137,63,74,10,14,13,14,10,12,6,10,8,5,7,5,9,14,0,0,30 臺北市,3 師範
105,0037,國立臺北教育大學,D 日,M 碩士,1142,388,754,130,241,132,234,63,157,61,119,2,3,0,0,0,0,0,0,30 臺北市,3 師範
105,0037,國立臺北教育大學,N 職,M 碩士,1014,250,764,83,272,80,232,29,122,30,94,9,10,19,34,0,0,0,0,30 臺北市,3 師範
105,0037,國立臺北教育大學,D 日,B 學士,3364,1164,2200,291,534,268,531,279,524,258,532,0,0,0,0,0,0,68,79,30 臺北市,3 師範
105,0038,國立清華大學南大校區(原：國立新竹教育大學),D 日,D 博士,91,42,49,7,9,8,6,4,7,4,9,2,6,5,5,12,7,0,0,18 新竹市,3 師範
105,0038,國立清華大學南大校區(原：國立新竹教育大學),D 日,M 碩士,788,239,549,76,187,81,157,42,107,30,83,8,10,2,5,0,0,0,0,18 新竹市,3 師範
105,0038,國立清華大學南大校區(原：國立新竹教育大學),N 職,M 碩士,565,95,470,19,144,26,121,19,90,8,24,11,25,7,18,5,48,0,0,18 新竹市,3 師範
105,0038,國立清華大學南大校區(原：國立新竹教育大學),D 日,B 學士,2637,783,1854,214,441,183,469,182,451,173,441,0,0,0,0,0,0,31,52,18 新竹市,3 師範
105,0039,國立臺中教育大學,D 日,D 博士,126,56,70,7,13,10,11,12,10,6,12,6,6,4,8,11,10,0,0,19 臺中市,3 師範
105,0039,國立臺中教育大學,D 日,M 碩士,823,279,544,107,180,83,174,50,102,30,76,6,8,3,4,0,0,0,0,19 臺中市,3 師範
105,0039,國立臺中教育大學,N 職,M 碩士,725,176,549,57,183,34,186,38,96,19,44,11,20,17,20,0,0,0,0,19 臺中市,3 師範
105,0039,國立臺中教育大學,D 日,B 學士,3347,1191,2156,288,513,284,529,301,532,258,547,0,0,0,0,0,0,60,35,19 臺中市,3 師範
105,0042,國立澎湖科技大學,D 日,M 碩士,79,42,37,22,17,12,13,8,5,0,2,0,0,0,0,0,0,0,0,16 澎湖縣,2 技職
105,0042,國立澎湖科技大學,N 職,M 碩士,42,28,14,16,5,10,9,1,0,1,0,0,0,0,0,0,0,0,0,16 澎湖縣,2 技職
105,0042,國立澎湖科技大學,D 日,B 四技,2568,1480,1088,390,304,375,256,358,243,327,266,0,0,0,0,0,0,30,19,16 澎湖縣,2 技職
105,0042,國立澎湖科技大學,N 修,B 四技,329,145,184,40,48,32,50,34,43,33,42,0,0,0,0,0,0,6,1,16 澎湖縣,2 技職
105,0043,國立勤益科技大學,D 日,D 博士,15,13,2,2,1,2,1,3,0,3,0,3,0,0,0,0,0,0,0,06 臺中市,2 技職
105,0043,國立勤益科技大學,D 日,M 碩士,614,495,119,202,49,213,54,60,14,20,2,0,0,0,0,0,0,0,0,06 臺中市,2 技職
105,0043,國立勤益科技大學,N 職,M 碩士,259,211,48,85,21,75,23,32,0,8,1,10,1,1,2,0,0,0,0,06 臺中市,2 技職
105,0043,國立勤益科技大學,D 日,B 四技,6686,4608,2078,1113,514,1147,556,1078,512,1101,458,0,0,0,0,0,0,169,38,06 臺中市,2 技職
105,0043,國立勤益科技大學,N 修,B 四技,3544,2884,660,785,150,659,161,640,170,666,157,0,0,0,0,0,0,134,22,06 臺中市,2 技職
105,0043,國立勤益科技大學,D 日,C 二技,69,65,4,0,0,0,0,27,3,36,1,0,0,0,0,0,0,2,0,06 臺中市,2 技職
105,0043,國立勤益科技大學,N 修,C 二技,47,41,6,0,0,0,0,19,2,18,4,0,0,0,0,0,0,4,0,06 臺中市,2 技職
105,0043,國立勤益科技大學,D 日,2 二專,1,1,0,0,0,0,0,0,0,0,0,0,0,0,0,0,0,1,0,06 臺中市,2 技職
105,0044,國立體育大學,D 日,D 博士,134,86,48,18,10,21,7,14,6,12,6,10,9,8,6,3,4,0,0,03 桃園市,1 一般
105,0044,國立體育大學,D 日,M 碩士,360,195,165,74,57,52,69,41,24,28,15,0,0,0,0,0,0,0,0,03 桃園市,1 一般
105,0044,國立體育大學,N 職,M 碩士,196,100,96,39,40,33,40,12,7,10,7,5,1,1,1,0,0,0,0,03 桃園市,1 一般
105,0044,國立體育大學,D 日,B 學士,1641,1025,616,238,155,261,140,230,148,196,139,0,0,0,0,0,0,100,34,03 桃園市,1 一般
105,0044,國立體育大學,N 修,C 二年制,106,67,39,0,0,0,0,31,17,18,14,0,0,0,0,0,0,18,8,03 桃園市,1 一般
105,0046,國立臺北護理健康大學,D 日,D 博士,65,1,64,1,11,0,12,0,13,0,11,0,10,0,4,0,3,0,0,30 臺北市,2 技職
105,0046,國立臺北護理健康大學,D 日,M 碩士,565,85,480,36,154,30,135,13,108,6,83,0,0,0,0,0,0,0,0,30 臺北市,2 技職
105,0046,國立臺北護理健康大學,N 職,M 碩士,175,30,145,13,54,11,39,3,41,3,11,0,0,0,0,0,0,0,0,30 臺北市,2 技職
105,0046,國立臺北護理健康大學,D 日,B 四技,2511,612,1899,176,539,154,505,150,438,117,388,0,0,0,0,0,0,15,29,30 臺北市,2 技職
105,0046,國立臺北護理健康大學,D 日,C 二技,766,33,733,0,0,0,0,18,372,13,352,0,0,0,0,0,0,2,9,30 臺北市,2 技職
105,0046,國立臺北護理健康大學,N 修,C 二技,725,14,711,0,0,0,0,4,246,4,210,6,223,0,0,0,0,0,32,30 臺北市,2 技職
105,0046,國立臺北護理健康大學,D 日,X 4+X,22,8,14,0,0,7,13,0,0,0,0,0,0,0,0,0,0,1,1,30 臺北市,2 技職
105,0047,國立高雄餐旅大學,D 日,D 博士,25,14,11,4,2,3,1,1,5,1,1,4,1,1,1,0,0,0,0,50 高雄市,2 技職
105,0047,國立高雄餐旅大學,D 日,M 碩士,173,53,120,20,46,25,55,6,16,2,3,0,0,0,0,0,0,0,0,50 高雄市,2 技職
105,0047,國立高雄餐旅大學,N 職,M 碩士,74,37,37,17,13,17,15,2,5,0,4,1,0,0,0,0,0,0,0,50 高雄市,2 技職
105,0047,國立高雄餐旅大學,D 日,B 四技,3209,867,2342,235,582,220,578,211,589,192,582,0,0,0,0,0,0,9,11,50 高雄市,2 技職
105,0047,國立高雄餐旅大學,N 修,B 四技,928,248,680,75,165,54,168,58,175,59,166,0,0,0,0,0,0,2,6,50 高雄市,2 技職
105,0047,國立高雄餐旅大學,D 日,C 二技,98,22,76,0,0,0,0,14,37,8,37,0,0,0,0,0,0,0,2,50 高雄市,2 技職
105,0047,國立高雄餐旅大學,N 修,C 二技,298,73,225,0,0,0,0,37,121,35,99,0,0,0,0,0,0,1,5,50 高雄市,2 技職
105,0047,國立高雄餐旅大學,N 修,X 4+X,41,14,27,13,26,1,1,0,0,0,0,0,0,0,0,0,0,0,0,50 高雄市,2 技職
105,0047,國立高雄餐旅大學,N 修,2 二專,276,90,186,49,87,32,89,0,0,0,0,0,0,0,0,0,0,9,10,50 高雄市,2 技職
105,0047,國立高雄餐旅大學,D 日,5 五專,209,80,129,21,29,20,31,17,32,9,25,13,12,0,0,0,0,0,0,50 高雄市,2 技職
105,0048,國立金門大學,D 日,M 碩士,201,124,77,53,31,41,27,21,16,9,3,0,0,0,0,0,0,0,0,71 金門縣,1 一般
105,0048,國立金門大學,N 職,M 碩士,65,51,14,16,9,20,4,15,1,0,0,0,0,0,0,0,0,0,0,71 金門縣,1 一般
105,0048,國立金門大學,D 日,B 學士,3416,1725,1691,410,408,418,405,431,403,338,418,28,18,0,0,0,0,100,39,71 金門縣,1 一般
105,0048,國立金門大學,P 進,B 學士,833,473,360,123,105,115,84,110,77,87,71,0,0,0,0,0,0,38,23,71 金門縣,1 一般
105,0049,國立臺灣體育運動大學,D 日,M 碩士,274,147,127,51,43,41,43,34,21,19,15,1,4,1,1,0,0,0,0,19 臺中市,1 一般
105,0049,國立臺灣體育運動大學,N 職,M 碩士,97,65,32,26,11,21,14,11,5,7,1,0,1,0,0,0,0,0,0,19 臺中市,1 一般
105,0049,國立臺灣體育運動大學,D 日,B 學士,2403,1434,969,350,241,338,229,315,228,283,219,0,0,0,0,0,0,148,52,19 臺中市,1 一般
105,0049,國立臺灣體育運動大學,P 進,B 學士,349,254,95,70,29,54,20,56,22,48,20,0,0,0,0,0,0,26,4,19 臺中市,1 一般
105,0050,國立臺中科技大學,D 日,M 碩士,384,174,210,77,92,66,81,19,29,12,8,0,0,0,0,0,0,0,0,19 臺中市,2 技職
105,0050,國立臺中科技大學,N 職,M 碩士,164,72,92,36,43,25,41,6,6,2,1,3,1,0,0,0,0,0,0,19 臺中市,2 技職
105,0050,國立臺中科技大學,D 日,B 四技,5220,1501,3719,423,972,357,1006,341,860,318,827,0,0,0,0,0,0,62,54,19 臺中市,2 技職
105,0050,國立臺中科技大學,N 修,B 四技,2174,739,1435,194,319,174,341,186,357,143,359,0,0,0,0,0,0,42,59,19 臺中市,2 技職
105,0050,國立臺中科技大學,D 日,C 二技,1585,293,1292,0,0,0,0,146,578,129,645,0,0,0,0,0,0,18,69,19 臺中市,2 技職
105,0050,國立臺中科技大學,N 修,C 二技,378,103,275,0,0,0,0,39,147,52,106,0,0,0,0,0,0,12,22,19 臺中市,2 技職
105,0050,國立臺中科技大學,D 日,2 二專,2,0,2,0,0,0,0,0,0,0,0,0,0,0,0,0,0,0,2,19 臺中市,2 技職
105,0050,國立臺中科技大學,N 修,2 二專,163,14,149,3,65,9,69,0,0,0,0,0,0,0,0,0,0,2,15,19 臺中市,2 技職
105,0050,國立臺中科技大學,D 日,5 五專,3687,731,2956,152,524,133,575,158,623,120,610,155,596,0,0,0,0,13,28,19 臺中市,2 技職
105,0051,國立臺北商業大學,D 日,M 碩士,151,71,80,35,39,27,36,7,4,2,1,0,0,0,0,0,0,0,0,30 臺北市,2 技職
105,0051,國立臺北商業大學,N 職,M 碩士,25,12,13,4,7,8,3,0,2,0,1,0,0,0,0,0,0,0,0,30 臺北市,2 技職
105,0051,國立臺北商業大學,D 日,B 四技,2248,614,1634,173,422,139,409,165,379,123,374,0,0,0,0,0,0,14,50,30 臺北市,2 技職
105,0051,國立臺北商業大學,N 修,B 四技,660,190,470,49,126,59,104,31,117,42,109,0,0,0,0,0,0,9,14,30 臺北市,2 技職
105,0051,國立臺北商業大學,D 日,C 二技,788,142,646,0,0,0,0,66,321,70,308,0,0,0,0,0,0,6,17,30 臺北市,2 技職
105,0051,國立臺北商業大學,N 修,C 二技,904,263,641,0,0,0,0,118,298,130,314,0,0,0,0,0,0,15,29,30 臺北市,2 技職
105,0051,國立臺北商業大學,N 修,X 4+X,9,4,5,4,5,0,0,0,0,0,0,0,0,0,0,0,0,0,0,30 臺北市,2 技職
105,0051,國立臺北商業大學,N 修,2 二專,44,24,20,0,0,0,1,4,3,0,0,0,0,0,0,0,0,20,16,30 臺北市,2 技職
105,0051,國立臺北商業大學,D 日,5 五專,1985,509,1476,85,271,111,292,114,287,87,300,94,280,0,0,0,0,18,46,30 臺北市,2 技職
105,0052,國立屏東大學,D 日,D 博士,47,28,19,4,3,2,8,7,3,5,0,5,3,3,2,2,0,0,0,13 屏東縣,1 一般
105,0052,國立屏東大學,D 日,M 碩士,923,371,552,150,196,119,149,56,113,46,94,0,0,0,0,0,0,0,0,13 屏東縣,1 一般
105,0052,國立屏東大學,N 職,M 碩士,544,133,411,44,152,40,108,23,80,12,31,12,37,2,3,0,0,0,0,13 屏東縣,1 一般
105,0052,國立屏東大學,D 日,B 學士,6741,2679,4062,679,971,625,1061,646,988,630,952,0,0,0,0,0,0,99,90,13 屏東縣,1 一般
105,0052,國立屏東大學,P 進,B 學士,615,267,348,92,97,42,58,59,75,46,81,0,0,0,0,0,0,28,37,13 屏東縣,1 一般
105,0144,國立臺灣戲曲學院,D 日,B 四技,548,195,353,54,101,44,90,41,78,37,75,0,0,0,0,0,0,19,9,30 臺北市,2 技職
105,0144,國立臺灣戲曲學院,N 修,B 四技,79,36,43,7,12,14,8,7,8,8,15,0,0,0,0,0,0,0,0,30 臺北市,2 技職
105,0221,國立臺南護理專科學校,D 日,2 二專,97,6,91,2,43,4,48,0,0,0,0,0,0,0,0,0,0,0,0,21 臺南市,2 技職
105,0221,國立臺南護理專科學校,N 修,2 二專,73,9,64,4,30,5,30,0,0,0,0,0,0,0,0,0,0,0,4,21 臺南市,2 技職
105,0221,國立臺南護理專科學校,D 日,5 五專,1774,112,1662,23,341,23,344,28,325,25,324,11,316,0,0,0,0,2,12,21 臺南市,2 技職
105,0222,國立臺東專科學校,D 日,2 二專,539,376,163,214,78,153,82,0,0,0,0,0,0,0,0,0,0,9,3,14 臺東縣,2 技職
105,0222,國立臺東專科學校,N 修,2 二專,101,55,46,27,24,24,20,0,0,0,0,0,0,0,0,0,0,4,2,14 臺東縣,2 技職
105,0222,國立臺東專科學校,D 日,5 五專,623,303,320,48,78,78,64,51,54,62,67,56,50,0,0,0,0,8,7,14 臺東縣,2 技職
105,1001,東海大學,D 日,D 博士,235,133,102,21,18,25,18,15,16,21,8,23,15,10,13,18,14,0,0,19 臺中市,1 一般
105,1001,東海大學,D 日,M 碩士,1383,730,653,248,218,213,200,159,132,68,62,26,28,16,13,0,0,0,0,19 臺中市,1 一般
105,1001,東海大學,N 職,M 碩士,715,344,371,93,110,105,118,66,58,39,31,28,34,13,20,0,0,0,0,19 臺中市,1 一般
105,1001,東海大學,D 日,B 學士,13738,6246,7492,1484,1766,1562,1837,1459,1813,1364,1833,22,11,0,0,0,0,355,232,19 臺中市,1 一般
105,1001,東海大學,P 進,B 學士,581,306,275,49,55,62,65,81,59,56,47,39,43,0,0,0,0,19,6,19 臺中市,1 一般
105,1002,輔仁大學,D 日,D 博士,438,240,198,35,34,39,31,40,29,27,26,30,29,25,16,44,33,0,0,01 新北市,1 一般
105,1002,輔仁大學,D 日,M 碩士,2238,954,1284,321,425,284,386,182,187,162,273,2,10,3,3,0,0,0,0,01 新北市,1 一般
105,1002,輔仁大學,N 職,M 碩士,1630,658,972,219,329,194,274,77,135,69,90,39,74,60,70,0,0,0,0,01 新北市,1 一般
105,1002,輔仁大學,D 日,B 學士,18281,7742,10539,1844,2442,1878,2577,1783,2495,1628,2524,36,13,35,9,29,13,509,466,01 新北市,1 一般
105,1002,輔仁大學,P 進,B 學士,4894,1832,3062,481,716,424,733,372,722,377,659,0,0,0,0,0,0,178,232,01 新北市,1 一般
105,1002,輔仁大學,N 修,C 二技,65,2,63,0,0,0,0,2,28,0,33,0,0,0,0,0,0,0,2,01 新北市,2 技職
105,1003,東吳大學,D 日,D 博士,116,63,53,14,9,9,11,10,9,11,5,5,7,3,9,11,3,0,0,30 臺北市,1 一般
105,1003,東吳大學,D 日,M 碩士,1246,569,677,164,235,160,199,122,135,123,108,0,0,0,0,0,0,0,0,30 臺北市,1 一般
105,1003,東吳大學,N 職,M 碩士,1157,520,637,131,203,154,162,72,98,68,65,45,46,50,63,0,0,0,0,30 臺北市,1 一般
105,1003,東吳大學,D 日,B 學士,12242,4922,7320,1195,1719,1129,1766,1105,1721,1059,1606,107,147,0,0,0,0,327,361,30 臺北市,1 一般
105,1003,東吳大學,P 進,B 學士,1156,352,804,70,172,64,171,66,166,69,146,55,113,0,0,0,0,28,36,30 臺北市,1 一般
105,1004,中原大學,D 日,D 博士,364,269,95,45,24,47,17,43,10,52,16,26,9,29,13,27,6,0,0,03 桃園市,1 一般
105,1004,中原大學,D 日,M 碩士,1645,1056,589,451,241,369,211,142,77,94,60,0,0,0,0,0,0,0,0,03 桃園市,1 一般
105,1004,中原大學,N 職,M 碩士,898,563,335,168,123,178,128,63,28,70,25,41,16,43,15,0,0,0,0,03 桃園市,1 一般
105,1004,中原大學,D 日,B 學士,13459,7466,5993,1714,1517,1834,1457,1791,1409,1618,1345,68,80,0,0,0,0,441,185,03 桃園市,1 一般
105,1004,中原大學,D 日,X 4+X,65,40,25,40,25,0,0,0,0,0,0,0,0,0,0,0,0,0,0,03 桃園市,1 一般
105,1005,淡江大學,D 日,D 博士,487,325,162,58,31,52,13,40,25,56,26,31,18,39,18,49,31,0,0,01 新北市,1 一般
105,1005,淡江大學,D 日,M 碩士,1892,1108,784,430,308,401,256,173,123,104,97,0,0,0,0,0,0,0,0,01 新北市,1 一般
105,1005,淡江大學,N 職,M 碩士,1168,609,559,187,192,208,200,99,64,56,48,30,29,29,26,0,0,0,0,01 新北市,1 一般
105,1005,淡江大學,D 日,B 學士,21048,10692,10356,2559,2507,2518,2513,2441,2518,2408,2433,31,26,0,0,0,0,735,359,01 新北市,1 一般
105,1005,淡江大學,P 進,B 學士,1984,1030,954,170,157,272,292,254,203,222,235,0,0,0,0,0,0,112,67,01 新北市,1 一般
105,1005,淡江大學,N 修,C 二技,40,15,25,0,0,0,0,7,12,4,10,4,3,0,0,0,0,0,0,01 新北市,2 技職
105,1006,中國文化大學,D 日,D 博士,513,327,186,54,28,37,33,44,25,43,24,44,21,48,23,57,32,0,0,30 臺北市,1 一般
105,1006,中國文化大學,D 日,M 碩士,1546,858,688,283,218,240,211,174,140,159,115,2,4,0,0,0,0,0,0,30 臺北市,1 一般
105,1006,中國文化大學,N 職,M 碩士,524,208,316,72,123,48,102,32,38,28,34,28,19,0,0,0,0,0,0,30 臺北市,1 一般
105,1006,中國文化大學,D 日,B 學士,21422,10081,11341,2444,2645,2336,2757,2288,2783,2251,2539,0,0,0,0,0,0,762,617,30 臺北市,1 一般
105,1006,中國文化大學,P 進,B 學士,2219,925,1294,176,213,233,267,204,341,192,305,0,0,0,0,0,0,120,168,30 臺北市,1 一般
105,1006,中國文化大學,N 修,C 二技,80,37,43,0,0,0,0,15,15,17,23,5,5,0,0,0,0,0,0,30 臺北市,2 技職
105,1007,逢甲大學,D 日,D 博士,425,315,110,70,22,62,24,44,22,39,14,45,11,28,13,27,4,0,0,19 臺中市,1 一般
105,1007,逢甲大學,D 日,M 碩士,1675,1151,524,516,250,476,199,116,53,43,22,0,0,0,0,0,0,0,0,19 臺中市,1 一般
105,1007,逢甲大學,N 職,M 碩士,1104,712,392,273,164,250,165,102,31,48,20,39,12,0,0,0,0,0,0,19 臺中市,1 一般
105,1007,逢甲大學,D 日,B 學士,17041,10630,6411,2575,1513,2673,1561,2506,1621,2398,1570,50,52,0,0,0,0,428,94,19 臺中市,1 一般
105,1007,逢甲大學,P 進,B 學士,993,545,448,121,90,128,125,130,109,130,100,0,0,0,0,0,0,36,24,19 臺中市,1 一般
105,1008,靜宜大學,D 日,D 博士,39,24,15,6,4,3,3,3,3,2,1,5,2,1,1,4,1,0,0,06 臺中市,1 一般
105,1008,靜宜大學,D 日,M 碩士,568,222,346,87,144,55,102,35,53,45,47,0,0,0,0,0,0,0,0,06 臺中市,1 一般
105,1008,靜宜大學,N 職,M 碩士,323,145,178,39,64,48,48,20,29,38,37,0,0,0,0,0,0,0,0,06 臺中市,1 一般
105,1008,靜宜大學,D 日,B 學士,11410,4351,7059,1028,1615,1005,1702,1024,1676,952,1715,0,0,0,0,0,0,342,351,06 臺中市,1 一般
105,1008,靜宜大學,P 進,B 學士,10,5,5,0,0,0,0,0,0,0,0,0,0,0,0,0,0,5,5,06 臺中市,1 一般
105,1009,長庚大學,D 日,D 博士,558,387,171,64,30,54,28,60,22,49,17,45,23,33,17,82,34,0,0,03 桃園市,1 一般
105,1009,長庚大學,D 日,M 碩士,1265,678,587,262,216,241,198,114,96,50,50,10,16,1,11,0,0,0,0,03 桃園市,1 一般
105,1009,長庚大學,N 職,M 碩士,220,126,94,30,22,32,34,22,13,17,5,15,6,10,14,0,0,0,0,03 桃園市,1 一般
105,1009,長庚大學,D 日,B 學士,5363,2844,2519,585,656,618,540,607,539,581,541,113,46,102,50,96,51,142,96,03 桃園市,1 一般
105,1010,元智大學,D 日,D 博士,297,220,77,39,19,33,12,32,14,37,4,28,10,32,9,19,9,0,0,03 桃園市,1 一般
105,1010,元智大學,D 日,M 碩士,1055,723,332,288,147,289,126,106,44,39,15,1,0,0,0,0,0,0,0,03 桃園市,1 一般
105,1010,元智大學,N 職,M 碩士,765,509,256,152,92,144,102,90,29,49,15,44,9,30,9,0,0,0,0,03 桃園市,1 一般
105,1010,元智大學,D 日,B 學士,7247,4091,3156,1010,781,1026,748,960,759,903,773,0,0,0,0,0,0,192,95,03 桃園市,1 一般
105,1011,中華大學,D 日,D 博士,114,87,27,11,5,14,5,23,5,8,3,7,2,12,3,12,4,0,0,18 新竹市,1 一般
105,1011,中華大學,D 日,M 碩士,599,357,242,194,181,101,41,38,16,24,4,0,0,0,0,0,0,0,0,18 新竹市,1 一般
105,1011,中華大學,N 職,M 碩士,257,168,89,98,65,57,17,9,4,4,3,0,0,0,0,0,0,0,0,18 新竹市,1 一般
105,1011,中華大學,D 日,B 學士,6337,3863,2474,719,454,995,673,897,611,927,646,0,0,0,0,0,0,325,90,18 新竹市,1 一般
105,1011,中華大學,P 進,B 學士,241,151,90,58,33,34,17,20,13,27,23,0,0,0,0,0,0,12,4,18 新竹市,1 一般
105,1011,中華大學,N 修,C 二技,205,127,78,0,0,0,0,6,6,110,71,0,0,0,0,0,0,11,1,18 新竹市,2 技職
105,1012,大葉大學,D 日,D 博士,128,102,26,17,8,22,4,17,3,17,3,12,4,3,2,14,2,0,0,07 彰化縣,1 一般
105,1012,大葉大學,D 日,M 碩士,735,432,303,207,166,150,75,50,39,24,23,1,0,0,0,0,0,0,0,07 彰化縣,1 一般
105,1012,大葉大學,N 職,M 碩士,459,182,277,111,198,38,63,14,9,13,5,4,1,2,1,0,0,0,0,07 彰化縣,1 一般
105,1012,大葉大學,D 日,B 學士,9015,4782,4233,1124,1073,1126,1111,1130,1060,1177,904,0,0,0,0,0,0,225,85,07 彰化縣,1 一般
105,1012,大葉大學,P 進,B 學士,1389,830,559,225,165,232,169,172,127,174,83,0,0,0,0,0,0,27,15,07 彰化縣,1 一般
105,1012,大葉大學,N 修,C 二技,42,0,42,0,0,0,0,0,42,0,0,0,0,0,0,0,0,0,0,07 彰化縣,2 技職
105,1013,華梵大學,D 日,D 博士,50,28,22,4,5,3,3,8,4,6,4,2,2,2,3,3,1,0,0,01 新北市,1 一般
105,1013,華梵大學,D 日,M 碩士,257,131,126,40,28,41,43,21,38,29,17,0,0,0,0,0,0,0,0,01 新北市,1 一般
105,1013,華梵大學,N 職,M 碩士,196,69,127,13,54,11,42,5,13,5,9,13,3,22,6,0,0,0,0,01 新北市,1 一般
105,1013,華梵大學,D 日,B 學士,2243,1192,1051,221,218,311,270,288,278,293,245,0,0,0,0,0,0,79,40,01 新北市,1 一般
105,1014,義守大學,D 日,D 博士,122,94,28,18,5,15,7,21,5,15,3,9,4,9,2,7,2,0,0,12 高雄市,1 一般
105,1014,義守大學,D 日,M 碩士,487,326,161,115,72,124,58,66,27,21,4,0,0,0,0,0,0,0,0,12 高雄市,1 一般
105,1014,義守大學,N 職,M 碩士,469,322,147,175,60,92,55,30,16,12,8,7,0,6,8,0,0,0,0,12 高雄市,1 一般
105,1014,義守大學,D 日,B 學士,13150,6778,6372,1615,1524,1592,1602,1574,1531,1543,1504,24,20,0,0,0,0,430,191,12 高雄市,1 一般
105,1014,義守大學,P 進,B 學士,1850,1184,666,424,223,255,120,229,136,197,151,0,0,0,0,0,0,79,36,12 高雄市,1 一般
105,1014,義守大學,N 修,C 二技,295,45,250,0,0,0,0,19,131,24,113,0,0,0,0,0,0,2,6,12 高雄市,2 技職
105,1015,世新大學,D 日,D 博士,78,38,40,8,8,7,7,6,9,4,7,4,3,5,3,4,3,0,0,30 臺北市,1 一般
105,1015,世新大學,D 日,M 碩士,642,335,307,103,105,93,93,63,56,76,52,0,0,0,0,0,1,0,0,30 臺北市,1 一般
105,1015,世新大學,N 職,M 碩士,856,492,364,141,105,118,96,73,55,72,35,50,41,38,32,0,0,0,0,30 臺北市,1 一般
105,1015,世新大學,D 日,B 學士,9991,3623,6368,877,1556,830,1537,826,1563,872,1541,0,0,0,0,0,0,218,171,30 臺北市,1 一般
105,1015,世新大學,P 進,B 學士,205,79,126,28,32,30,42,21,52,0,0,0,0,0,0,0,0,0,0,30 臺北市,1 一般
105,1015,世新大學,N 修,C 二技,40,15,25,0,0,0,0,9,14,5,10,0,0,0,0,0,0,1,1,30 臺北市,2 技職
105,1016,銘傳大學,D 日,D 博士,73,35,38,10,9,4,4,4,5,5,7,4,5,5,7,3,1,0,0,30 臺北市,1 一般
105,1016,銘傳大學,D 日,M 碩士,756,377,379,144,179,118,121,72,49,43,28,0,1,0,1,0,0,0,0,30 臺北市,1 一般
105,1016,銘傳大學,N 職,M 碩士,824,384,440,132,181,131,178,58,38,36,18,14,13,13,12,0,0,0,0,30 臺北市,1 一般
105,1016,銘傳大學,D 日,B 學士,17696,7010,10686,1689,2566,1634,2550,1579,2549,1578,2568,24,23,0,0,0,0,506,430,30 臺北市,1 一般
105,1017,實踐大學,D 日,D 博士,20,9,11,3,4,4,3,0,2,2,0,0,2,0,0,0,0,0,0,30 臺北市,1 一般
105,1017,實踐大學,D 日,M 碩士,385,191,194,54,81,55,52,48,44,34,17,0,0,0,0,0,0,0,0,30 臺北市,1 一般
105,1017,實踐大學,N 職,M 碩士,203,104,99,37,34,38,29,10,11,10,22,9,3,0,0,0,0,0,0,30 臺北市,1 一般
105,1017,實踐大學,D 日,B 學士,12404,4260,8144,979,2085,1057,1945,985,1943,978,1870,17,20,0,0,0,0,244,281,30 臺北市,1 一般
105,1017,實踐大學,P 進,B 學士,2321,693,1628,168,387,170,406,166,349,141,377,0,0,0,0,0,0,48,109,30 臺北市,1 一般
105,1017,實踐大學,N 修,C 二技,127,22,105,0,0,0,0,11,45,9,40,0,0,0,0,0,0,2,20,30 臺北市,2 技職
105,1018,朝陽科技大學,D 日,D 博士,88,74,14,18,3,13,4,12,3,8,0,7,3,9,1,7,0,0,0,06 臺中市,2 技職
105,1018,朝陽科技大學,D 日,M 碩士,729,413,316,176,119,136,114,101,83,0,0,0,0,0,0,0,0,0,0,06 臺中市,2 技職
105,1018,朝陽科技大學,N 職,M 碩士,454,222,232,73,64,87,83,62,85,0,0,0,0,0,0,0,0,0,0,06 臺中市,2 技職
105,1018,朝陽科技大學,D 日,B 四技,11622,4811,6811,1164,1658,1144,1621,1157,1705,1119,1675,0,0,0,0,0,0,227,152,06 臺中市,2 技職
105,1018,朝陽科技大學,N 修,B 四技,3201,1627,1574,482,410,388,348,338,356,296,363,0,0,0,0,0,0,123,97,06 臺中市,2 技職
105,1018,朝陽科技大學,D 日,C 二技,46,26,20,0,0,0,0,18,14,7,6,0,0,0,0,0,0,1,0,06 臺中市,2 技職
105,1018,朝陽科技大學,N 修,C 二技,1,1,0,0,0,0,0,0,0,0,0,0,0,0,0,0,0,1,0,06 臺中市,2 技職
105,1019,高雄醫學大學,D 日,D 博士,334,183,151,31,28,32,30,26,22,27,19,30,28,23,12,14,12,0,0,50 高雄市,1 一般
105,1019,高雄醫學大學,D 日,M 碩士,640,233,407,104,177,84,137,34,65,11,26,0,2,0,0,0,0,0,0,50 高雄市,1 一般
105,1019,高雄醫學大學,N 職,M 碩士,215,92,123,32,71,37,37,19,9,3,4,1,2,0,0,0,0,0,0,50 高雄市,1 一般
105,1019,高雄醫學大學,D 日,B 學士,5621,2535,3086,517,729,518,726,508,679,513,649,180,117,163,77,79,64,57,45,50 高雄市,1 一般
105,1019,高雄醫學大學,N 修,C 二技,76,5,71,0,0,0,0,0,19,1,16,4,36,0,0,0,0,0,0,50 高雄市,2 技職
105,1019,高雄醫學大學,D 日,X 4+X,10,4,6,4,6,0,0,0,0,0,0,0,0,0,0,0,0,0,0,50 高雄市,1 一般
105,1020,南華大學,D 日,D 博士,38,27,11,4,2,9,4,3,1,3,2,6,1,2,0,0,1,0,0,10 嘉義縣,1 一般
105,1020,南華大學,D 日,M 碩士,638,255,383,101,176,71,119,44,50,35,38,4,0,0,0,0,0,0,0,10 嘉義縣,1 一般
105,1020,南華大學,N 職,M 碩士,372,161,211,63,97,44,46,16,30,14,24,24,14,0,0,0,0,0,0,10 嘉義縣,1 一般
105,1020,南華大學,D 日,B 學士,4242,2055,2187,497,512,531,615,494,571,409,439,0,0,0,0,0,0,124,50,10 嘉義縣,1 一般
105,1020,南華大學,P 進,B 學士,303,186,117,63,43,48,36,53,32,21,6,0,0,0,0,0,0,1,0,10 嘉義縣,1 一般
105,1021,真理大學,D 日,M 碩士,182,92,90,42,36,28,32,12,10,10,12,0,0,0,0,0,0,0,0,01 新北市,1 一般
105,1021,真理大學,N 職,M 碩士,14,9,5,7,2,2,3,0,0,0,0,0,0,0,0,0,0,0,0,01 新北市,1 一般
105,1021,真理大學,D 日,B 學士,7170,3378,3792,743,861,821,934,797,954,805,887,0,0,0,0,0,0,212,156,01 新北市,1 一般
105,1021,真理大學,P 進,B 學士,356,193,163,35,32,41,32,30,29,53,49,0,0,0,0,0,0,34,21,01 新北市,1 一般
105,1022,大同大學,D 日,D 博士,121,77,44,8,8,12,8,10,7,9,9,13,7,8,3,17,2,0,0,30 臺北市,1 一般
105,1022,大同大學,D 日,M 碩士,408,277,131,102,68,117,48,37,10,21,5,0,0,0,0,0,0,0,0,30 臺北市,1 一般
105,1022,大同大學,N 職,M 碩士,368,279,89,68,28,74,24,45,17,50,17,42,3,0,0,0,0,0,0,30 臺北市,1 一般
105,1022,大同大學,D 日,B 學士,3770,2422,1348,524,384,587,335,590,288,564,311,0,0,0,0,0,0,157,30,30 臺北市,1 一般
105,1023,南臺科技大學,D 日,D 博士,82,70,12,10,3,15,3,20,3,10,2,4,0,5,1,6,0,0,0,11 臺南市,2 技職
105,1023,南臺科技大學,D 日,M 碩士,904,543,361,205,144,211,132,95,57,32,26,0,1,0,1,0,0,0,0,11 臺南市,2 技職
105,1023,南臺科技大學,N 職,M 碩士,440,243,197,89,66,75,79,20,25,25,15,23,7,11,5,0,0,0,0,11 臺南市,2 技職
105,1023,南臺科技大學,D 日,B 四技,13068,7186,5882,1783,1352,1775,1446,1730,1476,1614,1451,0,0,0,0,0,0,284,157,11 臺南市,2 技職
105,1023,南臺科技大學,N 修,B 四技,4225,2420,1805,730,421,561,413,513,416,453,393,0,0,0,0,0,0,163,162,11 臺南市,2 技職
105,1023,南臺科技大學,D 日,C 二技,251,59,192,0,0,0,0,32,80,27,108,0,0,0,0,0,0,0,4,11 臺南市,2 技職
105,1023,南臺科技大學,N 修,C 二技,165,84,81,0,0,0,0,34,32,42,37,0,0,0,0,0,0,8,12,11 臺南市,2 技職
105,1024,崑山科技大學,D 日,D 博士,35,27,8,6,1,2,4,8,1,4,2,3,0,2,0,2,0,0,0,11 臺南市,2 技職
105,1024,崑山科技大學,D 日,M 碩士,417,309,108,137,53,136,39,20,11,16,5,0,0,0,0,0,0,0,0,11 臺南市,2 技職
105,1024,崑山科技大學,N 職,M 碩士,168,116,52,50,27,49,20,13,3,4,2,0,0,0,0,0,0,0,0,11 臺南市,2 技職
105,1024,崑山科技大學,D 日,B 四技,8393,4959,3434,1124,800,1248,856,1243,856,1131,820,0,0,0,0,0,0,213,102,11 臺南市,2 技職
105,1024,崑山科技大學,N 修,B 四技,3268,2155,1113,627,309,561,259,425,284,399,201,0,0,0,0,0,0,143,60,11 臺南市,2 技職
105,1024,崑山科技大學,D 日,C 二技,10,6,4,0,0,0,0,1,1,4,3,0,0,0,0,0,0,1,0,11 臺南市,2 技職
105,1024,崑山科技大學,N 修,C 二技,196,142,54,0,0,0,0,75,26,62,26,0,0,0,0,0,0,5,2,11 臺南市,2 技職
105,1025,嘉南藥理大學,D 日,M 碩士,282,142,140,61,59,59,58,20,18,2,5,0,0,0,0,0,0,0,0,11 臺南市,2 技職
105,1025,嘉南藥理大學,N 職,M 碩士,224,107,117,57,52,45,55,1,6,3,3,0,1,1,0,0,0,0,0,11 臺南市,2 技職
105,1025,嘉南藥理大學,D 日,B 四技,12598,5112,7486,1177,1698,1347,1911,1263,1953,1188,1844,0,0,0,0,0,0,137,80,11 臺南市,2 技職
105,1025,嘉南藥理大學,N 修,B 四技,2725,1386,1339,347,363,313,311,322,304,309,295,0,0,0,0,0,0,95,66,11 臺南市,2 技職
105,1025,嘉南藥理大學,D 日,C 二技,206,21,185,0,0,0,0,9,91,12,93,0,0,0,0,0,0,0,1,11 臺南市,2 技職
105,1025,嘉南藥理大學,N 修,C 二技,234,58,176,0,0,0,0,23,97,31,77,0,0,0,0,0,0,4,2,11 臺南市,2 技職
105,1025,嘉南藥理大學,N 修,X 4+X,17,12,5,7,2,5,3,0,0,0,0,0,0,0,0,0,0,0,0,11 臺南市,2 技職
105,1026,樹德科技大學,D 日,D 博士,28,13,15,1,6,1,3,4,4,2,0,5,2,0,0,0,0,0,0,12 高雄市,2 技職
105,1026,樹德科技大學,D 日,M 碩士,316,166,150,66,53,58,55,24,24,18,18,0,0,0,0,0,0,0,0,12 高雄市,2 技職
105,1026,樹德科技大學,N 職,M 碩士,410,193,217,85,89,43,78,23,30,42,20,0,0,0,0,0,0,0,0,12 高雄市,2 技職
105,1026,樹德科技大學,D 日,B 四技,8231,3526,4705,824,1140,872,1182,853,1124,773,1137,0,0,0,0,0,0,204,122,12 高雄市,2 技職
105,1026,樹德科技大學,N 修,B 四技,1593,843,750,214,203,182,201,179,149,197,148,0,0,0,0,0,0,71,49,12 高雄市,2 技職
105,1026,樹德科技大學,D 日,C 二技,19,7,12,0,0,0,0,6,8,1,4,0,0,0,0,0,0,0,0,12 高雄市,2 技職
105,1026,樹德科技大學,N 修,C 二技,360,99,261,0,0,0,0,61,148,38,112,0,0,0,0,0,0,0,1,12 高雄市,2 技職
105,1027,慈濟大學,D 日,D 博士,117,62,55,13,10,10,10,12,12,9,6,3,5,5,6,10,6,0,0,15 花蓮縣,1 一般
105,1027,慈濟大學,D 日,M 碩士,332,121,211,37,84,51,67,20,31,13,29,0,0,0,0,0,0,0,0,15 花蓮縣,1 一般
105,1027,慈濟大學,N 職,M 碩士,28,5,23,0,5,0,8,3,8,0,2,2,0,0,0,0,0,0,0,15 花蓮縣,1 一般
105,1027,慈濟大學,D 日,B 學士,2983,1173,1810,267,453,274,435,214,368,254,389,45,56,25,29,31,21,63,59,15 花蓮縣,1 一般
105,1028,臺北醫學大學,D 日,D 博士,437,254,183,64,39,35,27,34,35,36,25,34,18,27,20,24,19,0,0,30 臺北市,1 一般
105,1028,臺北醫學大學,D 日,M 碩士,614,232,382,96,179,86,143,31,34,19,26,0,0,0,0,0,0,0,0,30 臺北市,1 一般
105,1028,臺北醫學大學,N 職,M 碩士,260,61,199,25,67,25,62,4,39,7,31,0,0,0,0,0,0,0,0,30 臺北市,1 一般
105,1028,臺北醫學大學,D 日,B 學士,4636,1994,2642,373,592,404,599,407,580,373,529,143,119,170,93,89,68,35,62,30 臺北市,1 一般
105,1028,臺北醫學大學,N 修,C 二技,1,0,1,0,0,0,0,0,0,0,0,0,0,0,0,0,0,0,1,30 臺北市,2 技職
105,1028,臺北醫學大學,D 日,X 4+X,25,16,9,16,9,0,0,0,0,0,0,0,0,0,0,0,0,0,0,30 臺北市,1 一般
105,1029,中山醫學大學,D 日,D 博士,211,143,68,27,13,27,16,32,13,19,7,12,8,14,5,12,6,0,0,19 臺中市,1 一般
105,1029,中山醫學大學,D 日,M 碩士,477,184,293,70,123,69,101,29,40,16,29,0,0,0,0,0,0,0,0,19 臺中市,1 一般
105,1029,中山醫學大學,N 職,M 碩士,140,37,103,23,54,5,33,5,13,4,3,0,0,0,0,0,0,0,0,19 臺中市,1 一般
105,1029,中山醫學大學,D 日,B 學士,6377,2635,3742,489,933,533,865,584,817,533,870,155,68,146,80,101,50,94,59,19 臺中市,1 一般
105,1029,中山醫學大學,P 進,B 學士,59,24,35,0,0,0,1,5,9,10,18,0,0,0,0,0,0,9,7,19 臺中市,1 一般
105,1029,中山醫學大學,N 修,C 二技,121,56,65,0,0,0,0,22,19,15,23,19,23,0,0,0,0,0,0,19 臺中市,2 技職
105,1030,龍華科技大學,D 日,M 碩士,279,207,72,85,34,71,17,37,14,14,7,0,0,0,0,0,0,0,0,03 桃園市,2 技職
105,1030,龍華科技大學,N 職,M 碩士,176,137,39,32,12,81,25,13,2,11,0,0,0,0,0,0,0,0,0,03 桃園市,2 技職
105,1030,龍華科技大學,D 日,B 四技,6631,4168,2463,999,558,941,562,999,580,988,626,0,0,0,0,0,0,241,137,03 桃園市,2 技職
105,1030,龍華科技大學,N 修,B 四技,3809,2733,1076,874,310,671,238,579,250,483,232,0,0,0,0,0,0,126,46,03 桃園市,2 技職
105,1030,龍華科技大學,D 日,C 二技,11,7,4,0,0,0,0,5,3,2,1,0,0,0,0,0,0,0,0,03 桃園市,2 技職
105,1030,龍華科技大學,N 修,C 二技,105,63,42,0,0,0,0,29,20,30,18,0,0,0,0,0,0,4,4,03 桃園市,2 技職
105,1030,龍華科技大學,D 日,2 二專,7,3,4,0,0,0,0,0,0,0,0,0,0,0,0,0,0,3,4,03 桃園市,2 技職
105,1030,龍華科技大學,D 日,5 五專,87,70,17,39,11,31,6,0,0,0,0,0,0,0,0,0,0,0,0,03 桃園市,2 技職
105,1031,輔英科技大學,D 日,M 碩士,109,36,73,18,32,8,22,9,10,1,9,0,0,0,0,0,0,0,0,12 高雄市,2 技職
105,1031,輔英科技大學,N 職,M 碩士,55,3,52,1,16,1,10,1,12,0,9,0,5,0,0,0,0,0,0,12 高雄市,2 技職
105,1031,輔英科技大學,D 日,B 四技,3849,1643,2206,414,575,409,546,380,492,344,503,0,0,0,0,0,0,96,90,12 高雄市,2 技職
105,1031,輔英科技大學,N 修,B 四技,502,319,183,104,53,54,38,72,41,49,36,0,0,0,0,0,0,40,15,12 高雄市,2 技職
105,1031,輔英科技大學,D 日,C 二技,1476,161,1315,0,0,0,0,83,668,74,628,0,0,0,0,0,0,4,19,12 高雄市,2 技職
105,1031,輔英科技大學,N 修,C 二技,589,113,476,0,0,0,0,40,221,47,203,21,29,0,0,0,0,5,23,12 高雄市,2 技職
105,1031,輔英科技大學,D 日,5 五專,2774,272,2502,45,472,54,452,58,505,51,499,55,529,0,0,0,0,9,45,12 高雄市,2 技職
105,1032,明新科技大學,D 日,M 碩士,350,250,100,93,43,87,38,52,10,18,9,0,0,0,0,0,0,0,0,04 新竹縣,2 技職
105,1032,明新科技大學,N 職,M 碩士,248,199,49,91,22,50,17,26,1,23,2,8,7,1,0,0,0,0,0,04 新竹縣,2 技職
105,1032,明新科技大學,D 日,B 四技,8496,5095,3401,1272,717,1212,844,1207,849,1174,872,0,0,0,0,0,0,230,119,04 新竹縣,2 技職
105,1032,明新科技大學,N 修,B 四技,3592,2109,1483,464,316,522,386,468,356,415,295,0,0,0,0,0,0,240,130,04 新竹縣,2 技職
105,1032,明新科技大學,N 修,C 二技,93,19,74,0,0,0,0,19,32,0,41,0,0,0,0,0,0,0,1,04 新竹縣,2 技職
105,1032,明新科技大學,N 修,2 二專,25,14,11,12,5,0,0,0,0,0,0,0,0,0,0,0,0,2,6,04 新竹縣,2 技職
105,1033,長榮大學,D 日,D 博士,40,26,14,8,1,4,2,4,1,5,3,3,4,1,1,1,2,0,0,11 臺南市,1 一般
105,1033,長榮大學,D 日,M 碩士,414,161,253,60,95,56,77,20,54,25,22,0,5,0,0,0,0,0,0,11 臺南市,1 一般
105,1033,長榮大學,N 職,M 碩士,146,75,71,29,22,21,19,9,13,6,10,10,7,0,0,0,0,0,0,11 臺南市,1 一般
105,1033,長榮大學,D 日,B 學士,9149,4221,4928,848,1180,1094,1263,1068,1244,1012,1123,0,0,0,0,0,0,199,118,11 臺南市,1 一般
105,1033,長榮大學,P 進,B 學士,534,304,230,128,119,44,42,57,35,60,26,0,0,0,0,0,0,15,8,11 臺南市,1 一般
105,1033,長榮大學,N 修,C 二技,1,0,1,0,0,0,0,0,0,0,0,0,0,0,0,0,0,0,1,11 臺南市,2 技職
105,1034,弘光科技大學,D 日,D 博士,3,0,3,0,3,0,0,0,0,0,0,0,0,0,0,0,0,0,0,06 臺中市,2 技職
105,1034,弘光科技大學,D 日,M 碩士,212,61,151,26,56,23,54,11,30,1,11,0,0,0,0,0,0,0,0,06 臺中市,2 技職
105,1034,弘光科技大學,N 職,M 碩士,98,31,67,15,23,11,20,4,12,1,12,0,0,0,0,0,0,0,0,06 臺中市,2 技職
105,1034,弘光科技大學,D 日,B 四技,7456,2809,4647,671,1213,719,1101,663,1119,635,1083,0,0,0,0,0,0,121,131,06 臺中市,2 技職
105,1034,弘光科技大學,N 修,B 四技,3289,1429,1860,400,472,329,451,296,400,310,408,10,30,0,0,0,0,84,99,06 臺中市,2 技職
105,1034,弘光科技大學,D 日,C 二技,716,25,691,0,0,0,0,14,346,11,344,0,0,0,0,0,0,0,1,06 臺中市,2 技職
105,1034,弘光科技大學,N 修,C 二技,991,51,940,0,0,0,0,15,307,20,320,15,304,0,0,0,0,1,9,06 臺中市,2 技職
105,1034,弘光科技大學,N 修,2 二專,71,8,63,0,23,7,33,0,0,0,0,0,0,0,0,0,0,1,7,06 臺中市,2 技職
105,1034,弘光科技大學,D 日,5 五專,264,16,248,3,49,4,48,3,49,2,51,4,48,0,0,0,0,0,3,06 臺中市,2 技職
105,1035,中國醫藥大學,D 日,D 博士,361,225,136,52,30,40,29,38,26,41,20,29,20,18,7,7,4,0,0,19 臺中市,1 一般
105,1035,中國醫藥大學,D 日,M 碩士,522,186,336,107,169,54,124,20,34,5,7,0,1,0,1,0,0,0,0,19 臺中市,1 一般
105,1035,中國醫藥大學,N 職,M 碩士,69,26,43,10,22,15,19,0,1,0,1,1,0,0,0,0,0,0,0,19 臺中市,1 一般
105,1035,中國醫藥大學,D 日,B 學士,6380,2927,3453,537,696,524,717,578,709,541,737,321,302,179,120,157,88,90,84,19 臺中市,1 一般
105,1035,中國醫藥大學,N 修,C 二技,78,14,64,0,0,0,0,4,28,5,22,5,14,0,0,0,0,0,0,19 臺中市,2 技職
105,1036,健行科技大學,D 日,M 碩士,307,220,87,115,65,57,16,25,5,23,1,0,0,0,0,0,0,0,0,03 桃園市,2 技職
105,1036,健行科技大學,N 職,M 碩士,94,56,38,29,30,7,5,3,2,11,0,6,1,0,0,0,0,0,0,03 桃園市,2 技職
105,1036,健行科技大學,D 日,B 四技,7287,4729,2558,973,556,1148,662,1263,652,1100,587,0,0,0,0,0,0,245,101,03 桃園市,2 技職
105,1036,健行科技大學,N 修,B 四技,3048,1920,1128,508,222,461,282,419,279,369,283,0,0,0,0,0,0,163,62,03 桃園市,2 技職
105,1036,健行科技大學,D 日,C 二技,98,37,61,0,0,0,0,11,27,22,31,0,0,0,0,0,0,4,3,03 桃園市,2 技職
105,1036,健行科技大學,N 修,C 二技,119,62,57,0,0,0,0,24,28,36,29,0,0,0,0,0,0,2,0,03 桃園市,2 技職
105,1036,健行科技大學,D 日,2 二專,5,5,0,0,0,0,0,0,0,0,0,0,0,0,0,0,0,5,0,03 桃園市,2 技職
105,1036,健行科技大學,D 日,5 五專,26,25,1,0,0,25,1,0,0,0,0,0,0,0,0,0,0,0,0,03 桃園市,2 技職
105,1037,正修科技大學,D 日,D 博士,12,12,0,3,0,4,0,1,0,2,0,1,0,1,0,0,0,0,0,12 高雄市,2 技職
105,1037,正修科技大學,D 日,M 碩士,367,236,131,103,68,94,48,31,13,8,2,0,0,0,0,0,0,0,0,12 高雄市,2 技職
105,1037,正修科技大學,N 職,M 碩士,140,85,55,40,26,35,26,7,2,3,1,0,0,0,0,0,0,0,0,12 高雄市,2 技職
105,1037,正修科技大學,D 日,B 四技,9765,5666,4099,1333,971,1322,1043,1473,1029,1375,999,0,0,0,0,0,0,163,57,12 高雄市,2 技職
105,1037,正修科技大學,N 修,B 四技,5709,3556,2153,942,573,834,486,774,492,742,501,0,0,0,0,0,0,264,101,12 高雄市,2 技職
105,1037,正修科技大學,N 修,C 二技,1163,451,712,0,0,0,0,257,394,177,306,0,0,0,0,0,0,17,12,12 高雄市,2 技職
105,1037,正修科技大學,N 修,2 二專,68,52,16,52,16,0,0,0,0,0,0,0,0,0,0,0,0,0,0,12 高雄市,2 技職
105,1037,正修科技大學,D 日,5 五專,3,3,0,0,0,0,0,0,0,0,0,0,0,0,0,0,0,3,0,12 高雄市,2 技職
105,1038,萬能科技大學,D 日,M 碩士,130,78,52,29,17,25,19,14,12,10,4,0,0,0,0,0,0,0,0,03 桃園市,2 技職
105,1038,萬能科技大學,N 職,M 碩士,124,78,46,49,38,17,5,3,2,8,1,1,0,0,0,0,0,0,0,03 桃園市,2 技職
105,1038,萬能科技大學,D 日,B 四技,6484,3333,3151,830,825,765,722,769,728,837,823,0,0,0,0,0,0,132,53,03 桃園市,2 技職
105,1038,萬能科技大學,N 修,B 四技,3653,2022,1631,622,519,472,407,513,379,324,291,0,0,0,0,0,0,91,35,03 桃園市,2 技職
105,1038,萬能科技大學,D 日,C 二技,27,8,19,0,0,0,0,5,10,3,9,0,0,0,0,0,0,0,0,03 桃園市,2 技職
105,1038,萬能科技大學,N 修,C 二技,458,210,248,0,0,0,0,150,164,57,82,0,0,0,0,0,0,3,2,03 桃園市,2 技職
105,1039,玄奘大學,D 日,D 博士,7,5,2,0,0,0,0,0,0,0,0,2,0,3,0,0,2,0,0,18 新竹市,1 一般
105,1039,玄奘大學,D 日,M 碩士,345,154,191,39,60,54,51,59,78,2,2,0,0,0,0,0,0,0,0,18 新竹市,1 一般
105,1039,玄奘大學,N 職,M 碩士,204,74,130,17,35,21,38,23,40,11,16,1,0,1,1,0,0,0,0,18 新竹市,1 一般
105,1039,玄奘大學,D 日,B 學士,3835,1681,2154,248,444,443,585,457,536,414,533,0,0,0,0,0,0,119,56,18 新竹市,1 一般
105,1039,玄奘大學,P 進,B 學士,766,343,423,98,122,41,65,71,98,74,109,0,0,0,0,0,0,59,29,18 新竹市,1 一般
105,1039,玄奘大學,N 修,C 二技,1,0,1,0,0,0,0,0,0,0,0,0,0,0,0,0,0,0,1,18 新竹市,2 技職
105,1040,建國科技大學,D 日,M 碩士,183,110,73,33,36,57,27,14,7,6,3,0,0,0,0,0,0,0,0,07 彰化縣,2 技職
105,1040,建國科技大學,D 日,B 四技,6521,4150,2371,882,501,961,587,1072,621,1084,593,0,0,0,0,0,0,151,69,07 彰化縣,2 技職
105,1040,建國科技大學,N 修,B 四技,1597,1165,432,414,117,240,99,251,112,219,96,0,0,0,0,0,0,41,8,07 彰化縣,2 技職
105,1040,建國科技大學,D 日,C 二技,1,1,0,0,0,0,0,1,0,0,0,0,0,0,0,0,0,0,0,07 彰化縣,2 技職
105,1040,建國科技大學,N 修,C 二技,270,160,110,0,0,0,0,109,65,50,45,0,0,0,0,0,0,1,0,07 彰化縣,2 技職
105,1041,明志科技大學,D 日,D 博士,4,3,1,3,1,0,0,0,0,0,0,0,0,0,0,0,0,0,0,01 新北市,2 技職
105,1041,明志科技大學,D 日,M 碩士,402,303,99,106,48,128,36,48,12,21,3,0,0,0,0,0,0,0,0,01 新北市,2 技職
105,1041,明志科技大學,N 職,M 碩士,48,40,8,9,1,16,6,7,0,6,0,2,1,0,0,0,0,0,0,01 新北市,2 技職
105,1041,明志科技大學,D 日,B 四技,3604,2520,1084,642,253,622,260,602,270,588,288,0,0,0,0,0,0,66,13,01 新北市,2 技職
105,1041,明志科技大學,N 修,B 四技,469,322,147,103,37,60,35,84,34,59,37,0,0,0,0,0,0,16,4,01 新北市,2 技職
105,1041,明志科技大學,D 日,C 二技,33,20,13,0,0,0,0,6,6,14,7,0,0,0,0,0,0,0,0,01 新北市,2 技職
105,1041,明志科技大學,N 修,C 二技,26,5,21,0,0,0,0,0,0,3,21,0,0,0,0,0,0,2,0,01 新北市,2 技職
105,1042,高苑科技大學,D 日,M 碩士,146,108,38,43,16,39,16,17,4,9,2,0,0,0,0,0,0,0,0,12 高雄市,2 技職
105,1042,高苑科技大學,N 職,M 碩士,276,194,82,92,46,74,33,21,2,5,1,2,0,0,0,0,0,0,0,12 高雄市,2 技職
105,1042,高苑科技大學,D 日,B 四技,4845,3410,1435,748,260,837,348,815,381,859,390,0,0,0,0,0,0,151,56,12 高雄市,2 技職
105,1042,高苑科技大學,N 修,B 四技,1542,1100,442,237,102,298,138,221,97,246,92,0,0,0,0,0,0,98,13,12 高雄市,2 技職
105,1043,大仁科技大學,D 日,M 碩士,64,35,29,17,14,15,14,2,1,1,0,0,0,0,0,0,0,0,0,13 屏東縣,2 技職
105,1043,大仁科技大學,N 職,M 碩士,154,74,80,50,57,16,16,8,6,0,0,0,1,0,0,0,0,0,0,13 屏東縣,2 技職
105,1043,大仁科技大學,D 日,B 四技,5052,2408,2644,525,598,613,685,525,563,538,621,80,122,0,0,0,0,127,55,13 屏東縣,2 技職
105,1043,大仁科技大學,N 修,B 四技,718,405,313,85,67,96,71,106,76,97,84,0,0,0,0,0,0,21,15,13 屏東縣,2 技職
105,1043,大仁科技大學,D 日,C 二技,31,3,28,0,0,0,0,2,18,1,10,0,0,0,0,0,0,0,0,13 屏東縣,2 技職
105,1043,大仁科技大學,N 修,C 二技,890,177,713,0,0,0,0,109,431,63,239,0,0,0,0,0,0,5,43,13 屏東縣,2 技職
105,1044,聖約翰科技大學,D 日,M 碩士,150,131,19,41,14,44,2,19,3,27,0,0,0,0,0,0,0,0,0,01 新北市,2 技職
105,1044,聖約翰科技大學,N 職,M 碩士,63,40,23,20,13,15,8,1,1,4,1,0,0,0,0,0,0,0,0,01 新北市,2 技職
105,1044,聖約翰科技大學,D 日,B 四技,4016,2844,1172,547,240,651,288,691,307,750,294,0,0,0,0,0,0,205,43,01 新北市,2 技職
105,1044,聖約翰科技大學,N 修,B 四技,220,139,81,18,10,24,17,30,23,44,23,0,0,0,0,0,0,23,8,01 新北市,2 技職
105,1044,聖約翰科技大學,D 日,C 二技,5,1,4,0,0,0,0,1,1,0,2,0,0,0,0,0,0,0,1,01 新北市,2 技職
105,1044,聖約翰科技大學,D 日,X 4+X,1,0,1,0,1,0,0,0,0,0,0,0,0,0,0,0,0,0,0,01 新北市,2 技職
105,1044,聖約翰科技大學,D 日,5 五專,221,172,49,96,21,76,28,0,0,0,0,0,0,0,0,0,0,0,0,01 新北市,2 技職
105,1045,嶺東科技大學,D 日,M 碩士,261,125,136,54,64,43,46,18,16,10,10,0,0,0,0,0,0,0,0,19 臺中市,2 技職
105,1045,嶺東科技大學,N 職,M 碩士,110,73,37,44,20,28,14,0,1,1,2,0,0,0,0,0,0,0,0,19 臺中市,2 技職
105,1045,嶺東科技大學,D 日,B 四技,7441,2857,4584,711,1116,730,1117,685,1164,616,1111,0,0,0,0,0,0,115,76,19 臺中市,2 技職
105,1045,嶺東科技大學,N 修,B 四技,2576,1334,1242,389,376,295,283,303,272,273,244,0,0,0,0,0,0,74,67,19 臺中市,2 技職
105,1045,嶺東科技大學,D 日,C 二技,1,1,0,0,0,0,0,1,0,0,0,0,0,0,0,0,0,0,0,19 臺中市,2 技職
105,1046,中國科技大學,D 日,M 碩士,140,84,56,39,32,32,13,10,9,3,2,0,0,0,0,0,0,0,0,30 臺北市,2 技職
105,1046,中國科技大學,N 職,M 碩士,35,17,18,9,7,5,10,3,1,0,0,0,0,0,0,0,0,0,0,30 臺北市,2 技職
105,1046,中國科技大學,D 日,B 四技,9368,3785,5583,976,1388,959,1390,913,1354,808,1346,0,0,0,0,0,0,129,105,30 臺北市,2 技職
105,1046,中國科技大學,N 修,B 四技,2304,1227,1077,304,203,262,245,285,278,276,280,0,0,0,0,0,0,100,71,30 臺北市,2 技職
105,1046,中國科技大學,D 日,C 二技,9,2,7,0,0,0,0,2,2,0,5,0,0,0,0,0,0,0,0,30 臺北市,2 技職
105,1046,中國科技大學,N 修,C 二技,1,1,0,0,0,0,0,0,0,1,0,0,0,0,0,0,0,0,0,30 臺北市,2 技職
105,1046,中國科技大學,N 修,X 4+X,31,7,24,7,24,0,0,0,0,0,0,0,0,0,0,0,0,0,0,30 臺北市,2 技職
105,1047,中臺科技大學,D 日,D 博士,21,18,3,3,0,3,0,1,1,4,0,2,0,2,1,3,1,0,0,19 臺中市,2 技職
105,1047,中臺科技大學,D 日,M 碩士,165,57,108,28,44,19,47,6,3,4,12,0,2,0,0,0,0,0,0,19 臺中市,2 技職
105,1047,中臺科技大學,N 職,M 碩士,270,41,229,22,91,12,90,3,9,4,39,0,0,0,0,0,0,0,0,19 臺中市,2 技職
105,1047,中臺科技大學,D 日,B 四技,5578,2173,3405,544,784,551,819,506,838,438,827,0,0,0,0,0,0,134,137,19 臺中市,2 技職
105,1047,中臺科技大學,N 修,B 四技,1714,669,1045,195,309,153,207,129,218,122,211,0,0,0,0,0,0,70,100,19 臺中市,2 技職
105,1047,中臺科技大學,D 日,C 二技,546,93,453,0,0,0,0,43,232,47,213,0,0,0,0,0,0,3,8,19 臺中市,2 技職
105,1047,中臺科技大學,N 修,C 二技,1145,152,993,0,0,0,0,56,389,48,319,37,252,0,0,0,0,11,33,19 臺中市,2 技職
105,1048,亞洲大學,D 日,D 博士,164,104,60,29,11,21,11,19,13,11,11,10,6,8,6,6,2,0,0,06 臺中市,1 一般
105,1048,亞洲大學,D 日,M 碩士,628,332,296,139,129,110,85,45,58,38,24,0,0,0,0,0,0,0,0,06 臺中市,1 一般
105,1048,亞洲大學,N 職,M 碩士,487,294,193,189,62,84,110,13,15,8,6,0,0,0,0,0,0,0,0,06 臺中市,1 一般
105,1048,亞洲大學,D 日,B 學士,9821,3886,5935,862,1517,906,1522,959,1443,941,1337,0,0,0,0,0,0,218,116,06 臺中市,1 一般
105,1048,亞洲大學,P 進,B 學士,1188,578,610,131,179,115,132,120,138,142,123,0,0,0,0,0,0,70,38,06 臺中市,1 一般
105,1049,開南大學,D 日,M 碩士,226,126,100,44,39,34,34,23,13,24,14,1,0,0,0,0,0,0,0,03 桃園市,1 一般
105,1049,開南大學,N 職,M 碩士,370,214,156,93,73,73,62,26,15,12,5,8,0,2,1,0,0,0,0,03 桃園市,1 一般
105,1049,開南大學,D 日,B 學士,6534,3203,3331,518,662,774,884,773,830,804,792,0,0,0,0,0,0,334,163,03 桃園市,1 一般
105,1049,開南大學,P 進,B 學士,1135,650,485,178,104,136,100,140,123,159,138,0,0,0,0,0,0,37,20,03 桃園市,1 一般
105,1050,佛光大學,D 日,D 博士,55,27,28,4,7,7,6,7,2,3,5,1,7,2,0,3,1,0,0,02 宜蘭縣,1 一般
105,1050,佛光大學,D 日,M 碩士,567,243,324,83,118,48,95,52,59,56,49,3,3,1,0,0,0,0,0,02 宜蘭縣,1 一般
105,1050,佛光大學,N 職,M 碩士,216,123,93,42,34,39,31,19,14,12,5,11,9,0,0,0,0,0,0,02 宜蘭縣,1 一般
105,1050,佛光大學,D 日,B 學士,3145,1457,1688,367,421,357,417,327,408,303,374,0,0,0,0,0,0,103,68,02 宜蘭縣,1 一般
105,1051,台南應用科技大學,D 日,M 碩士,127,32,95,13,29,11,29,7,31,1,6,0,0,0,0,0,0,0,0,11 臺南市,2 技職
105,1051,台南應用科技大學,N 職,M 碩士,144,35,109,15,25,12,42,3,31,4,8,1,3,0,0,0,0,0,0,11 臺南市,2 技職
105,1051,台南應用科技大學,D 日,B 四技,8094,2283,5811,633,1457,582,1476,538,1449,463,1362,0,0,0,0,0,0,67,67,11 臺南市,2 技職
105,1051,台南應用科技大學,N 修,B 四技,2440,841,1599,260,467,178,387,163,309,172,373,0,0,0,0,0,0,68,63,11 臺南市,2 技職
105,1051,台南應用科技大學,D 日,C 二技,644,104,540,0,0,0,0,35,252,57,256,0,0,0,0,0,0,12,32,11 臺南市,2 技職
105,1051,台南應用科技大學,N 修,C 二技,262,47,215,0,0,0,0,21,92,21,104,0,0,0,0,0,0,5,19,11 臺南市,2 技職
105,1051,台南應用科技大學,D 日,5 五專,1200,267,933,48,192,47,203,50,202,59,184,63,152,0,0,0,0,0,0,11 臺南市,2 技職
105,1052,遠東科技大學,D 日,M 碩士,198,147,51,64,18,43,26,24,3,16,4,0,0,0,0,0,0,0,0,11 臺南市,2 技職
105,1052,遠東科技大學,N 職,M 碩士,31,30,1,7,0,4,0,2,1,7,0,7,0,3,0,0,0,0,0,11 臺南市,2 技職
105,1052,遠東科技大學,D 日,B 四技,6442,3987,2455,821,584,915,596,974,602,1103,599,0,0,0,0,0,0,174,74,11 臺南市,2 技職
105,1052,遠東科技大學,N 修,B 四技,586,394,192,112,52,92,53,86,45,95,41,0,0,0,0,0,0,9,1,11 臺南市,2 技職
105,1052,遠東科技大學,D 日,C 二技,1,1,0,0,0,0,0,0,0,1,0,0,0,0,0,0,0,0,0,11 臺南市,2 技職
105,1052,遠東科技大學,N 修,C 二技,52,48,4,0,0,0,0,29,2,18,2,0,0,0,0,0,0,1,0,11 臺南市,2 技職
105,1052,遠東科技大學,N 修,2 二專,35,35,0,19,0,14,0,0,0,0,0,0,0,0,0,0,0,2,0,11 臺南市,2 技職
105,1053,元培醫事科技大學,D 日,M 碩士,249,120,129,54,61,38,39,15,18,13,11,0,0,0,0,0,0,0,0,18 新竹市,2 技職
105,1053,元培醫事科技大學,N 職,M 碩士,31,15,16,11,11,4,4,0,0,0,1,0,0,0,0,0,0,0,0,18 新竹市,2 技職
105,1053,元培醫事科技大學,D 日,B 四技,5068,2386,2682,461,601,604,686,567,671,551,629,0,0,0,0,0,0,203,95,18 新竹市,2 技職
105,1053,元培醫事科技大學,N 修,B 四技,710,389,321,153,134,68,48,72,63,55,58,0,0,0,0,0,0,41,18,18 新竹市,2 技職
105,1053,元培醫事科技大學,D 日,C 二技,100,5,95,0,0,0,0,2,49,3,46,0,0,0,0,0,0,0,0,18 新竹市,2 技職
105,1053,元培醫事科技大學,N 修,C 二技,616,128,488,0,0,0,0,48,133,77,309,2,43,0,0,0,0,1,3,18 新竹市,2 技職
105,1054,景文科技大學,D 日,M 碩士,57,42,15,21,11,13,3,7,1,1,0,0,0,0,0,0,0,0,0,01 新北市,2 技職
105,1054,景文科技大學,N 職,M 碩士,104,63,41,28,19,29,19,3,2,3,1,0,0,0,0,0,0,0,0,01 新北市,2 技職
105,1054,景文科技大學,D 日,B 四技,5554,2453,3101,522,631,581,733,577,812,542,703,0,0,0,0,0,0,231,222,01 新北市,2 技職
105,1054,景文科技大學,N 修,B 四技,1600,807,793,261,203,171,195,154,185,158,183,0,0,0,0,0,0,63,27,01 新北市,2 技職
105,1054,景文科技大學,D 日,C 二技,7,3,4,0,0,0,0,2,2,1,2,0,0,0,0,0,0,0,0,01 新北市,2 技職
105,1054,景文科技大學,N 修,C 二技,375,151,224,0,0,0,0,63,100,85,122,0,0,0,0,0,0,3,2,01 新北市,2 技職
105,1055,中華醫事科技大學,D 日,M 碩士,91,51,40,24,25,19,12,5,3,3,0,0,0,0,0,0,0,0,0,11 臺南市,2 技職
105,1055,中華醫事科技大學,N 職,M 碩士,14,6,8,6,8,0,0,0,0,0,0,0,0,0,0,0,0,0,0,11 臺南市,2 技職
105,1055,中華醫事科技大學,D 日,B 四技,4357,1946,2411,372,508,537,667,516,607,418,564,0,0,0,0,0,0,103,65,11 臺南市,2 技職
105,1055,中華醫事科技大學,N 修,B 四技,881,409,472,113,100,79,89,85,114,71,109,12,24,0,0,0,0,49,36,11 臺南市,2 技職
105,1055,中華醫事科技大學,D 日,C 二技,748,134,614,0,0,0,0,89,292,39,295,0,0,0,0,0,0,6,27,11 臺南市,2 技職
105,1055,中華醫事科技大學,N 修,C 二技,870,186,684,0,0,0,0,87,284,66,322,0,0,0,0,0,0,33,78,11 臺南市,2 技職
105,1055,中華醫事科技大學,D 日,2 二專,99,50,49,27,23,21,25,0,0,0,0,0,0,0,0,0,0,2,1,11 臺南市,2 技職
105,1055,中華醫事科技大學,N 修,2 二專,23,12,11,12,11,0,0,0,0,0,0,0,0,0,0,0,0,0,0,11 臺南市,2 技職
105,1055,中華醫事科技大學,D 日,5 五專,2443,516,1927,143,501,121,427,89,351,100,321,54,309,0,0,0,0,9,18,11 臺南市,2 技職
105,1056,東南科技大學,D 日,M 碩士,137,114,23,47,10,54,10,11,1,2,2,0,0,0,0,0,0,0,0,01 新北市,2 技職
105,1056,東南科技大學,N 職,M 碩士,47,40,7,17,7,19,0,0,0,4,0,0,0,0,0,0,0,0,0,01 新北市,2 技職
105,1056,東南科技大學,D 日,B 四技,6072,3959,2113,781,441,1010,538,935,523,1001,542,0,0,0,0,0,0,232,69,01 新北市,2 技職
105,1056,東南科技大學,N 修,B 四技,598,441,157,173,63,86,23,85,32,59,27,0,0,0,0,0,0,38,12,01 新北市,2 技職
105,1056,東南科技大學,N 修,C 二技,56,47,9,0,0,0,0,11,2,35,5,0,0,0,0,0,0,1,2,01 新北市,2 技職
105,1056,東南科技大學,D 日,2 二專,1,0,1,0,0,0,0,0,0,0,0,0,0,0,0,0,0,0,1,01 新北市,2 技職
105,1057,德明財經科技大學,D 日,M 碩士,68,40,28,10,18,17,8,6,2,7,0,0,0,0,0,0,0,0,0,30 臺北市,2 技職
105,1057,德明財經科技大學,N 職,M 碩士,67,42,25,14,13,17,8,6,3,5,1,0,0,0,0,0,0,0,0,30 臺北市,2 技職
105,1057,德明財經科技大學,D 日,B 四技,7354,2751,4603,737,1078,662,1107,605,1131,581,1168,0,0,0,0,0,0,166,119,30 臺北市,2 技職
105,1057,德明財經科技大學,N 修,B 四技,1273,604,669,129,129,126,161,150,175,142,171,0,0,0,0,0,0,57,33,30 臺北市,2 技職
105,1057,德明財經科技大學,D 日,C 二技,121,35,86,0,0,0,0,20,49,14,37,0,0,0,0,0,0,1,0,30 臺北市,2 技職
105,1057,德明財經科技大學,N 修,C 二技,71,34,37,0,0,0,0,19,14,13,22,0,0,0,0,0,0,2,1,30 臺北市,2 技職
105,1058,明道大學,D 日,D 博士,13,9,4,3,2,3,2,3,0,0,0,0,0,0,0,0,0,0,0,07 彰化縣,1 一般
105,1058,明道大學,D 日,M 碩士,189,105,84,52,34,29,32,14,12,10,6,0,0,0,0,0,0,0,0,07 彰化縣,1 一般
105,1058,明道大學,N 職,M 碩士,67,22,45,13,26,5,14,1,3,3,2,0,0,0,0,0,0,0,0,07 彰化縣,1 一般
105,1058,明道大學,D 日,B 學士,3466,1946,1520,419,306,493,441,470,354,482,380,0,0,0,0,0,0,82,39,07 彰化縣,1 一般
105,1058,明道大學,P 進,B 學士,1233,767,466,208,142,177,88,171,101,177,105,0,0,0,0,0,0,34,30,07 彰化縣,1 一般
105,1060,南開科技大學,D 日,M 碩士,106,73,33,31,13,29,12,11,5,2,3,0,0,0,0,0,0,0,0,08 南投縣,2 技職
105,1060,南開科技大學,N 職,M 碩士,107,41,66,14,19,18,39,4,2,5,6,0,0,0,0,0,0,0,0,08 南投縣,2 技職
105,1060,南開科技大學,D 日,B 四技,3508,2307,1201,483,239,589,309,559,294,572,326,0,0,0,0,0,0,104,33,08 南投縣,2 技職
105,1060,南開科技大學,N 修,B 四技,1025,665,360,147,81,149,85,168,92,143,83,0,0,0,0,0,0,58,19,08 南投縣,2 技職
105,1060,南開科技大學,D 日,C 二技,66,46,20,0,0,0,0,22,5,23,14,0,0,0,0,0,0,1,1,08 南投縣,2 技職
105,1060,南開科技大學,D 日,5 五專,1026,818,208,157,30,207,43,134,32,124,39,171,63,0,0,0,0,25,1,08 南投縣,2 技職
105,1061,中華科技大學,D 日,M 碩士,239,182,57,89,28,76,24,10,3,7,2,0,0,0,0,0,0,0,0,30 臺北市,2 技職
105,1061,中華科技大學,N 職,M 碩士,112,88,24,36,12,41,12,7,0,3,0,0,0,1,0,0,0,0,0,30 臺北市,2 技職
105,1061,中華科技大學,D 日,B 四技,5801,3789,2012,755,424,909,508,943,467,981,553,0,0,0,0,0,0,201,60,30 臺北市,2 技職
105,1061,中華科技大學,N 修,B 四技,950,736,214,253,44,147,41,152,54,119,61,0,0,0,0,0,0,65,14,30 臺北市,2 技職
105,1061,中華科技大學,D 日,C 二技,35,8,27,0,0,0,0,1,20,6,7,0,0,0,0,0,0,1,0,30 臺北市,2 技職
105,1061,中華科技大學,N 修,C 二技,270,164,106,0,0,0,0,83,73,81,32,0,0,0,0,0,0,0,1,30 臺北市,2 技職
105,1061,中華科技大學,N 修,2 二專,19,3,16,3,16,0,0,0,0,0,0,0,0,0,0,0,0,0,0,30 臺北市,2 技職
105,1062,僑光科技大學,D 日,M 碩士,68,35,33,10,13,21,16,3,4,1,0,0,0,0,0,0,0,0,0,19 臺中市,2 技職
105,1062,僑光科技大學,N 職,M 碩士,41,23,18,11,8,11,10,0,0,1,0,0,0,0,0,0,0,0,0,19 臺中市,2 技職
105,1062,僑光科技大學,D 日,B 四技,6410,2418,3992,589,952,632,1011,565,1033,566,950,0,0,0,0,0,0,66,46,19 臺中市,2 技職
105,1062,僑光科技大學,N 修,B 四技,3915,1952,1963,651,526,428,440,404,455,386,477,0,0,0,0,0,0,83,65,19 臺中市,2 技職
105,1062,僑光科技大學,D 日,C 二技,1,0,1,0,0,0,0,0,1,0,0,0,0,0,0,0,0,0,0,19 臺中市,2 技職
105,1062,僑光科技大學,N 修,C 二技,97,59,38,0,0,0,0,37,24,22,13,0,0,0,0,0,0,0,1,19 臺中市,2 技職
105,1062,僑光科技大學,D 日,2 二專,6,3,3,0,0,0,0,0,0,0,0,0,0,0,0,0,0,3,3,19 臺中市,2 技職
105,1062,僑光科技大學,N 修,2 二專,108,62,46,6,9,52,36,0,0,0,0,0,0,0,0,0,0,4,1,19 臺中市,2 技職
105,1062,僑光科技大學,D 日,5 五專,11,9,2,0,0,0,0,0,0,0,0,0,0,0,0,0,0,9,2,19 臺中市,2 技職
105,1063,育達科技大學,D 日,M 碩士,93,52,41,31,27,13,6,6,6,2,2,0,0,0,0,0,0,0,0,05 苗栗縣,2 技職
105,1063,育達科技大學,N 職,M 碩士,130,84,46,57,34,19,12,5,0,2,0,1,0,0,0,0,0,0,0,05 苗栗縣,2 技職
105,1063,育達科技大學,D 日,B 四技,3135,1519,1616,277,293,371,410,377,432,361,405,0,0,0,0,0,0,133,76,05 苗栗縣,2 技職
105,1063,育達科技大學,N 修,B 四技,1199,675,524,205,150,152,137,132,127,147,85,0,0,0,0,0,0,39,25,05 苗栗縣,2 技職
105,1063,育達科技大學,D 日,C 二技,15,4,11,0,0,0,0,0,0,4,10,0,0,0,0,0,0,0,1,05 苗栗縣,2 技職
105,1063,育達科技大學,N 修,C 二技,345,109,236,0,0,0,0,80,136,26,94,0,0,0,0,0,0,3,6,05 苗栗縣,2 技職
105,1064,美和科技大學,D 日,M 碩士,129,53,76,30,36,18,26,4,11,1,3,0,0,0,0,0,0,0,0,13 屏東縣,2 技職
105,1064,美和科技大學,N 職,M 碩士,193,61,132,24,47,28,55,7,22,2,8,0,0,0,0,0,0,0,0,13 屏東縣,2 技職
105,1064,美和科技大學,D 日,B 四技,3487,1583,1904,373,457,401,482,394,474,370,469,0,0,0,0,0,0,45,22,13 屏東縣,2 技職
105,1064,美和科技大學,N 修,B 四技,872,386,486,113,188,70,85,83,98,101,101,0,0,0,0,0,0,19,14,13 屏東縣,2 技職
105,1064,美和科技大學,D 日,C 二技,470,40,430,0,0,0,0,22,212,17,215,0,0,0,0,0,0,1,3,13 屏東縣,2 技職
105,1064,美和科技大學,N 修,C 二技,892,100,792,0,0,0,0,35,369,40,379,0,0,0,0,0,0,25,44,13 屏東縣,2 技職
105,1064,美和科技大學,N 修,2 二專,28,25,3,25,3,0,0,0,0,0,0,0,0,0,0,0,0,0,0,13 屏東縣,2 技職
105,1064,美和科技大學,D 日,5 五專,1771,203,1568,59,331,41,328,29,312,30,279,36,296,0,0,0,0,8,22,13 屏東縣,2 技職
105,1065,吳鳳科技大學,D 日,M 碩士,56,32,24,17,11,12,13,1,0,2,0,0,0,0,0,0,0,0,0,10 嘉義縣,2 技職
105,1065,吳鳳科技大學,N 職,M 碩士,81,47,34,24,19,22,14,1,0,0,0,0,1,0,0,0,0,0,0,10 嘉義縣,2 技職
105,1065,吳鳳科技大學,D 日,B 四技,3991,2711,1280,619,323,649,331,659,299,687,302,0,0,0,0,0,0,97,25,10 嘉義縣,2 技職
105,1065,吳鳳科技大學,N 修,B 四技,1006,737,269,156,50,172,62,210,78,172,70,0,0,0,0,0,0,27,9,10 嘉義縣,2 技職
105,1066,環球科技大學,D 日,M 碩士,139,72,67,37,32,30,24,2,8,3,3,0,0,0,0,0,0,0,0,09 雲林縣,2 技職
105,1066,環球科技大學,N 職,M 碩士,46,26,20,16,11,10,8,0,0,0,1,0,0,0,0,0,0,0,0,09 雲林縣,2 技職
105,1066,環球科技大學,D 日,B 四技,3931,1882,2049,379,449,502,519,541,598,368,440,0,0,0,0,0,0,92,43,09 雲林縣,2 技職
105,1066,環球科技大學,N 修,B 四技,1213,573,640,154,221,127,160,157,172,114,83,0,0,0,0,0,0,21,4,09 雲林縣,2 技職
105,1066,環球科技大學,D 日,C 二技,10,4,6,0,0,0,0,0,3,2,2,0,0,0,0,0,0,2,1,09 雲林縣,2 技職
105,1066,環球科技大學,N 修,C 二技,265,86,179,0,0,0,0,47,91,38,87,0,0,0,0,0,0,1,1,09 雲林縣,2 技職
105,1066,環球科技大學,N 修,2 二專,282,146,136,77,63,60,69,0,0,0,0,0,0,0,0,0,0,9,4,09 雲林縣,2 技職
105,1067,台灣首府大學,D 日,M 碩士,61,23,38,9,19,14,16,0,2,0,0,0,1,0,0,0,0,0,0,11 臺南市,1 一般
105,1067,台灣首府大學,D 日,B 學士,2663,1387,1276,263,299,341,326,397,330,315,277,0,0,0,0,0,0,71,44,11 臺南市,1 一般
105,1067,台灣首府大學,P 進,B 學士,546,313,233,70,43,80,41,68,63,76,70,0,0,0,0,0,0,19,16,11 臺南市,1 一般
105,1067,台灣首府大學,N 修,C 二技,35,11,24,0,0,0,0,11,24,0,0,0,0,0,0,0,0,0,0,11 臺南市,2 技職
105,1068,中州科技大學,D 日,M 碩士,48,29,19,9,13,8,4,5,1,5,1,2,0,0,0,0,0,0,0,07 彰化縣,2 技職
105,1068,中州科技大學,N 職,M 碩士,35,25,10,18,5,6,2,0,1,1,0,0,2,0,0,0,0,0,0,07 彰化縣,2 技職
105,1068,中州科技大學,D 日,B 四技,2408,1413,995,280,246,390,258,360,252,331,229,0,0,0,0,0,0,52,10,07 彰化縣,2 技職
105,1068,中州科技大學,N 修,B 四技,974,620,354,166,115,148,96,139,81,139,57,0,0,0,0,0,0,28,5,07 彰化縣,2 技職
105,1068,中州科技大學,D 日,C 二技,1,1,0,0,0,0,0,1,0,0,0,0,0,0,0,0,0,0,0,07 彰化縣,2 技職
105,1068,中州科技大學,N 修,C 二技,456,141,315,0,0,0,0,120,255,20,58,0,0,0,0,0,0,1,2,07 彰化縣,2 技職
105,1069,修平科技大學,D 日,M 碩士,57,38,19,19,14,13,4,6,1,0,0,0,0,0,0,0,0,0,0,06 臺中市,2 技職
105,1069,修平科技大學,N 職,M 碩士,12,9,3,7,1,2,2,0,0,0,0,0,0,0,0,0,0,0,0,06 臺中市,2 技職
105,1069,修平科技大學,D 日,B 四技,5114,3245,1869,691,389,802,484,811,497,761,438,0,0,0,0,0,0,180,61,06 臺中市,2 技職
105,1069,修平科技大學,N 修,B 四技,795,672,123,223,58,154,23,137,21,113,13,0,0,0,0,0,0,45,8,06 臺中市,2 技職
105,1069,修平科技大學,N 修,2 二專,14,13,1,12,1,1,0,0,0,0,0,0,0,0,0,0,0,0,0,06 臺中市,2 技職
105,1070,長庚科技大學,D 日,M 碩士,56,4,52,1,25,2,19,1,8,0,0,0,0,0,0,0,0,0,0,03 桃園市,2 技職
105,1070,長庚科技大學,N 職,M 碩士,69,2,67,0,30,0,21,1,9,1,6,0,1,0,0,0,0,0,0,03 桃園市,2 技職
105,1070,長庚科技大學,D 日,B 四技,2908,345,2563,131,789,96,675,57,551,58,539,0,0,0,0,0,0,3,9,03 桃園市,2 技職
105,1070,長庚科技大學,D 日,C 二技,1443,40,1403,0,0,0,0,13,708,27,692,0,0,0,0,0,0,0,3,03 桃園市,2 技職
105,1070,長庚科技大學,N 修,C 二技,1748,92,1656,0,0,0,0,40,618,24,653,26,374,0,0,0,0,2,11,03 桃園市,2 技職
105,1070,長庚科技大學,D 日,5 五專,846,50,796,0,0,7,107,17,201,14,205,8,260,0,0,0,0,4,23,03 桃園市,2 技職
105,1071,臺北城市科技大學,D 日,M 碩士,109,79,30,32,11,26,11,15,6,6,2,0,0,0,0,0,0,0,0,30 臺北市,2 技職
105,1071,臺北城市科技大學,D 日,B 四技,7288,4422,2866,1082,666,1014,713,1084,716,972,659,0,0,0,0,0,0,270,112,30 臺北市,2 技職
105,1071,臺北城市科技大學,N 修,B 四技,867,621,246,192,98,120,32,144,50,130,55,0,0,0,0,0,0,35,11,30 臺北市,2 技職
105,1071,臺北城市科技大學,D 日,2 二專,12,8,4,0,0,0,0,0,0,0,0,0,0,0,0,0,0,8,4,30 臺北市,2 技職
105,1071,臺北城市科技大學,N 修,2 二專,58,37,21,19,15,15,5,0,0,0,0,0,0,0,0,0,0,3,1,30 臺北市,2 技職
105,1071,臺北城市科技大學,D 日,5 五專,1599,1115,484,264,108,249,104,169,78,197,90,219,97,0,0,0,0,17,7,30 臺北市,2 技職
105,1072,大華科技大學,D 日,M 碩士,22,22,0,4,0,5,0,6,0,7,0,0,0,0,0,0,0,0,0,04 新竹縣,2 技職
105,1072,大華科技大學,N 職,M 碩士,1,1,0,0,0,0,0,0,0,0,0,1,0,0,0,0,0,0,0,04 新竹縣,2 技職
105,1072,大華科技大學,D 日,B 四技,989,621,368,106,85,103,60,156,61,182,125,0,0,0,0,0,0,74,37,04 新竹縣,2 技職
105,1072,大華科技大學,N 修,B 四技,530,378,152,76,25,97,31,93,33,81,52,0,0,0,0,0,0,31,11,04 新竹縣,2 技職
105,1072,大華科技大學,D 日,C 二技,78,32,46,0,0,0,0,17,16,14,28,0,0,0,0,0,0,1,2,04 新竹縣,2 技職
105,1072,大華科技大學,N 修,C 二技,838,650,188,0,0,0,0,391,119,256,66,0,0,0,0,0,0,3,3,04 新竹縣,2 技職
105,1072,大華科技大學,N 修,2 二專,187,139,48,134,48,0,0,0,0,0,0,0,0,0,0,0,0,5,0,04 新竹縣,2 技職
105,1072,大華科技大學,D 日,5 五專,946,555,391,65,55,119,58,75,55,141,92,149,128,0,0,0,0,6,3,04 新竹縣,2 技職
105,1073,醒吾科技大學,D 日,M 碩士,63,44,19,18,10,15,8,11,1,0,0,0,0,0,0,0,0,0,0,01 新北市,2 技職
105,1073,醒吾科技大學,N 職,M 碩士,96,63,33,38,13,16,15,3,4,6,1,0,0,0,0,0,0,0,0,01 新北市,2 技職
105,1073,醒吾科技大學,D 日,B 四技,5838,2321,3517,493,708,579,898,547,995,605,853,0,0,0,0,0,0,97,63,01 新北市,2 技職
105,1073,醒吾科技大學,N 修,B 四技,1107,579,528,229,230,69,59,99,103,136,126,0,0,0,0,0,0,46,10,01 新北市,2 技職
105,1073,醒吾科技大學,D 日,C 二技,2,2,0,0,0,0,0,1,0,1,0,0,0,0,0,0,0,0,0,01 新北市,2 技職
105,1073,醒吾科技大學,D 日,5 五專,1178,415,763,80,109,110,174,66,110,85,179,72,190,0,0,0,0,2,1,01 新北市,2 技職
105,1074,南榮科技大學,D 日,M 碩士,36,20,16,10,7,8,9,1,0,1,0,0,0,0,0,0,0,0,0,11 臺南市,2 技職
105,1074,南榮科技大學,N 職,M 碩士,29,16,13,10,3,6,10,0,0,0,0,0,0,0,0,0,0,0,0,11 臺南市,2 技職
105,1074,南榮科技大學,D 日,B 四技,1400,842,558,138,80,217,171,286,160,171,133,0,0,0,0,0,0,30,14,11 臺南市,2 技職
105,1074,南榮科技大學,N 修,B 四技,923,585,338,61,35,116,58,168,125,196,112,0,0,0,0,0,0,44,8,11 臺南市,2 技職
105,1074,南榮科技大學,D 日,C 二技,33,31,2,0,0,0,0,14,0,17,2,0,0,0,0,0,0,0,0,11 臺南市,2 技職
105,1074,南榮科技大學,N 修,C 二技,64,35,29,0,0,0,0,12,7,20,22,0,0,0,0,0,0,3,0,11 臺南市,2 技職
105,1074,南榮科技大學,N 修,2 二專,161,80,81,30,30,39,44,0,0,0,0,0,0,0,0,0,0,11,7,11 臺南市,2 技職
105,1074,南榮科技大學,D 日,5 五專,258,190,68,21,8,27,11,34,11,49,17,56,20,0,0,0,0,3,1,11 臺南市,2 技職
105,1075,文藻外語大學,D 日,M 碩士,148,32,116,16,46,8,39,4,18,4,13,0,0,0,0,0,0,0,0,50 高雄市,2 技職
105,1075,文藻外語大學,N 職,M 碩士,60,14,46,6,14,0,15,5,11,2,4,1,2,0,0,0,0,0,0,50 高雄市,2 技職
105,1075,文藻外語大學,D 日,B 四技,5222,1109,4113,308,934,270,986,214,981,231,976,0,0,0,0,0,0,86,236,50 高雄市,2 技職
105,1075,文藻外語大學,N 修,B 四技,1791,532,1259,190,361,113,279,90,250,96,233,0,0,0,0,0,0,43,136,50 高雄市,2 技職
105,1075,文藻外語大學,D 日,C 二技,318,47,271,0,0,0,0,22,109,23,140,0,0,0,0,0,0,2,22,50 高雄市,2 技職
105,1075,文藻外語大學,N 修,C 二技,175,42,133,0,0,0,0,21,65,15,48,0,0,0,0,0,0,6,20,50 高雄市,2 技職
105,1075,文藻外語大學,D 日,5 五專,1734,287,1447,53,266,65,296,55,292,58,277,47,291,0,0,0,0,9,25,50 高雄市,2 技職
105,1076,華夏科技大學,D 日,M 碩士,38,32,6,19,3,12,3,1,0,0,0,0,0,0,0,0,0,0,0,01 新北市,2 技職
105,1076,華夏科技大學,N 職,M 碩士,63,46,17,16,9,17,5,9,3,4,0,0,0,0,0,0,0,0,0,01 新北市,2 技職
105,1076,華夏科技大學,D 日,B 四技,2911,1830,1081,366,245,509,276,474,255,410,280,0,0,0,0,0,0,71,25,01 新北市,2 技職
105,1076,華夏科技大學,N 修,B 四技,824,527,297,121,77,122,61,141,80,110,72,0,0,0,0,0,0,33,7,01 新北市,2 技職
105,1076,華夏科技大學,D 日,C 二技,85,69,16,0,0,0,0,34,6,35,10,0,0,0,0,0,0,0,0,01 新北市,2 技職
105,1076,華夏科技大學,N 修,C 二技,151,122,29,0,0,0,0,71,16,49,12,0,0,0,0,0,0,2,1,01 新北市,2 技職
105,1076,華夏科技大學,N 修,2 二專,258,122,136,29,56,82,75,0,0,0,0,0,0,0,0,0,0,11,5,01 新北市,2 技職
105,1076,華夏科技大學,D 日,5 五專,596,511,85,159,16,117,16,79,16,81,17,69,19,0,0,0,0,6,1,01 新北市,2 技職
105,1077,慈濟科技大學,D 日,M 碩士,27,19,8,6,2,7,1,6,5,0,0,0,0,0,0,0,0,0,0,15 花蓮縣,2 技職
105,1077,慈濟科技大學,D 日,B 四技,1231,610,621,167,195,146,134,150,160,110,118,0,0,0,0,0,0,37,14,15 花蓮縣,2 技職
105,1077,慈濟科技大學,D 日,C 二技,279,15,264,0,0,0,0,8,139,7,123,0,0,0,0,0,0,0,2,15 花蓮縣,2 技職
105,1077,慈濟科技大學,N 修,C 二技,123,6,117,0,0,0,0,4,58,1,41,0,0,0,0,0,0,1,18,15 花蓮縣,2 技職
105,1077,慈濟科技大學,D 日,5 五專,1264,148,1116,34,229,32,217,29,212,26,210,22,218,0,0,0,0,5,30,15 花蓮縣,2 技職
105,1078,致理科技大學,D 日,M 碩士,37,8,29,5,15,2,11,1,3,0,0,0,0,0,0,0,0,0,0,01 新北市,2 技職
105,1078,致理科技大學,N 職,M 碩士,37,9,28,4,13,3,9,0,2,0,1,2,3,0,0,0,0,0,0,01 新北市,2 技職
105,1078,致理科技大學,D 日,B 四技,6379,1985,4394,489,1053,495,1057,432,1092,458,1065,0,0,0,0,0,0,111,127,01 新北市,2 技職
105,1078,致理科技大學,N 修,B 四技,3091,1057,2034,252,516,286,470,225,508,226,462,0,0,0,0,0,0,68,78,01 新北市,2 技職
105,1078,致理科技大學,D 日,C 二技,351,95,256,0,0,0,0,23,99,65,147,0,0,0,0,0,0,7,10,01 新北市,2 技職
105,1078,致理科技大學,N 修,C 二技,269,84,185,0,0,0,0,49,103,25,73,0,0,0,0,0,0,10,9,01 新北市,2 技職
105,1078,致理科技大學,D 日,2 二專,4,3,1,0,0,0,0,0,0,0,0,0,0,0,0,0,0,3,1,01 新北市,2 技職
105,1078,致理科技大學,D 日,5 五專,1636,306,1330,71,267,60,273,61,257,47,267,56,246,0,0,0,0,11,20,01 新北市,2 技職
105,1079,康寧大學,D 日,M 碩士,150,62,88,27,58,18,21,12,6,4,3,1,0,0,0,0,0,0,0,30 臺北市,1 一般
105,1079,康寧大學,N 職,M 碩士,167,70,97,37,52,16,33,15,8,2,4,0,0,0,0,0,0,0,0,30 臺北市,1 一般
105,1079,康寧大學,D 日,B 學士,1137,584,553,84,84,131,89,155,185,165,166,0,0,0,0,0,0,49,29,30 臺北市,1 一般
105,1079,康寧大學,P 進,B 學士,489,317,172,121,56,96,51,57,38,30,26,0,0,0,0,0,0,13,1,30 臺北市,1 一般
105,1079,康寧大學,D 日,2 二專,38,10,28,5,14,5,13,0,0,0,0,0,0,0,0,0,0,0,1,30 臺北市,2 技職
105,1079,康寧大學,N 修,2 二專,338,67,271,45,149,22,118,0,0,0,0,0,0,0,0,0,0,0,4,30 臺北市,2 技職
105,1079,康寧大學,D 日,5 五專,2943,635,2308,151,501,132,494,124,437,125,427,98,423,0,0,0,0,5,26,30 臺北市,2 技職
105,1125,中信金融管理學院,D 日,M 碩士,16,7,9,7,9,0,0,0,0,0,0,0,0,0,0,0,0,0,0,21 臺南市,1 一般
105,1125,中信金融管理學院,D 日,B 學士,313,143,170,70,82,61,78,6,4,6,5,0,0,0,0,0,0,0,1,21 臺南市,1 一般
105,1125,中信金融管理學院,P 進,B 學士,2,2,0,0,0,0,0,0,0,1,0,0,0,0,0,0,0,1,0,21 臺南市,1 一般
105,1148,大漢技術學院,D 日,M 碩士,89,68,21,33,5,19,15,16,1,0,0,0,0,0,0,0,0,0,0,15 花蓮縣,2 技職
105,1148,大漢技術學院,D 日,B 四技,490,327,163,65,30,60,32,77,33,83,42,0,0,0,0,0,0,42,26,15 花蓮縣,2 技職
105,1148,大漢技術學院,N 修,B 四技,391,247,144,78,31,64,33,45,33,54,46,0,0,0,0,0,0,6,1,15 花蓮縣,2 技職
105,1148,大漢技術學院,D 日,C 二技,2,0,2,0,0,0,0,0,2,0,0,0,0,0,0,0,0,0,0,15 花蓮縣,2 技職
105,1148,大漢技術學院,N 修,C 二技,295,173,122,0,0,0,0,107,78,66,43,0,0,0,0,0,0,0,1,15 花蓮縣,2 技職
105,1148,大漢技術學院,N 修,2 二專,230,115,115,68,60,45,55,0,0,0,0,0,0,0,0,0,0,2,0,15 花蓮縣,2 技職
105,1159,和春技術學院,D 日,M 碩士,39,35,4,18,2,14,2,3,0,0,0,0,0,0,0,0,0,0,0,12 高雄市,2 技職
105,1159,和春技術學院,D 日,B 四技,1060,664,396,136,121,146,117,146,56,137,71,0,0,0,0,0,0,99,31,12 高雄市,2 技職
105,1159,和春技術學院,N 修,B 四技,621,445,176,83,59,120,33,87,34,99,31,0,0,0,0,0,0,56,19,12 高雄市,2 技職
105,1159,和春技術學院,D 日,C 二技,42,18,24,0,0,0,0,12,18,6,6,0,0,0,0,0,0,0,0,12 高雄市,2 技職
105,1159,和春技術學院,N 修,C 二技,446,313,133,0,0,0,0,180,82,129,51,0,0,0,0,0,0,4,0,12 高雄市,2 技職
105,1159,和春技術學院,N 修,2 二專,772,575,197,297,102,263,93,0,0,0,0,0,0,0,0,0,0,15,2,12 高雄市,2 技職
105,1159,和春技術學院,D 日,5 五專,407,238,169,60,69,43,22,35,18,41,34,44,23,0,0,0,0,15,3,12 高雄市,2 技職
105,1166,亞東技術學院,D 日,M 碩士,37,26,11,11,5,7,5,5,1,2,0,0,0,1,0,0,0,0,0,01 新北市,2 技職
105,1166,亞東技術學院,D 日,B 四技,4372,3132,1240,746,269,744,296,732,320,758,327,0,0,0,0,0,0,152,28,01 新北市,2 技職
105,1166,亞東技術學院,N 修,B 四技,8,8,0,0,0,0,0,0,0,0,0,0,0,0,0,0,0,8,0,01 新北市,2 技職
105,1166,亞東技術學院,D 日,C 二技,191,6,185,0,0,0,0,0,92,5,84,0,0,0,0,0,0,1,9,01 新北市,2 技職
105,1166,亞東技術學院,N 修,C 二技,75,1,74,0,0,0,0,1,24,0,26,0,24,0,0,0,0,0,0,01 新北市,2 技職
105,1166,亞東技術學院,D 日,2 二專,2,1,1,0,0,0,0,0,0,0,0,0,0,0,0,0,0,1,1,01 新北市,2 技職
105,1168,南亞技術學院,D 日,M 碩士,44,32,12,12,9,11,1,6,2,3,0,0,0,0,0,0,0,0,0,03 桃園市,2 技職
105,1168,南亞技術學院,D 日,B 四技,3048,1664,1384,330,268,337,275,386,332,471,422,0,0,0,0,0,0,140,87,03 桃園市,2 技職
105,1168,南亞技術學院,N 修,B 四技,1036,688,348,179,69,161,64,159,94,140,93,0,0,0,0,0,0,49,28,03 桃園市,2 技職
105,1168,南亞技術學院,N 修,2 二專,67,58,9,58,9,0,0,0,0,0,0,0,0,0,0,0,0,0,0,03 桃園市,2 技職
105,1168,南亞技術學院,D 日,5 五專,245,129,116,56,48,73,68,0,0,0,0,0,0,0,0,0,0,0,0,03 桃園市,2 技職
105,1176,稻江科技暨管理學院,D 日,M 碩士,67,32,35,14,22,15,10,0,3,0,0,3,0,0,0,0,0,0,0,10 嘉義縣,1 一般
105,1176,稻江科技暨管理學院,N 職,M 碩士,48,26,22,17,10,8,11,1,1,0,0,0,0,0,0,0,0,0,0,10 嘉義縣,1 一般
105,1176,稻江科技暨管理學院,D 日,B 學士,1352,687,665,248,258,122,110,151,155,132,116,0,0,0,0,0,0,34,26,10 嘉義縣,1 一般
105,1176,稻江科技暨管理學院,P 進,B 學士,624,248,376,69,94,50,69,55,103,62,103,0,0,0,0,0,0,12,7,10 嘉義縣,1 一般
105,1176,稻江科技暨管理學院,N 修,C 二技,95,17,78,0,0,0,0,7,35,8,39,0,0,0,0,0,0,2,4,10 嘉義縣,2 技職
105,1179,德霖技術學院,D 日,B 四技,3026,1764,1262,397,242,434,317,451,348,368,308,0,0,0,0,0,0,114,47,01 新北市,2 技職
105,1179,德霖技術學院,N 修,B 四技,1562,1035,527,374,200,232,117,165,94,203,97,0,0,0,0,0,0,61,19,01 新北市,2 技職
105,1179,德霖技術學院,D 日,C 二技,75,20,55,0,0,0,0,8,31,10,22,0,0,0,0,0,0,2,2,01 新北市,2 技職
105,1179,德霖技術學院,N 修,C 二技,471,318,153,0,0,0,0,155,90,153,61,0,0,0,0,0,0,10,2,01 新北市,2 技職
105,1179,德霖技術學院,N 修,2 二專,398,208,190,101,70,92,112,0,0,0,0,0,0,0,0,0,0,15,8,01 新北市,2 技職
105,1179,德霖技術學院,D 日,5 五專,1725,1108,617,247,119,210,114,189,121,211,122,231,127,0,0,0,0,20,14,01 新北市,2 技職
105,1182,蘭陽技術學院,D 日,B 四技,770,439,331,93,98,84,50,77,76,152,85,0,0,0,0,0,0,33,22,02 宜蘭縣,2 技職
105,1182,蘭陽技術學院,D 日,C 二技,25,16,9,0,0,0,0,0,0,14,9,0,0,0,0,0,0,2,0,02 宜蘭縣,2 技職
105,1182,蘭陽技術學院,N 修,2 二專,1,1,0,0,0,0,0,0,0,0,0,0,0,0,0,0,0,1,0,02 宜蘭縣,2 技職
105,1182,蘭陽技術學院,D 日,5 五專,667,415,252,109,58,85,67,33,22,75,41,92,60,0,0,0,0,21,4,02 宜蘭縣,2 技職
105,1183,黎明技術學院,D 日,B 四技,2935,1580,1355,399,389,354,354,375,322,384,265,0,0,0,0,0,0,68,25,01 新北市,2 技職
105,1183,黎明技術學院,N 修,B 四技,758,525,233,161,89,131,39,122,52,85,45,0,0,0,0,0,0,26,8,01 新北市,2 技職
105,1183,黎明技術學院,D 日,C 二技,9,0,9,0,0,0,0,0,0,0,9,0,0,0,0,0,0,0,0,01 新北市,2 技職
105,1183,黎明技術學院,N 修,C 二技,109,6,103,0,0,0,0,1,49,5,54,0,0,0,0,0,0,0,0,01 新北市,2 技職
105,1183,黎明技術學院,N 修,2 二專,73,10,63,9,61,1,2,0,0,0,0,0,0,0,0,0,0,0,0,01 新北市,2 技職
105,1183,黎明技術學院,D 日,5 五專,825,711,114,96,19,142,17,139,25,155,23,155,23,0,0,0,0,24,7,01 新北市,2 技職
105,1184,東方設計學院,D 日,D 博士,24,13,11,6,6,5,4,2,1,0,0,0,0,0,0,0,0,0,0,12 高雄市,2 技職
105,1184,東方設計學院,D 日,M 碩士,108,47,61,22,38,18,15,6,5,1,3,0,0,0,0,0,0,0,0,12 高雄市,2 技職
105,1184,東方設計學院,N 職,M 碩士,36,25,11,9,6,10,2,4,3,2,0,0,0,0,0,0,0,0,0,12 高雄市,2 技職
105,1184,東方設計學院,D 日,B 四技,1640,798,842,170,149,197,173,181,227,205,255,4,4,0,0,0,0,41,34,12 高雄市,2 技職
105,1184,東方設計學院,N 修,B 四技,155,68,87,24,38,23,30,8,7,13,10,0,0,0,0,0,0,0,2,12 高雄市,2 技職
105,1184,東方設計學院,D 日,C 二技,38,21,17,0,0,0,0,8,12,12,5,0,0,0,0,0,0,1,0,12 高雄市,2 技職
105,1184,東方設計學院,D 日,5 五專,1595,670,925,127,150,173,208,113,178,128,214,121,169,0,0,0,0,8,6,12 高雄市,2 技職
105,1185,經國管理暨健康學院,D 日,M 碩士,24,7,17,4,6,1,8,2,3,0,0,0,0,0,0,0,0,0,0,17 基隆市,2 技職
105,1185,經國管理暨健康學院,N 職,M 碩士,47,13,34,7,13,5,14,0,6,1,1,0,0,0,0,0,0,0,0,17 基隆市,2 技職
105,1185,經國管理暨健康學院,D 日,B 四技,1851,679,1172,189,350,133,310,160,244,146,238,0,0,0,0,0,0,51,30,17 基隆市,2 技職
105,1185,經國管理暨健康學院,N 修,B 四技,270,115,155,22,13,35,65,23,36,24,30,0,0,0,0,0,0,11,11,17 基隆市,2 技職
105,1185,經國管理暨健康學院,D 日,C 二技,123,8,115,0,0,0,0,6,54,2,61,0,0,0,0,0,0,0,0,17 基隆市,2 技職
105,1185,經國管理暨健康學院,N 修,C 二技,179,9,170,0,0,0,0,3,97,6,69,0,0,0,0,0,0,0,4,17 基隆市,2 技職
105,1185,經國管理暨健康學院,D 日,5 五專,1628,404,1224,106,221,100,246,65,243,61,240,65,245,0,0,0,0,7,29,17 基隆市,2 技職
105,1187,崇右技術學院,D 日,M 碩士,78,37,41,19,21,18,20,0,0,0,0,0,0,0,0,0,0,0,0,17 基隆市,2 技職
105,1187,崇右技術學院,D 日,B 四技,2290,1089,1201,259,295,281,301,242,273,220,252,0,0,0,0,0,0,87,80,17 基隆市,2 技職
105,1187,崇右技術學院,D 日,5 五專,544,219,325,41,43,43,45,41,43,50,64,37,118,0,0,0,0,7,12,17 基隆市,2 技職
105,1188,大同技術學院,D 日,B 四技,1545,719,826,152,198,187,187,163,209,192,215,0,0,0,0,0,0,25,17,20 嘉義市,2 技職
105,1188,大同技術學院,N 修,B 四技,343,133,210,42,53,24,38,28,52,32,61,0,0,0,0,0,0,7,6,20 嘉義市,2 技職
105,1188,大同技術學院,N 修,C 二技,289,70,219,0,0,0,0,45,102,23,116,0,0,0,0,0,0,2,1,20 嘉義市,2 技職
105,1188,大同技術學院,N 修,2 二專,32,14,18,8,10,6,7,0,0,0,0,0,0,0,0,0,0,0,1,20 嘉義市,2 技職
105,1188,大同技術學院,D 日,5 五專,225,121,104,18,17,25,20,21,14,33,30,21,23,0,0,0,0,3,0,20 嘉義市,2 技職
105,1189,亞太創意技術學院,D 日,M 碩士,76,34,42,12,26,16,9,5,6,1,1,0,0,0,0,0,0,0,0,05 苗栗縣,2 技職
105,1189,亞太創意技術學院,D 日,B 四技,589,361,228,70,43,88,48,65,44,103,78,0,0,0,0,0,0,35,15,05 苗栗縣,2 技職
105,1189,亞太創意技術學院,D 日,C 二技,190,11,179,0,0,0,0,0,0,11,179,0,0,0,0,0,0,0,0,05 苗栗縣,2 技職
105,1189,亞太創意技術學院,N 修,C 二技,408,33,375,0,0,0,0,23,238,10,137,0,0,0,0,0,0,0,0,05 苗栗縣,2 技職
105,1189,亞太創意技術學院,N 修,2 二專,147,3,144,0,26,3,117,0,0,0,0,0,0,0,0,0,0,0,1,05 苗栗縣,2 技職
105,1192,臺灣觀光學院,D 日,M 碩士,21,7,14,3,5,2,4,2,3,0,2,0,0,0,0,0,0,0,0,15 花蓮縣,2 技職
105,1192,臺灣觀光學院,D 日,B 四技,798,387,411,71,85,86,84,83,100,91,106,0,0,0,0,0,0,56,36,15 花蓮縣,2 技職
105,1192,臺灣觀光學院,N 修,B 四技,126,48,78,9,15,16,15,12,26,8,19,0,0,0,0,0,0,3,3,15 花蓮縣,2 技職
105,1192,臺灣觀光學院,D 日,C 二技,18,7,11,0,0,0,0,0,0,7,10,0,0,0,0,0,0,0,1,15 花蓮縣,2 技職
105,1192,臺灣觀光學院,N 修,C 二技,58,26,32,0,0,0,0,12,11,14,21,0,0,0,0,0,0,0,0,15 花蓮縣,2 技職
105,1192,臺灣觀光學院,D 日,2 二專,3,3,0,0,0,0,0,0,0,0,0,0,0,0,0,0,0,3,0,15 花蓮縣,2 技職
105,1192,臺灣觀光學院,N 修,2 二專,48,17,31,8,18,9,13,0,0,0,0,0,0,0,0,0,0,0,0,15 花蓮縣,2 技職
105,1192,臺灣觀光學院,D 日,5 五專,228,94,134,27,27,25,37,19,40,23,28,0,0,0,0,0,0,0,2,15 花蓮縣,2 技職
105,1195,馬偕醫學院,D 日,M 碩士,34,10,24,4,12,4,12,2,0,0,0,0,0,0,0,0,0,0,0,01 新北市,1 一般
105,1195,馬偕醫學院,D 日,B 學士,608,252,356,46,80,44,80,39,74,41,75,19,22,31,16,31,9,1,0,01 新北市,1 一般
105,1195,馬偕醫學院,N 修,C 二技,6,0,6,0,0,0,0,0,0,0,6,0,0,0,0,0,0,0,0,01 新北市,2 技職
105,1196,法鼓文理學院,D 日,D 博士,12,4,8,0,1,3,3,1,2,0,0,0,2,0,0,0,0,0,0,01 新北市,1 一般
105,1196,法鼓文理學院,D 日,M 碩士,173,53,120,25,53,19,44,4,11,5,12,0,0,0,0,0,0,0,0,01 新北市,1 一般
105,1196,法鼓文理學院,D 日,B 學士,53,16,37,7,7,4,11,5,13,0,6,0,0,0,0,0,0,0,0,01 新北市,1 一般
105,1197,台北海洋技術學院,D 日,M 碩士,43,27,16,16,14,11,2,0,0,0,0,0,0,0,0,0,0,0,0,01 新北市,2 技職
105,1197,台北海洋技術學院,D 日,B 四技,3725,1931,1794,431,387,476,456,467,454,443,444,0,0,0,0,0,0,114,53,01 新北市,2 技職
105,1197,台北海洋技術學院,N 修,B 四技,166,77,89,11,44,15,15,18,11,24,15,0,0,0,0,0,0,9,4,01 新北市,2 技職
105,1197,台北海洋技術學院,D 日,C 二技,204,153,51,0,0,0,0,74,22,77,27,0,0,0,0,0,0,2,2,01 新北市,2 技職
105,1197,台北海洋技術學院,N 修,C 二技,80,19,61,0,0,0,0,10,27,7,33,0,0,0,0,0,0,2,1,01 新北市,2 技職
105,1197,台北海洋技術學院,D 日,X 4+X,71,65,6,30,3,0,0,0,0,0,0,0,0,0,0,0,0,35,3,01 新北市,2 技職
105,1197,台北海洋技術學院,D 日,2 二專,145,137,8,60,6,68,2,0,0,0,0,0,0,0,0,0,0,9,0,01 新北市,2 技職
105,1197,台北海洋技術學院,N 修,2 二專,96,92,4,47,3,45,1,0,0,0,0,0,0,0,0,0,0,0,0,01 新北市,2 技職
105,1197,台北海洋技術學院,D 日,5 五專,1384,849,535,161,97,172,111,163,106,156,118,163,97,0,0,0,0,34,6,01 新北市,2 技職
105,1282,馬偕醫護管理專科學校,D 日,2 二專,29,6,23,0,0,5,17,0,0,0,0,0,0,0,0,0,0,1,6,30 臺北市,2 技職
105,1282,馬偕醫護管理專科學校,N 修,2 二專,280,153,127,77,64,74,61,0,0,0,0,0,0,0,0,0,0,2,2,30 臺北市,2 技職
105,1282,馬偕醫護管理專科學校,D 日,5 五專,4021,439,3582,103,750,90,736,79,701,89,683,62,651,0,0,0,0,16,61,30 臺北市,2 技職
105,1283,仁德醫護管理專科學校,N 修,2 二專,434,184,250,107,120,49,118,0,0,0,0,0,0,0,0,0,0,28,12,05 苗栗縣,2 技職
105,1283,仁德醫護管理專科學校,D 日,5 五專,6196,1383,4813,285,1028,293,957,244,923,218,894,242,825,0,0,0,0,101,186,05 苗栗縣,2 技職
105,1284,樹人醫護管理專科學校,N 修,2 二專,497,351,146,153,79,154,48,28,10,13,7,0,0,0,0,0,0,3,2,12 高雄市,2 技職
105,1284,樹人醫護管理專科學校,D 日,5 五專,6613,1577,5036,346,1116,330,1070,264,893,287,943,278,876,0,0,0,0,72,138,12 高雄市,2 技職
105,1285,慈惠醫護管理專科學校,D 日,2 二專,139,51,88,33,38,16,44,0,0,0,0,0,0,0,0,0,0,2,6,13 屏東縣,2 技職
105,1285,慈惠醫護管理專科學校,N 修,2 二專,340,147,193,66,94,62,77,8,6,2,5,0,0,0,0,0,0,9,11,13 屏東縣,2 技職
105,1285,慈惠醫護管理專科學校,D 日,5 五專,5724,1359,4365,251,876,289,860,272,784,255,801,228,844,0,0,0,0,64,200,13 屏東縣,2 技職
105,1286,耕莘健康管理專科學校,N 修,2 二專,81,0,81,0,43,0,37,0,0,0,0,0,0,0,0,0,0,0,1,01 新北市,2 技職
105,1286,耕莘健康管理專科學校,D 日,5 五專,5176,536,4640,103,962,117,940,113,886,93,875,92,886,0,0,0,0,18,91,01 新北市,2 技職
105,1287,敏惠醫護管理專科學校,D 日,5 五專,3897,475,3422,104,713,103,668,86,650,86,662,81,679,0,0,0,0,15,50,11 臺南市,2 技職
105,1288,高美醫護管理專科學校,N 修,2 二專,208,120,88,60,39,60,49,0,0,0,0,0,0,0,0,0,0,0,0,12 高雄市,2 技職
105,1288,高美醫護管理專科學校,D 日,5 五專,563,126,437,28,97,38,117,26,59,19,62,11,93,0,0,0,0,4,9,12 高雄市,2 技職
105,1289,育英醫護管理專科學校,D 日,5 五專,1962,170,1792,38,370,40,363,35,335,31,339,24,350,0,0,0,0,2,35,50 高雄市,2 技職
105,1290,崇仁醫護管理專科學校,D 日,5 五專,3478,426,3052,89,639,97,619,83,590,75,606,64,552,0,0,0,0,18,46,20 嘉義市,2 技職
105,1291,聖母醫護管理專科學校,D 日,5 五專,3525,835,2690,225,556,192,556,141,507,145,533,124,531,0,0,0,0,8,7,02 宜蘭縣,2 技職
105,1292,新生醫護管理專科學校,N 修,2 二專,94,36,58,13,26,23,31,0,0,0,0,0,0,0,0,0,0,0,1,03 桃園市,2 技職
105,1292,新生醫護管理專科學校,D 日,5 五專,5928,704,5224,172,1152,153,1101,131,938,131,981,97,972,0,0,0,0,20,80,03 桃園市,2 技職
105,3002,臺北市立大學,D 日,D 博士,255,106,149,22,16,13,27,17,23,10,17,8,19,11,17,25,30,0,0,30 臺北市,1 一般
105,3002,臺北市立大學,D 日,M 碩士,1236,401,835,128,239,123,234,65,182,55,115,18,43,12,22,0,0,0,0,30 臺北市,1 一般
105,3002,臺北市立大學,N 職,M 碩士,947,311,636,109,236,101,232,37,81,32,48,17,20,15,19,0,0,0,0,30 臺北市,1 一般
105,3002,臺北市立大學,D 日,B 學士,5193,2347,2846,600,709,556,700,527,676,480,650,0,0,0,0,0,0,184,111,30 臺北市,1 一般
106,0001,國立政治大學,D 日,D 博士,952,565,387,90,82,102,59,85,58,69,62,66,54,72,37,81,35,0,0,30 臺北市,1 一般
106,0001,國立政治大學,D 日,M 碩士,4028,1846,2182,685,760,571,699,369,456,221,267,0,0,0,0,0,0,0,0,30 臺北市,1 一般
106,0001,國立政治大學,N 職,M 碩士,1741,871,870,295,278,264,280,163,185,99,78,50,49,0,0,0,0,0,0,30 臺北市,1 一般
106,0001,國立政治大學,D 日,B 學士,9632,3934,5698,897,1299,888,1348,997,1226,858,1372,0,0,0,0,0,0,294,453,30 臺北市,1 一般
106,0002,國立清華大學,D 日,D 博士,1687,1253,434,220,77,211,83,196,58,183,59,138,43,119,45,186,69,0,0,18 新竹市,1 一般
106,0002,國立清華大學,D 日,M 碩士,4955,3100,1855,1268,714,1201,630,452,292,170,202,3,11,6,6,0,0,0,0,18 新竹市,1 一般
106,0002,國立清華大學,N 職,M 碩士,1130,423,707,176,233,134,218,47,100,25,58,19,27,13,20,9,51,0,0,18 新竹市,1 一般
106,0002,國立清華大學,D 日,B 學士,8860,4737,4123,1091,944,1164,1003,1110,1044,1108,971,0,0,0,0,0,0,264,161,18 新竹市,1 一般
106,0002,國立清華大學,D 日,X 4+X,32,21,11,21,11,0,0,0,0,0,0,0,0,0,0,0,0,0,0,18 新竹市,1 一般
106,0003,國立臺灣大學,D 日,D 博士,3616,2542,1074,413,187,427,167,385,176,365,138,299,135,290,109,363,162,0,0,30 臺北市,1 一般
106,0003,國立臺灣大學,D 日,M 碩士,10201,6188,4013,2483,1572,2312,1417,914,626,479,398,0,0,0,0,0,0,0,0,30 臺北市,1 一般
106,0003,國立臺灣大學,N 職,M 碩士,1427,930,497,345,191,276,176,176,83,52,19,30,14,51,14,0,0,0,0,30 臺北市,1 一般
106,0003,國立臺灣大學,D 日,B 學士,16557,9393,7164,2096,1642,2124,1651,2086,1614,1977,1589,157,90,136,54,103,30,714,494,30 臺北市,1 一般
106,0003,國立臺灣大學,P 進,B 學士,1,1,0,0,0,0,0,0,0,0,0,0,0,0,0,0,0,1,0,30 臺北市,1 一般
106,0004,國立臺灣師範大學,D 日,D 博士,1393,711,682,131,123,101,111,121,120,105,101,90,97,85,68,78,62,0,0,30 臺北市,3 師範
106,0004,國立臺灣師範大學,D 日,M 碩士,3956,1635,2321,590,756,550,716,302,516,193,333,0,0,0,0,0,0,0,0,30 臺北市,3 師範
106,0004,國立臺灣師範大學,N 職,M 碩士,1992,584,1408,189,421,179,405,70,225,84,189,31,94,31,74,0,0,0,0,30 臺北市,3 師範
106,0004,國立臺灣師範大學,D 日,B 學士,8085,3584,4501,866,1067,863,1094,836,1055,757,1033,0,0,0,0,0,0,262,252,30 臺北市,3 師範
106,0005,國立成功大學,D 日,D 博士,1833,1287,546,248,112,195,92,206,77,170,79,161,61,142,69,165,56,0,0,21 臺南市,1 一般
106,0005,國立成功大學,D 日,M 碩士,6595,4138,2457,1865,1035,1673,971,464,319,132,127,4,5,0,0,0,0,0,0,21 臺南市,1 一般
106,0005,國立成功大學,N 職,M 碩士,1343,855,488,290,186,243,171,183,91,84,29,55,11,0,0,0,0,0,0,21 臺南市,1 一般
106,0005,國立成功大學,D 日,B 學士,11481,7210,4271,1691,1026,1713,1039,1656,968,1602,956,48,27,54,21,43,35,403,199,21 臺南市,1 一般
106,0006,國立中興大學,D 日,D 博士,989,703,286,100,53,108,42,95,38,100,40,90,33,78,31,132,49,0,0,19 臺中市,1 一般
106,0006,國立中興大學,D 日,M 碩士,3321,1994,1327,850,555,808,525,246,165,88,78,2,4,0,0,0,0,0,0,19 臺中市,1 一般
106,0006,國立中興大學,N 職,M 碩士,1544,1028,516,350,192,324,187,147,60,100,49,107,28,0,0,0,0,0,0,19 臺中市,1 一般
106,0006,國立中興大學,D 日,B 學士,8073,4733,3340,1108,806,1124,799,1165,814,1073,788,40,32,0,0,0,0,223,101,19 臺中市,1 一般
106,0006,國立中興大學,P 進,B 學士,950,401,549,79,122,101,114,82,127,78,114,46,62,0,0,0,0,15,10,19 臺中市,1 一般
106,0007,國立交通大學,D 日,D 博士,1701,1359,342,273,78,244,43,189,66,182,48,166,34,134,26,171,47,0,0,18 新竹市,1 一般
106,0007,國立交通大學,D 日,M 碩士,5543,3815,1728,1431,670,1349,615,812,307,223,135,0,1,0,0,0,0,0,0,18 新竹市,1 一般
106,0007,國立交通大學,N 職,M 碩士,1470,1029,441,347,169,316,161,175,58,80,34,111,19,0,0,0,0,0,0,18 新竹市,1 一般
106,0007,國立交通大學,D 日,B 學士,5455,3815,1640,902,411,924,411,932,380,900,400,0,0,0,0,0,0,157,38,18 新竹市,1 一般
106,0008,國立中央大學,D 日,D 博士,1034,760,274,145,58,148,60,108,46,102,38,84,24,79,15,94,33,0,0,03 桃園市,1 一般
106,0008,國立中央大學,D 日,M 碩士,3448,2289,1159,989,496,908,462,314,151,78,49,0,1,0,0,0,0,0,0,03 桃園市,1 一般
106,0008,國立中央大學,N 職,M 碩士,1325,831,494,286,209,311,165,123,66,71,33,40,21,0,0,0,0,0,0,03 桃園市,1 一般
106,0008,國立中央大學,D 日,B 學士,6117,3917,2200,972,531,949,532,934,524,904,540,0,0,0,0,0,0,158,73,03 桃園市,1 一般
106,0009,國立中山大學,D 日,D 博士,798,545,253,101,49,102,35,81,38,68,34,79,29,54,35,60,33,0,0,50 高雄市,1 一般
106,0009,國立中山大學,D 日,M 碩士,2901,1818,1083,756,416,684,394,261,186,117,87,0,0,0,0,0,0,0,0,50 高雄市,1 一般
106,0009,國立中山大學,N 職,M 碩士,1027,522,505,220,200,192,166,63,73,47,66,0,0,0,0,0,0,0,0,50 高雄市,1 一般
106,0009,國立中山大學,D 日,B 學士,4740,2952,1788,713,394,689,439,695,427,684,452,0,0,0,0,0,0,171,76,50 高雄市,1 一般
106,0012,國立臺灣海洋大學,D 日,D 博士,292,223,69,46,19,41,8,28,15,33,6,18,7,16,4,41,10,0,0,17 基隆市,1 一般
106,0012,國立臺灣海洋大學,D 日,M 碩士,1393,920,473,389,209,354,178,134,58,28,20,10,6,5,2,0,0,0,0,17 基隆市,1 一般
106,0012,國立臺灣海洋大學,N 職,M 碩士,566,350,216,117,81,146,87,54,32,16,11,13,3,2,1,2,1,0,0,17 基隆市,1 一般
106,0012,國立臺灣海洋大學,D 日,B 學士,5737,3986,1751,978,442,945,433,970,410,927,423,0,0,0,0,0,0,166,43,17 基隆市,1 一般
106,0012,國立臺灣海洋大學,P 進,B 學士,503,277,226,58,51,67,53,70,51,53,51,0,0,0,0,0,0,29,20,17 基隆市,1 一般
106,0012,國立臺灣海洋大學,N 修,X 4+X,161,133,28,63,11,68,17,0,0,0,0,0,0,0,0,0,0,2,0,17 基隆市,1 一般
106,0013,國立中正大學,D 日,D 博士,588,400,188,69,42,67,31,66,36,50,22,52,24,43,17,53,16,0,0,10 嘉義縣,1 一般
106,0013,國立中正大學,D 日,M 碩士,2826,1764,1062,710,421,664,358,271,168,118,112,1,3,0,0,0,0,0,0,10 嘉義縣,1 一般
106,0013,國立中正大學,N 職,M 碩士,1370,658,712,211,260,215,222,112,108,50,66,70,56,0,0,0,0,0,0,10 嘉義縣,1 一般
106,0013,國立中正大學,D 日,B 學士,6728,3670,3058,847,728,932,739,892,748,833,745,0,0,0,0,0,0,166,98,10 嘉義縣,1 一般
106,0014,國立高雄師範大學,D 日,D 博士,450,225,225,43,41,39,42,28,35,35,27,27,30,25,22,28,28,0,0,50 高雄市,3 師範
106,0014,國立高雄師範大學,D 日,M 碩士,1378,505,873,196,280,142,231,93,178,62,146,11,29,1,8,0,1,0,0,50 高雄市,3 師範
106,0014,國立高雄師範大學,N 職,M 碩士,1339,463,876,171,303,140,222,81,191,35,65,21,46,15,49,0,0,0,0,50 高雄市,3 師範
106,0014,國立高雄師範大學,D 日,B 學士,3487,1657,1830,398,469,414,426,402,447,388,443,0,0,0,0,0,0,55,45,50 高雄市,3 師範
106,0015,國立彰化師範大學,D 日,D 博士,477,286,191,55,38,54,29,46,34,44,24,36,22,29,27,22,17,0,0,07 彰化縣,3 師範
106,0015,國立彰化師範大學,D 日,M 碩士,1510,762,748,305,268,252,228,144,156,61,96,0,0,0,0,0,0,0,0,07 彰化縣,3 師範
106,0015,國立彰化師範大學,N 職,M 碩士,1353,594,759,195,271,188,250,91,99,34,46,24,43,62,50,0,0,0,0,07 彰化縣,3 師範
106,0015,國立彰化師範大學,D 日,B 學士,4895,2540,2355,615,587,587,579,629,560,576,570,0,0,0,0,0,0,133,59,07 彰化縣,3 師範
106,0016,國立陽明大學,D 日,D 博士,864,503,361,79,58,101,52,81,57,80,50,47,55,46,43,69,46,0,0,30 臺北市,1 一般
106,0016,國立陽明大學,D 日,M 碩士,1226,493,733,214,331,190,271,59,86,30,42,0,3,0,0,0,0,0,0,30 臺北市,1 一般
106,0016,國立陽明大學,N 職,M 碩士,135,43,92,17,34,19,31,4,20,1,3,2,4,0,0,0,0,0,0,30 臺北市,1 一般
106,0016,國立陽明大學,D 日,B 學士,2107,1160,947,217,184,217,191,198,185,215,190,104,67,112,64,79,52,18,14,30 臺北市,1 一般
106,0017,國立臺北大學,D 日,D 博士,214,142,72,28,15,26,13,18,13,15,10,21,5,9,7,25,9,0,0,01 新北市,1 一般
106,0017,國立臺北大學,D 日,M 碩士,1346,667,679,255,257,237,228,106,122,67,67,2,5,0,0,0,0,0,0,01 新北市,1 一般
106,0017,國立臺北大學,N 職,M 碩士,456,205,251,88,92,71,99,23,34,17,15,6,11,0,0,0,0,0,0,01 新北市,1 一般
106,0017,國立臺北大學,D 日,B 學士,5878,2674,3204,643,757,646,754,660,747,586,811,0,0,0,0,0,0,139,135,01 新北市,1 一般
106,0017,國立臺北大學,P 進,B 學士,1959,752,1207,207,320,170,312,187,308,114,185,6,19,0,0,0,0,68,63,01 新北市,1 一般
106,0018,國立嘉義大學,D 日,D 博士,181,98,83,20,16,23,10,16,15,13,14,9,3,6,7,11,18,0,0,20 嘉義市,1 一般
106,0018,國立嘉義大學,D 日,M 碩士,1355,621,734,194,257,227,241,119,139,81,97,0,0,0,0,0,0,0,0,20 嘉義市,1 一般
106,0018,國立嘉義大學,N 職,M 碩士,938,386,552,154,205,112,177,55,99,65,70,0,0,0,0,0,1,0,0,20 嘉義市,1 一般
106,0018,國立嘉義大學,D 日,B 學士,7830,4036,3794,946,939,980,915,978,925,942,921,27,21,0,0,0,0,163,73,20 嘉義市,1 一般
106,0018,國立嘉義大學,P 進,B 學士,2095,1264,831,345,193,298,182,307,206,232,210,0,0,0,0,0,0,82,40,20 嘉義市,1 一般
106,0019,國立高雄大學,D 日,D 博士,24,22,2,4,1,6,0,3,0,2,0,4,1,2,0,1,0,0,0,50 高雄市,1 一般
106,0019,國立高雄大學,D 日,M 碩士,646,420,226,154,97,167,77,64,35,35,17,0,0,0,0,0,0,0,0,50 高雄市,1 一般
106,0019,國立高雄大學,N 職,M 碩士,473,303,170,113,60,95,61,44,28,25,13,15,6,11,2,0,0,0,0,50 高雄市,1 一般
106,0019,國立高雄大學,D 日,B 學士,4193,2379,1814,562,445,589,426,574,445,547,449,0,0,0,0,0,0,107,49,50 高雄市,1 一般
106,0019,國立高雄大學,N 修,C 二技,170,106,64,0,0,0,0,46,21,27,25,0,0,0,0,0,0,33,18,50 高雄市,2 技職
106,0020,國立東華大學,D 日,D 博士,346,224,122,27,20,60,25,27,25,36,16,33,13,21,9,20,14,0,0,15 花蓮縣,1 一般
106,0020,國立東華大學,D 日,M 碩士,1582,826,756,238,236,292,250,171,144,116,113,9,6,0,7,0,0,0,0,15 花蓮縣,1 一般
106,0020,國立東華大學,N 職,M 碩士,567,261,306,74,80,90,104,42,51,21,30,18,20,15,21,1,0,0,0,15 花蓮縣,1 一般
106,0020,國立東華大學,D 日,B 學士,7659,3747,3912,890,945,841,950,883,933,869,912,0,0,0,0,0,0,264,172,15 花蓮縣,1 一般
106,0021,國立暨南國際大學,D 日,D 博士,346,196,150,31,29,37,27,23,25,25,23,30,13,19,20,31,13,0,0,08 南投縣,1 一般
106,0021,國立暨南國際大學,D 日,M 碩士,903,462,441,161,140,149,126,90,79,62,96,0,0,0,0,0,0,0,0,08 南投縣,1 一般
106,0021,國立暨南國際大學,N 職,M 碩士,437,202,235,82,87,80,84,18,30,11,18,8,10,3,6,0,0,0,0,08 南投縣,1 一般
106,0021,國立暨南國際大學,D 日,B 學士,4675,2194,2481,525,611,512,638,553,589,506,573,0,0,0,0,0,0,98,70,08 南投縣,1 一般
106,0022,國立臺灣科技大學,D 日,D 博士,1013,806,207,211,55,178,58,129,30,95,26,84,22,55,11,54,5,0,0,30 臺北市,2 技職
106,0022,國立臺灣科技大學,N 職,D 博士,11,10,1,0,0,0,0,0,0,0,0,0,0,0,0,10,1,0,0,30 臺北市,2 技職
106,0022,國立臺灣科技大學,D 日,M 碩士,3469,2442,1027,1117,508,1050,398,227,97,48,24,0,0,0,0,0,0,0,0,30 臺北市,2 技職
106,0022,國立臺灣科技大學,N 職,M 碩士,786,531,255,212,115,198,103,57,26,58,10,4,1,2,0,0,0,0,0,30 臺北市,2 技職
106,0022,國立臺灣科技大學,D 日,B 四技,5581,3900,1681,987,402,974,387,907,434,831,397,0,0,0,0,0,0,201,61,30 臺北市,2 技職
106,0022,國立臺灣科技大學,D 日,C 二技,147,55,92,0,0,0,0,31,48,24,36,0,0,0,0,0,0,0,8,30 臺北市,2 技職
106,0022,國立臺灣科技大學,N 修,C 二技,11,1,10,0,0,0,0,0,0,0,0,0,0,0,0,0,0,1,10,30 臺北市,2 技職
106,0022,國立臺灣科技大學,D 日,X 4+X,1,0,1,0,0,0,0,0,0,0,0,0,0,0,0,0,0,0,1,30 臺北市,2 技職
106,0023,國立雲林科技大學,D 日,D 博士,429,285,144,52,28,42,24,46,25,44,22,30,16,34,15,37,14,0,0,09 雲林縣,2 技職
106,0023,國立雲林科技大學,D 日,M 碩士,1973,1271,702,552,278,510,262,154,120,55,42,0,0,0,0,0,0,0,0,09 雲林縣,2 技職
106,0023,國立雲林科技大學,N 職,M 碩士,727,414,313,149,115,175,137,44,28,30,16,16,17,0,0,0,0,0,0,09 雲林縣,2 技職
106,0023,國立雲林科技大學,D 日,B 四技,6320,3783,2537,902,639,974,617,906,624,882,584,0,0,0,0,0,0,119,73,09 雲林縣,2 技職
106,0023,國立雲林科技大學,N 修,B 四技,45,22,23,22,23,0,0,0,0,0,0,0,0,0,0,0,0,0,0,09 雲林縣,2 技職
106,0023,國立雲林科技大學,D 日,C 二技,221,94,127,0,0,0,0,51,58,38,62,0,0,0,0,0,0,5,7,09 雲林縣,2 技職
106,0024,國立屏東科技大學,D 日,D 博士,252,167,85,30,14,29,17,33,11,21,17,15,9,13,11,26,6,0,0,13 屏東縣,2 技職
106,0024,國立屏東科技大學,D 日,M 碩士,1153,689,464,303,194,254,176,98,66,28,24,5,4,1,0,0,0,0,0,13 屏東縣,2 技職
106,0024,國立屏東科技大學,N 職,M 碩士,475,329,146,155,55,94,68,35,12,24,4,14,4,7,3,0,0,0,0,13 屏東縣,2 技職
106,0024,國立屏東科技大學,D 日,B 四技,7776,4049,3727,1014,870,941,872,955,933,953,924,39,62,0,0,0,0,147,66,13 屏東縣,2 技職
106,0024,國立屏東科技大學,N 修,B 四技,1521,807,714,185,181,194,153,181,183,159,144,0,0,0,0,0,0,88,53,13 屏東縣,2 技職
106,0024,國立屏東科技大學,D 日,C 二技,10,3,7,0,0,0,0,1,2,1,5,0,0,0,0,0,0,1,0,13 屏東縣,2 技職
106,0025,國立臺北科技大學,D 日,D 博士,722,576,146,101,23,104,23,97,19,79,21,63,23,61,11,71,26,0,0,30 臺北市,2 技職
106,0025,國立臺北科技大學,D 日,M 碩士,2783,2097,686,950,318,934,284,181,61,32,23,0,0,0,0,0,0,0,0,30 臺北市,2 技職
106,0025,國立臺北科技大學,N 職,M 碩士,1474,1071,403,411,172,344,150,181,44,85,29,44,7,6,1,0,0,0,0,30 臺北市,2 技職
106,0025,國立臺北科技大學,D 日,B 四技,5982,4161,1821,1082,481,1056,463,1018,412,976,457,0,0,0,0,0,0,29,8,30 臺北市,2 技職
106,0025,國立臺北科技大學,N 修,B 四技,1586,1331,255,447,95,382,74,277,43,221,42,0,0,0,0,0,0,4,1,30 臺北市,2 技職
106,0025,國立臺北科技大學,D 日,C 二技,85,39,46,0,0,0,0,22,28,16,18,0,0,0,0,0,0,1,0,30 臺北市,2 技職
106,0025,國立臺北科技大學,N 修,C 二技,341,215,126,0,0,0,0,40,18,118,79,15,8,0,0,0,0,42,21,30 臺北市,2 技職
106,0026,國立高雄第一科技大學,D 日,D 博士,227,175,52,24,9,26,10,34,8,32,9,16,6,16,5,27,5,0,0,12 高雄市,2 技職
106,0026,國立高雄第一科技大學,D 日,M 碩士,1052,645,407,282,191,257,143,78,57,28,16,0,0,0,0,0,0,0,0,12 高雄市,2 技職
106,0026,國立高雄第一科技大學,N 職,M 碩士,714,502,212,192,80,145,77,79,37,42,10,30,6,14,2,0,0,0,0,12 高雄市,2 技職
106,0026,國立高雄第一科技大學,D 日,B 四技,5639,2890,2749,759,669,717,682,632,666,667,680,0,0,0,0,0,0,115,52,12 高雄市,2 技職
106,0026,國立高雄第一科技大學,D 日,C 二技,172,52,120,0,0,0,0,21,60,29,57,0,0,0,0,0,0,2,3,12 高雄市,2 技職
106,0027,國立高雄應用科技大學,D 日,D 博士,290,239,51,48,10,43,20,54,8,29,8,32,2,17,1,16,2,0,0,50 高雄市,2 技職
106,0027,國立高雄應用科技大學,D 日,M 碩士,1171,831,340,333,153,399,144,77,32,20,11,2,0,0,0,0,0,0,0,50 高雄市,2 技職
106,0027,國立高雄應用科技大學,N 職,M 碩士,1132,717,415,298,177,272,201,85,21,44,11,13,4,5,1,0,0,0,0,50 高雄市,2 技職
106,0027,國立高雄應用科技大學,D 日,B 四技,7280,4709,2571,1150,592,1148,620,1152,639,1096,664,0,0,0,0,0,0,163,56,50 高雄市,2 技職
106,0027,國立高雄應用科技大學,N 修,B 四技,1519,1011,508,307,174,243,136,214,107,161,74,0,0,0,0,0,0,86,17,50 高雄市,2 技職
106,0027,國立高雄應用科技大學,D 日,C 二技,100,68,32,0,0,0,0,30,15,36,15,0,0,0,0,0,0,2,2,50 高雄市,2 技職
106,0027,國立高雄應用科技大學,N 修,C 二技,330,145,185,0,0,0,0,54,67,83,106,0,0,0,0,0,0,8,12,50 高雄市,2 技職
106,0028,國立臺北藝術大學,D 日,D 博士,86,27,59,10,11,4,13,2,12,5,6,3,5,3,7,0,5,0,0,30 臺北市,1 一般
106,0028,國立臺北藝術大學,D 日,M 碩士,956,350,606,112,168,93,170,88,159,57,109,0,0,0,0,0,0,0,0,30 臺北市,1 一般
106,0028,國立臺北藝術大學,N 職,M 碩士,193,66,127,17,44,20,35,13,30,9,10,7,8,0,0,0,0,0,0,30 臺北市,1 一般
106,0028,國立臺北藝術大學,D 日,B 學士,1754,614,1140,154,237,121,270,135,249,116,255,0,0,0,0,0,0,88,129,30 臺北市,1 一般
106,0028,國立臺北藝術大學,D 日,X 4+X,67,28,39,16,12,12,25,0,0,0,0,0,0,0,0,0,0,0,2,30 臺北市,1 一般
106,0028,國立臺北藝術大學,D 日,5 七年,75,34,41,8,15,13,14,13,12,0,0,0,0,0,0,0,0,0,0,30 臺北市,1 一般
106,0029,國立臺灣藝術大學,D 日,D 博士,112,54,58,16,17,13,12,9,9,12,7,2,6,1,3,1,4,0,0,01 新北市,1 一般
106,0029,國立臺灣藝術大學,D 日,M 碩士,754,273,481,78,141,74,141,71,129,50,70,0,0,0,0,0,0,0,0,01 新北市,1 一般
106,0029,國立臺灣藝術大學,N 職,M 碩士,429,171,258,39,71,59,61,37,50,24,40,10,25,2,11,0,0,0,0,01 新北市,1 一般
106,0029,國立臺灣藝術大學,D 日,B 學士,2438,699,1739,149,397,155,386,146,395,158,383,0,0,0,0,0,0,91,178,01 新北市,1 一般
106,0029,國立臺灣藝術大學,P 進,B 學士,1579,502,1077,120,264,114,238,103,253,108,225,0,0,0,0,0,0,57,97,01 新北市,1 一般
106,0029,國立臺灣藝術大學,N 修,C 二技,371,94,277,0,0,0,0,38,123,35,104,0,0,0,0,0,0,21,50,01 新北市,2 技職
106,0030,國立臺東大學,D 日,D 博士,41,14,27,3,5,1,5,4,3,1,2,1,5,1,5,3,2,0,0,14 臺東縣,1 一般
106,0030,國立臺東大學,D 日,M 碩士,334,136,198,46,78,52,43,26,45,12,30,0,2,0,0,0,0,0,0,14 臺東縣,1 一般
106,0030,國立臺東大學,N 職,M 碩士,542,158,384,57,147,57,137,25,40,10,33,5,18,3,2,1,7,0,0,14 臺東縣,1 一般
106,0030,國立臺東大學,D 日,B 學士,3526,1732,1794,433,436,412,435,412,440,383,437,0,0,0,0,0,0,92,46,14 臺東縣,1 一般
106,0030,國立臺東大學,P 進,B 學士,173,78,95,22,30,15,26,16,19,18,18,0,0,0,0,0,0,7,2,14 臺東縣,1 一般
106,0031,國立宜蘭大學,D 日,D 博士,12,10,2,2,1,2,0,0,0,1,1,1,0,2,0,2,0,0,0,02 宜蘭縣,1 一般
106,0031,國立宜蘭大學,D 日,M 碩士,474,329,145,132,59,127,60,50,20,19,6,1,0,0,0,0,0,0,0,02 宜蘭縣,1 一般
106,0031,國立宜蘭大學,N 職,M 碩士,197,141,56,49,19,42,26,24,7,12,4,9,0,5,0,0,0,0,0,02 宜蘭縣,1 一般
106,0031,國立宜蘭大學,D 日,B 學士,4450,2886,1564,730,376,727,377,685,384,636,397,0,0,0,0,0,0,108,30,02 宜蘭縣,1 一般
106,0031,國立宜蘭大學,P 進,B 學士,378,255,123,78,29,52,33,51,27,59,26,0,0,0,0,0,0,15,8,02 宜蘭縣,1 一般
106,0032,國立聯合大學,D 日,D 博士,12,12,0,3,0,3,0,3,0,1,0,0,0,2,0,0,0,0,0,05 苗栗縣,1 一般
106,0032,國立聯合大學,D 日,M 碩士,410,289,121,121,52,110,50,44,11,12,7,2,1,0,0,0,0,0,0,05 苗栗縣,1 一般
106,0032,國立聯合大學,N 職,M 碩士,3,1,2,1,2,0,0,0,0,0,0,0,0,0,0,0,0,0,0,05 苗栗縣,1 一般
106,0032,國立聯合大學,D 日,B 學士,6051,4169,1882,1003,462,998,466,988,456,973,456,31,13,0,0,0,0,176,29,05 苗栗縣,1 一般
106,0032,國立聯合大學,P 進,B 學士,1253,746,507,179,125,171,123,174,125,153,110,0,0,0,0,0,0,69,24,05 苗栗縣,1 一般
106,0033,國立虎尾科技大學,D 日,D 博士,33,25,8,7,2,5,1,4,2,4,0,4,2,0,1,1,0,0,0,09 雲林縣,2 技職
106,0033,國立虎尾科技大學,D 日,M 碩士,855,683,172,278,94,320,65,67,10,18,3,0,0,0,0,0,0,0,0,09 雲林縣,2 技職
106,0033,國立虎尾科技大學,N 職,M 碩士,199,142,57,51,25,46,21,34,6,6,1,5,4,0,0,0,0,0,0,09 雲林縣,2 技職
106,0033,國立虎尾科技大學,D 日,B 四技,7236,5459,1777,1409,414,1321,428,1279,430,1224,469,0,0,0,0,0,0,226,36,09 雲林縣,2 技職
106,0033,國立虎尾科技大學,N 修,B 四技,1580,1268,312,392,99,388,80,230,63,203,63,0,0,0,0,0,0,55,7,09 雲林縣,2 技職
106,0033,國立虎尾科技大學,D 日,C 二技,180,138,42,0,0,0,0,72,24,65,18,0,0,0,0,0,0,1,0,09 雲林縣,2 技職
106,0033,國立虎尾科技大學,N 修,C 二技,105,53,52,0,0,0,0,29,30,22,21,0,0,0,0,0,0,2,1,09 雲林縣,2 技職
106,0034,國立高雄海洋科技大學,D 日,D 博士,28,22,6,9,1,6,5,4,0,3,0,0,0,0,0,0,0,0,0,50 高雄市,2 技職
106,0034,國立高雄海洋科技大學,D 日,M 碩士,317,204,113,88,43,71,49,37,17,8,4,0,0,0,0,0,0,0,0,50 高雄市,2 技職
106,0034,國立高雄海洋科技大學,N 職,M 碩士,169,124,45,60,17,48,18,8,6,8,4,0,0,0,0,0,0,0,0,50 高雄市,2 技職
106,0034,國立高雄海洋科技大學,D 日,B 四技,4590,2954,1636,741,392,718,397,674,390,665,418,0,0,0,0,0,0,156,39,50 高雄市,2 技職
106,0034,國立高雄海洋科技大學,N 修,B 四技,1837,1282,555,383,104,298,119,240,137,239,157,0,0,0,0,0,0,122,38,50 高雄市,2 技職
106,0034,國立高雄海洋科技大學,D 日,C 二技,212,185,27,0,0,0,0,85,10,77,15,0,0,0,0,0,0,23,2,50 高雄市,2 技職
106,0034,國立高雄海洋科技大學,D 日,X 4+X,33,32,1,30,1,0,0,0,0,0,0,0,0,0,0,0,0,2,0,50 高雄市,2 技職
106,0034,國立高雄海洋科技大學,D 日,5 五專,508,422,86,81,20,83,16,81,16,79,20,78,14,0,0,0,0,20,0,50 高雄市,2 技職
106,0035,國立臺南藝術大學,D 日,D 博士,38,19,19,4,3,2,3,3,2,1,3,5,1,2,2,2,5,0,0,11 臺南市,1 一般
106,0035,國立臺南藝術大學,D 日,M 碩士,540,196,344,56,96,44,107,45,66,50,72,0,1,1,1,0,1,0,0,11 臺南市,1 一般
106,0035,國立臺南藝術大學,N 職,M 碩士,48,16,32,1,10,3,6,4,2,5,4,0,4,1,4,2,2,0,0,11 臺南市,1 一般
106,0035,國立臺南藝術大學,D 日,B 學士,784,235,549,60,130,56,135,51,124,49,122,0,0,0,0,0,0,19,38,11 臺南市,1 一般
106,0035,國立臺南藝術大學,D 日,5 七年,170,67,103,20,40,24,33,23,30,0,0,0,0,0,0,0,0,0,0,11 臺南市,1 一般
106,0036,國立臺南大學,D 日,D 博士,173,80,93,17,14,11,19,15,17,12,12,14,13,3,10,8,8,0,0,21 臺南市,1 一般
106,0036,國立臺南大學,D 日,M 碩士,940,427,513,151,160,144,155,71,108,59,85,2,5,0,0,0,0,0,0,21 臺南市,1 一般
106,0036,國立臺南大學,N 職,M 碩士,683,233,450,80,162,81,125,28,91,34,45,8,24,1,1,1,2,0,0,21 臺南市,1 一般
106,0036,國立臺南大學,D 日,B 學士,3879,1786,2093,430,501,441,501,436,530,402,508,0,0,0,0,0,0,77,53,21 臺南市,1 一般
106,0036,國立臺南大學,P 進,B 學士,70,20,50,1,12,2,7,9,11,3,15,0,0,0,0,0,0,5,5,21 臺南市,1 一般
106,0037,國立臺北教育大學,D 日,D 博士,150,70,80,13,14,13,15,13,13,11,10,4,7,8,6,8,15,0,0,30 臺北市,3 師範
106,0037,國立臺北教育大學,D 日,M 碩士,1256,417,839,143,286,131,230,90,176,50,139,2,6,1,2,0,0,0,0,30 臺北市,3 師範
106,0037,國立臺北教育大學,N 職,M 碩士,1019,237,782,83,283,74,246,26,110,33,112,15,23,6,8,0,0,0,0,30 臺北市,3 師範
106,0037,國立臺北教育大學,D 日,B 學士,3383,1180,2203,297,545,281,528,267,528,277,521,0,0,0,0,0,0,58,81,30 臺北市,3 師範
106,0039,國立臺中教育大學,D 日,D 博士,124,57,67,10,6,9,10,10,10,11,9,6,13,5,6,6,13,0,0,19 臺中市,3 師範
106,0039,國立臺中教育大學,D 日,M 碩士,818,281,537,93,192,99,181,51,86,29,62,6,7,3,9,0,0,0,0,19 臺中市,3 師範
106,0039,國立臺中教育大學,N 職,M 碩士,713,176,537,56,190,45,170,26,94,25,58,11,15,13,10,0,0,0,0,19 臺中市,3 師範
106,0039,國立臺中教育大學,D 日,B 學士,3351,1194,2157,297,516,289,512,270,540,288,530,0,0,0,0,0,0,50,59,19 臺中市,3 師範
106,0042,國立澎湖科技大學,D 日,M 碩士,86,46,40,20,19,18,14,4,5,4,2,0,0,0,0,0,0,0,0,16 澎湖縣,2 技職
106,0042,國立澎湖科技大學,N 職,M 碩士,49,28,21,12,14,15,5,1,1,0,1,0,0,0,0,0,0,0,0,16 澎湖縣,2 技職
106,0042,國立澎湖科技大學,D 日,B 四技,2569,1506,1063,396,255,361,305,354,248,352,240,0,0,0,0,0,0,43,15,16 澎湖縣,2 技職
106,0042,國立澎湖科技大學,N 修,B 四技,304,138,166,40,51,27,36,29,35,33,42,0,0,0,0,0,0,9,2,16 澎湖縣,2 技職
106,0043,國立勤益科技大學,D 日,D 博士,18,16,2,2,1,3,0,2,1,3,0,3,0,3,0,0,0,0,0,06 臺中市,2 技職
106,0043,國立勤益科技大學,D 日,M 碩士,546,423,123,170,56,195,47,44,14,14,6,0,0,0,0,0,0,0,0,06 臺中市,2 技職
106,0043,國立勤益科技大學,N 職,M 碩士,285,236,49,84,23,80,21,39,4,20,1,9,0,4,0,0,0,0,0,06 臺中市,2 技職
106,0043,國立勤益科技大學,D 日,B 四技,6659,4549,2110,1130,518,1084,502,1086,553,1061,508,0,0,0,0,0,0,188,29,06 臺中市,2 技職
106,0043,國立勤益科技大學,N 修,B 四技,3574,2926,648,831,180,685,133,616,154,605,163,0,0,0,0,0,0,189,18,06 臺中市,2 技職
106,0043,國立勤益科技大學,D 日,C 二技,68,64,4,0,0,0,0,34,1,27,3,0,0,0,0,0,0,3,0,06 臺中市,2 技職
106,0043,國立勤益科技大學,N 修,C 二技,25,22,3,0,0,0,0,4,2,17,1,0,0,0,0,0,0,1,0,06 臺中市,2 技職
106,0043,國立勤益科技大學,D 日,2 二專,1,1,0,0,0,0,0,0,0,0,0,0,0,0,0,0,0,1,0,06 臺中市,2 技職
106,0044,國立體育大學,D 日,D 博士,145,96,49,20,8,17,10,21,8,11,6,12,5,8,10,7,2,0,0,03 桃園市,1 一般
106,0044,國立體育大學,D 日,M 碩士,356,179,177,59,66,61,54,34,42,25,15,0,0,0,0,0,0,0,0,03 桃園市,1 一般
106,0044,國立體育大學,N 職,M 碩士,204,110,94,47,34,38,37,18,14,6,6,1,2,0,1,0,0,0,0,03 桃園市,1 一般
106,0044,國立體育大學,D 日,B 學士,1659,1035,624,240,159,236,158,251,128,219,148,0,0,0,0,0,0,89,31,03 桃園市,1 一般
106,0044,國立體育大學,N 修,C 二年制,100,70,30,0,0,0,0,27,10,28,15,0,0,0,0,0,0,15,5,03 桃園市,1 一般
106,0046,國立臺北護理健康大學,D 日,D 博士,67,3,64,3,14,0,8,0,10,0,10,0,14,0,3,0,5,0,0,30 臺北市,2 技職
106,0046,國立臺北護理健康大學,D 日,M 碩士,571,107,464,39,153,34,136,23,100,11,75,0,0,0,0,0,0,0,0,30 臺北市,2 技職
106,0046,國立臺北護理健康大學,N 職,M 碩士,192,26,166,8,54,11,49,6,39,1,24,0,0,0,0,0,0,0,0,30 臺北市,2 技職
106,0046,國立臺北護理健康大學,D 日,B 四技,2689,644,2045,160,554,172,520,152,504,147,434,0,0,0,0,0,0,13,33,30 臺北市,2 技職
106,0046,國立臺北護理健康大學,D 日,C 二技,840,40,800,0,0,0,0,19,417,18,374,0,0,0,0,0,0,3,9,30 臺北市,2 技職
106,0046,國立臺北護理健康大學,N 修,C 二技,717,18,699,0,0,0,0,12,231,2,223,4,211,0,0,0,0,0,34,30 臺北市,2 技職
106,0046,國立臺北護理健康大學,D 日,X 4+X,1,1,0,0,0,0,0,0,0,0,0,0,0,0,0,0,0,1,0,30 臺北市,2 技職
106,0047,國立高雄餐旅大學,D 日,D 博士,30,17,13,4,5,4,0,2,1,2,6,2,1,3,0,0,0,0,0,50 高雄市,2 技職
106,0047,國立高雄餐旅大學,D 日,M 碩士,139,41,98,20,42,15,44,3,10,2,2,1,0,0,0,0,0,0,0,50 高雄市,2 技職
106,0047,國立高雄餐旅大學,N 職,M 碩士,55,33,22,12,7,13,11,7,2,1,2,0,0,0,0,0,0,0,0,50 高雄市,2 技職
106,0047,國立高雄餐旅大學,D 日,B 四技,3179,892,2287,231,554,225,568,217,567,212,584,0,0,0,0,0,0,7,14,50 高雄市,2 技職
106,0047,國立高雄餐旅大學,N 修,B 四技,1051,286,765,97,262,74,162,54,164,57,174,0,0,0,0,0,0,4,3,50 高雄市,2 技職
106,0047,國立高雄餐旅大學,D 日,C 二技,101,20,81,0,0,0,0,6,43,14,36,0,0,0,0,0,0,0,2,50 高雄市,2 技職
106,0047,國立高雄餐旅大學,N 修,C 二技,313,74,239,0,0,0,0,35,113,37,122,0,0,0,0,0,0,2,4,50 高雄市,2 技職
106,0047,國立高雄餐旅大學,N 修,X 4+X,29,9,20,9,20,0,0,0,0,0,0,0,0,0,0,0,0,0,0,50 高雄市,2 技職
106,0047,國立高雄餐旅大學,N 修,2 二專,141,52,89,0,0,49,77,0,0,0,0,0,0,0,0,0,0,3,12,50 高雄市,2 技職
106,0047,國立高雄餐旅大學,D 日,5 五專,229,86,143,17,29,21,28,20,30,17,31,9,25,0,0,0,0,2,0,50 高雄市,2 技職
106,0048,國立金門大學,D 日,M 碩士,202,130,72,50,23,46,26,26,15,8,8,0,0,0,0,0,0,0,0,71 金門縣,1 一般
106,0048,國立金門大學,N 職,M 碩士,86,61,25,32,13,13,9,11,2,5,1,0,0,0,0,0,0,0,0,71 金門縣,1 一般
106,0048,國立金門大學,D 日,B 學士,3367,1748,1619,407,345,398,425,405,402,413,389,22,14,0,0,0,0,103,44,71 金門縣,1 一般
106,0048,國立金門大學,P 進,B 學士,846,488,358,150,105,102,82,100,75,97,76,0,0,0,0,0,0,39,20,71 金門縣,1 一般
106,0049,國立臺灣體育運動大學,D 日,M 碩士,252,137,115,35,40,47,35,30,28,21,9,3,1,1,1,0,1,0,0,19 臺中市,1 一般
106,0049,國立臺灣體育運動大學,N 職,M 碩士,103,59,44,12,21,24,10,14,10,5,2,4,0,0,1,0,0,0,0,19 臺中市,1 一般
106,0049,國立臺灣體育運動大學,D 日,B 學士,2455,1475,980,348,239,335,229,329,225,302,222,0,0,0,0,0,0,161,65,19 臺中市,1 一般
106,0049,國立臺灣體育運動大學,P 進,B 學士,344,250,94,71,28,60,20,43,21,55,22,0,0,0,0,0,0,21,3,19 臺中市,1 一般
106,0050,國立臺中科技大學,D 日,M 碩士,365,160,205,72,98,64,84,22,15,2,8,0,0,0,0,0,0,0,0,19 臺中市,2 技職
106,0050,國立臺中科技大學,N 職,M 碩士,194,83,111,46,55,30,42,4,8,3,6,0,0,0,0,0,0,0,0,19 臺中市,2 技職
106,0050,國立臺中科技大學,D 日,B 四技,5404,1550,3854,379,962,414,955,344,992,331,844,0,0,0,0,0,0,82,101,19 臺中市,2 技職
106,0050,國立臺中科技大學,N 修,B 四技,2209,740,1469,184,400,180,299,161,332,173,348,0,0,0,0,0,0,42,90,19 臺中市,2 技職
106,0050,國立臺中科技大學,D 日,C 二技,1456,281,1175,0,0,0,0,132,533,137,551,0,0,0,0,0,0,12,91,19 臺中市,2 技職
106,0050,國立臺中科技大學,N 修,C 二技,385,102,283,0,0,0,0,49,128,35,132,0,0,0,0,0,0,18,23,19 臺中市,2 技職
106,0050,國立臺中科技大學,D 日,2 二專,2,0,2,0,0,0,0,0,0,0,0,0,0,0,0,0,0,0,2,19 臺中市,2 技職
106,0050,國立臺中科技大學,N 修,2 二專,80,5,75,0,1,3,54,0,0,0,0,0,0,0,0,0,0,2,20,19 臺中市,2 技職
106,0050,國立臺中科技大學,D 日,5 五專,3504,711,2793,160,511,149,505,128,564,148,594,115,589,0,0,0,0,11,30,19 臺中市,2 技職
106,0051,國立臺北商業大學,D 日,M 碩士,174,79,95,35,54,33,32,11,8,0,1,0,0,0,0,0,0,0,0,30 臺北市,2 技職
106,0051,國立臺北商業大學,N 職,M 碩士,39,19,20,14,11,4,7,1,1,0,1,0,0,0,0,0,0,0,0,30 臺北市,2 技職
106,0051,國立臺北商業大學,D 日,B 四技,2338,669,1669,180,432,172,419,140,411,163,376,0,0,0,0,0,0,14,31,30 臺北市,2 技職
106,0051,國立臺北商業大學,N 修,B 四技,670,191,479,54,129,43,111,56,99,29,116,0,0,0,0,0,0,9,24,30 臺北市,2 技職
106,0051,國立臺北商業大學,D 日,C 二技,760,144,616,0,0,0,0,70,280,68,316,0,0,0,0,0,0,6,20,30 臺北市,2 技職
106,0051,國立臺北商業大學,N 修,C 二技,812,252,560,0,0,0,0,129,263,103,264,0,0,0,0,0,0,20,33,30 臺北市,2 技職
106,0051,國立臺北商業大學,N 修,X 4+X,18,8,10,4,5,4,5,0,0,0,0,0,0,0,0,0,0,0,0,30 臺北市,2 技職
106,0051,國立臺北商業大學,N 修,2 二專,8,4,4,0,0,0,0,2,0,0,0,0,0,0,0,0,0,2,4,30 臺北市,2 技職
106,0051,國立臺北商業大學,D 日,5 五專,1911,490,1421,90,255,82,274,108,289,113,275,79,292,0,0,0,0,18,36,30 臺北市,2 技職
106,0052,國立屏東大學,D 日,D 博士,48,27,21,6,5,4,2,2,8,7,3,1,1,4,2,3,0,0,0,13 屏東縣,1 一般
106,0052,國立屏東大學,D 日,M 碩士,932,394,538,147,172,133,180,70,100,44,86,0,0,0,0,0,0,0,0,13 屏東縣,1 一般
106,0052,國立屏東大學,N 職,M 碩士,556,149,407,70,152,38,132,19,58,13,34,9,30,0,1,0,0,0,0,13 屏東縣,1 一般
106,0052,國立屏東大學,D 日,B 學士,6776,2704,4072,664,991,677,964,610,1046,635,976,0,0,0,0,0,0,118,95,13 屏東縣,1 一般
106,0052,國立屏東大學,P 進,B 學士,651,304,347,94,98,79,84,50,62,56,77,0,0,0,0,0,0,25,26,13 屏東縣,1 一般
106,0144,國立臺灣戲曲學院,D 日,B 四技,555,190,365,49,102,48,91,40,82,41,74,0,0,0,0,0,0,12,16,30 臺北市,2 技職
106,0144,國立臺灣戲曲學院,N 修,B 四技,59,28,31,6,7,4,8,11,8,7,8,0,0,0,0,0,0,0,0,30 臺北市,2 技職
106,0221,國立臺南護理專科學校,D 日,2 二專,97,5,92,0,46,3,43,0,0,0,0,0,0,0,0,0,0,2,3,21 臺南市,2 技職
106,0221,國立臺南護理專科學校,N 修,2 二專,61,7,54,5,25,2,27,0,0,0,0,0,0,0,0,0,0,0,2,21 臺南市,2 技職
106,0221,國立臺南護理專科學校,D 日,5 五專,1797,128,1669,30,333,22,340,24,343,28,320,24,320,0,0,0,0,0,13,21 臺南市,2 技職
106,0222,國立臺東專科學校,D 日,2 二專,579,439,140,231,72,196,67,0,0,0,0,0,0,0,0,0,0,12,1,14 臺東縣,2 技職
106,0222,國立臺東專科學校,N 修,2 二專,78,41,37,18,15,20,21,0,0,0,0,0,0,0,0,0,0,3,1,14 臺東縣,2 技職
106,0222,國立臺東專科學校,D 日,5 五專,587,267,320,36,65,42,73,71,65,45,49,61,59,0,0,0,0,12,9,14 臺東縣,2 技職
106,1001,東海大學,D 日,D 博士,240,136,104,25,15,20,15,25,16,15,18,20,8,19,14,12,18,0,0,19 臺中市,1 一般
106,1001,東海大學,D 日,M 碩士,1308,666,642,236,236,198,171,119,131,103,96,7,3,3,5,0,0,0,0,19 臺中市,1 一般
106,1001,東海大學,N 職,M 碩士,745,371,374,110,124,91,113,67,58,43,27,31,20,29,32,0,0,0,0,19 臺中市,1 一般
106,1001,東海大學,D 日,B 學士,13588,6192,7396,1451,1782,1506,1757,1436,1769,1393,1799,20,16,0,0,0,0,386,273,19 臺中市,1 一般
106,1001,東海大學,P 進,B 學士,548,297,251,42,42,56,45,51,59,77,54,48,40,0,0,0,0,23,11,19 臺中市,1 一般
106,1002,輔仁大學,D 日,D 博士,473,252,221,48,40,35,29,41,33,38,32,21,19,37,34,32,34,0,0,01 新北市,1 一般
106,1002,輔仁大學,D 日,M 碩士,2156,903,1253,297,399,292,379,148,260,162,198,1,8,3,9,0,0,0,0,01 新北市,1 一般
106,1002,輔仁大學,N 職,M 碩士,1653,688,965,250,308,181,287,77,127,63,93,67,67,50,83,0,0,0,0,01 新北市,1 一般
106,1002,輔仁大學,D 日,B 學士,18105,7746,10359,1803,2369,1873,2518,1791,2505,1685,2453,37,14,35,13,35,9,487,478,01 新北市,1 一般
106,1002,輔仁大學,P 進,B 學士,4565,1697,2868,394,605,404,638,361,668,330,685,0,0,0,0,0,0,208,272,01 新北市,1 一般
106,1002,輔仁大學,N 修,C 二技,65,1,64,0,0,0,0,0,35,1,28,0,0,0,0,0,0,0,1,01 新北市,2 技職
106,1003,東吳大學,D 日,D 博士,122,65,57,10,10,13,9,8,9,10,10,11,4,5,6,8,9,0,0,30 臺北市,1 一般
106,1003,東吳大學,D 日,M 碩士,1269,577,692,189,228,144,210,114,132,130,122,0,0,0,0,0,0,0,0,30 臺北市,1 一般
106,1003,東吳大學,N 職,M 碩士,1170,537,633,160,172,119,185,105,97,57,70,49,57,47,52,0,0,0,0,30 臺北市,1 一般
106,1003,東吳大學,D 日,B 學士,12175,4837,7338,1098,1698,1124,1711,1116,1771,1069,1674,119,134,0,0,0,0,311,350,30 臺北市,1 一般
106,1003,東吳大學,P 進,B 學士,1104,345,759,89,134,63,149,63,170,59,157,54,113,0,0,0,0,17,36,30 臺北市,1 一般
106,1003,東吳大學,D 日,X 4+X,10,8,2,8,2,0,0,0,0,0,0,0,0,0,0,0,0,0,0,30 臺北市,1 一般
106,1004,中原大學,D 日,D 博士,336,241,95,38,27,38,20,45,16,38,11,32,9,20,4,30,8,0,0,03 桃園市,1 一般
106,1004,中原大學,D 日,M 碩士,1620,993,627,426,268,384,206,111,89,72,64,0,0,0,0,0,0,0,0,03 桃園市,1 一般
106,1004,中原大學,N 職,M 碩士,862,547,315,212,121,152,109,80,37,31,20,45,17,27,11,0,0,0,0,03 桃園市,1 一般
106,1004,中原大學,D 日,B 學士,13472,7446,6026,1755,1421,1721,1488,1757,1437,1694,1375,71,87,0,0,0,0,448,218,03 桃園市,1 一般
106,1004,中原大學,D 日,X 4+X,52,34,18,9,5,25,12,0,0,0,0,0,0,0,0,0,0,0,1,03 桃園市,1 一般
106,1005,淡江大學,D 日,D 博士,442,295,147,53,20,50,26,51,16,37,22,43,28,19,16,42,19,0,0,01 新北市,1 一般
106,1005,淡江大學,D 日,M 碩士,1873,1067,806,451,342,363,258,155,108,98,98,0,0,0,0,0,0,0,0,01 新北市,1 一般
106,1005,淡江大學,N 職,M 碩士,1082,559,523,205,197,167,173,66,54,65,43,26,36,30,20,0,0,0,0,01 新北市,1 一般
106,1005,淡江大學,D 日,B 學士,20889,10624,10265,2497,2361,2534,2509,2459,2530,2303,2461,29,25,0,0,0,0,802,379,01 新北市,1 一般
106,1005,淡江大學,P 進,B 學士,1725,923,802,141,102,194,186,246,257,234,189,0,0,0,0,0,0,108,68,01 新北市,1 一般
106,1005,淡江大學,N 修,C 二技,21,8,13,0,0,0,0,0,0,6,11,2,1,0,0,0,0,0,1,01 新北市,2 技職
106,1006,中國文化大學,D 日,D 博士,524,337,187,43,25,49,26,37,32,45,24,36,23,49,24,78,33,0,0,30 臺北市,1 一般
106,1006,中國文化大學,D 日,M 碩士,1596,885,711,233,225,221,167,173,137,155,124,102,54,1,4,0,0,0,0,30 臺北市,1 一般
106,1006,中國文化大學,N 職,M 碩士,509,205,304,77,129,43,80,29,41,21,28,28,23,7,3,0,0,0,0,30 臺北市,1 一般
106,1006,中國文化大學,D 日,B 學士,21364,10102,11262,2394,2485,2397,2611,2218,2731,2177,2709,24,29,0,0,0,0,892,697,30 臺北市,1 一般
106,1006,中國文化大學,P 進,B 學士,1792,771,1021,205,247,145,198,177,194,150,268,0,0,0,0,0,0,94,114,30 臺北市,1 一般
106,1006,中國文化大學,N 修,C 二技,100,31,69,0,0,0,0,11,29,16,31,4,6,0,0,0,0,0,3,30 臺北市,2 技職
106,1007,逢甲大學,D 日,D 博士,440,325,115,69,25,64,19,59,23,42,23,35,5,27,9,29,11,0,0,19 臺中市,1 一般
106,1007,逢甲大學,D 日,M 碩士,1642,1133,509,497,231,452,212,136,45,47,21,1,0,0,0,0,0,0,0,19 臺中市,1 一般
106,1007,逢甲大學,N 職,M 碩士,1120,706,414,254,192,258,153,83,37,76,18,35,14,0,0,0,0,0,0,19 臺中市,1 一般
106,1007,逢甲大學,D 日,B 學士,17029,10582,6447,2482,1552,2636,1567,2547,1571,2428,1603,57,46,0,0,0,0,432,108,19 臺中市,1 一般
106,1007,逢甲大學,P 進,B 學士,915,502,413,101,70,114,89,122,118,117,102,0,0,0,0,0,0,48,34,19 臺中市,1 一般
106,1008,靜宜大學,D 日,D 博士,42,26,16,6,4,6,4,3,3,3,2,1,1,4,1,3,1,0,0,06 臺中市,1 一般
106,1008,靜宜大學,D 日,M 碩士,546,200,346,67,132,72,109,31,61,30,41,0,2,0,0,0,1,0,0,06 臺中市,1 一般
106,1008,靜宜大學,N 職,M 碩士,326,139,187,44,64,36,58,27,21,9,18,13,12,10,14,0,0,0,0,06 臺中市,1 一般
106,1008,靜宜大學,D 日,B 學士,11371,4379,6992,1016,1609,1046,1690,961,1702,984,1640,0,0,0,0,0,0,372,351,06 臺中市,1 一般
106,1008,靜宜大學,P 進,B 學士,4,1,3,0,0,0,0,0,0,0,0,0,0,0,0,0,0,1,3,06 臺中市,1 一般
106,1009,長庚大學,D 日,D 博士,525,361,164,59,24,55,28,51,25,54,23,43,15,36,19,63,30,0,0,03 桃園市,1 一般
106,1009,長庚大學,D 日,M 碩士,1160,601,559,228,211,238,183,84,90,39,54,5,9,7,12,0,0,0,0,03 桃園市,1 一般
106,1009,長庚大學,N 職,M 碩士,198,95,103,28,40,27,20,9,23,10,8,13,2,8,10,0,0,0,0,03 桃園市,1 一般
106,1009,長庚大學,D 日,B 學士,5304,2750,2554,576,611,552,627,608,543,589,523,93,65,111,47,102,50,119,88,03 桃園市,1 一般
106,1010,元智大學,D 日,D 博士,285,206,79,38,15,33,18,31,12,28,11,29,2,20,8,27,13,0,0,03 桃園市,1 一般
106,1010,元智大學,D 日,M 碩士,955,631,324,227,144,262,122,92,45,49,13,0,0,1,0,0,0,0,0,03 桃園市,1 一般
106,1010,元智大學,N 職,M 碩士,686,448,238,124,85,139,88,67,29,57,15,33,9,28,11,0,1,0,0,03 桃園市,1 一般
106,1010,元智大學,D 日,B 學士,7209,4094,3115,976,743,980,760,985,751,933,754,0,0,0,0,0,0,220,107,03 桃園市,1 一般
106,1011,中華大學,D 日,D 博士,95,73,22,12,4,10,5,13,3,16,4,7,2,6,2,9,2,0,0,18 新竹市,1 一般
106,1011,中華大學,D 日,M 碩士,550,334,216,183,158,84,36,42,11,25,11,0,0,0,0,0,0,0,0,18 新竹市,1 一般
106,1011,中華大學,N 職,M 碩士,242,146,96,61,67,63,22,15,3,7,4,0,0,0,0,0,0,0,0,18 新竹市,1 一般
106,1011,中華大學,D 日,B 學士,5427,3366,2061,512,310,690,436,949,618,875,597,0,0,0,0,0,0,340,100,18 新竹市,1 一般
106,1011,中華大學,P 進,B 學士,203,129,74,39,19,24,18,31,17,22,16,0,0,0,0,0,0,13,4,18 新竹市,1 一般
106,1011,中華大學,N 修,C 二技,205,125,80,0,0,0,0,0,0,120,78,0,0,0,0,0,0,5,2,18 新竹市,2 技職
106,1012,大葉大學,D 日,D 博士,134,108,26,32,8,13,8,21,3,14,0,13,3,8,3,7,1,0,0,07 彰化縣,1 一般
106,1012,大葉大學,D 日,M 碩士,672,401,271,177,155,133,66,66,25,25,25,0,0,0,0,0,0,0,0,07 彰化縣,1 一般
106,1012,大葉大學,N 職,M 碩士,500,172,328,101,239,41,63,10,16,5,8,9,2,6,0,0,0,0,0,07 彰化縣,1 一般
106,1012,大葉大學,D 日,B 學士,8623,4520,4103,949,789,1095,1033,1130,1133,1118,1051,0,0,0,0,0,0,228,97,07 彰化縣,1 一般
106,1012,大葉大學,P 進,B 學士,1157,685,472,158,116,153,103,180,111,155,122,0,0,0,0,0,0,39,20,07 彰化縣,1 一般
106,1012,大葉大學,N 修,C 二技,61,1,60,0,0,0,0,1,20,0,40,0,0,0,0,0,0,0,0,07 彰化縣,2 技職
106,1013,華梵大學,D 日,D 博士,58,34,24,10,4,2,5,3,3,8,4,5,5,2,2,4,1,0,0,01 新北市,1 一般
106,1013,華梵大學,D 日,M 碩士,262,141,121,53,27,36,24,26,40,26,30,0,0,0,0,0,0,0,0,01 新北市,1 一般
106,1013,華梵大學,N 職,M 碩士,136,52,84,19,34,7,16,3,15,4,9,4,8,15,2,0,0,0,0,01 新北市,1 一般
106,1013,華梵大學,D 日,B 學士,1864,1002,862,144,120,197,187,279,244,276,263,0,0,0,0,0,0,106,48,01 新北市,1 一般
106,1014,義守大學,D 日,D 博士,137,105,32,24,10,19,6,14,7,22,4,12,0,5,3,9,2,0,0,12 高雄市,1 一般
106,1014,義守大學,D 日,M 碩士,442,277,165,91,61,105,72,46,23,35,9,0,0,0,0,0,0,0,0,12 高雄市,1 一般
106,1014,義守大學,N 職,M 碩士,519,378,141,219,77,120,44,13,7,16,7,7,6,3,0,0,0,0,0,12 高雄市,1 一般
106,1014,義守大學,D 日,B 學士,12853,6580,6273,1513,1503,1563,1500,1526,1559,1549,1499,25,27,0,0,0,0,404,185,12 高雄市,1 一般
106,1014,義守大學,P 進,B 學士,1986,1354,632,540,218,286,141,226,98,226,133,0,0,0,0,0,0,76,42,12 高雄市,1 一般
106,1014,義守大學,N 修,C 二技,272,44,228,0,0,0,0,20,105,19,121,0,0,0,0,0,0,5,2,12 高雄市,2 技職
106,1015,世新大學,D 日,D 博士,89,44,45,11,7,8,8,8,9,3,6,3,6,5,4,6,5,0,0,30 臺北市,1 一般
106,1015,世新大學,D 日,M 碩士,617,308,309,104,124,82,97,55,40,67,47,0,0,0,0,0,1,0,0,30 臺北市,1 一般
106,1015,世新大學,N 職,M 碩士,806,459,347,110,101,125,85,67,53,54,32,52,32,51,44,0,0,0,0,30 臺北市,1 一般
106,1015,世新大學,D 日,B 學士,9873,3504,6369,799,1554,850,1516,804,1558,802,1541,0,0,0,0,0,0,249,200,30 臺北市,1 一般
106,1015,世新大學,P 進,B 學士,314,123,191,44,45,31,42,29,55,19,49,0,0,0,0,0,0,0,0,30 臺北市,1 一般
106,1015,世新大學,N 修,C 二技,24,9,15,0,0,0,0,0,0,8,15,0,0,0,0,0,0,1,0,30 臺北市,2 技職
106,1016,銘傳大學,D 日,D 博士,69,29,40,4,8,7,9,4,4,3,5,4,6,3,3,4,5,0,0,30 臺北市,1 一般
106,1016,銘傳大學,D 日,M 碩士,730,326,404,122,163,118,138,51,59,35,43,0,0,0,1,0,0,0,0,30 臺北市,1 一般
106,1016,銘傳大學,N 職,M 碩士,809,359,450,146,196,115,173,39,36,29,24,16,12,14,9,0,0,0,0,30 臺北市,1 一般
106,1016,銘傳大學,D 日,B 學士,17521,6920,10601,1633,2583,1609,2490,1591,2515,1522,2553,28,26,0,0,0,0,537,434,30 臺北市,1 一般
106,1017,實踐大學,D 日,D 博士,24,11,13,3,3,2,4,4,2,0,2,2,0,0,2,0,0,0,0,30 臺北市,1 一般
106,1017,實踐大學,D 日,M 碩士,351,162,189,46,70,46,62,34,31,35,25,1,1,0,0,0,0,0,0,30 臺北市,1 一般
106,1017,實踐大學,N 職,M 碩士,165,74,91,21,35,28,26,11,14,7,11,7,5,0,0,0,0,0,0,30 臺北市,1 一般
106,1017,實踐大學,D 日,B 學士,11783,3967,7816,880,1811,907,1934,1011,1854,935,1892,10,28,0,0,0,0,224,297,30 臺北市,1 一般
106,1017,實踐大學,P 進,B 學士,2130,659,1471,151,294,149,365,169,386,147,327,0,0,0,0,0,0,43,99,30 臺北市,1 一般
106,1017,實踐大學,N 修,C 二技,126,21,105,0,0,0,0,12,50,7,41,0,0,0,0,0,0,2,14,30 臺北市,2 技職
106,1018,朝陽科技大學,D 日,D 博士,90,72,18,15,4,18,2,13,4,10,3,7,1,5,2,4,2,0,0,06 臺中市,2 技職
106,1018,朝陽科技大學,D 日,M 碩士,674,384,290,135,110,156,85,93,95,0,0,0,0,0,0,0,0,0,0,06 臺中市,2 技職
106,1018,朝陽科技大學,N 職,M 碩士,442,235,207,84,48,71,60,80,99,0,0,0,0,0,0,0,0,0,0,06 臺中市,2 技職
106,1018,朝陽科技大學,D 日,B 四技,11396,4754,6642,1130,1541,1173,1631,1096,1642,1128,1668,0,0,0,0,0,0,227,160,06 臺中市,2 技職
106,1018,朝陽科技大學,N 修,B 四技,3138,1599,1539,410,409,408,341,364,357,305,339,0,0,0,0,0,0,112,93,06 臺中市,2 技職
106,1018,朝陽科技大學,D 日,C 二技,52,26,26,0,0,0,0,9,12,17,14,0,0,0,0,0,0,0,0,06 臺中市,2 技職
106,1019,高雄醫學大學,D 日,D 博士,323,174,149,31,28,30,30,29,28,22,19,22,14,20,21,20,9,0,0,50 高雄市,1 一般
106,1019,高雄醫學大學,D 日,M 碩士,678,236,442,108,191,86,164,32,52,10,33,0,2,0,0,0,0,0,0,50 高雄市,1 一般
106,1019,高雄醫學大學,N 職,M 碩士,230,86,144,34,59,25,67,14,13,11,3,2,2,0,0,0,0,0,0,50 高雄市,1 一般
106,1019,高雄醫學大學,D 日,B 學士,5597,2533,3064,518,688,509,713,491,698,503,675,194,109,155,87,106,45,57,49,50 高雄市,1 一般
106,1019,高雄醫學大學,N 修,C 二技,45,1,44,0,0,0,0,0,13,0,15,1,16,0,0,0,0,0,0,50 高雄市,2 技職
106,1019,高雄醫學大學,D 日,X 4+X,8,3,5,3,5,0,0,0,0,0,0,0,0,0,0,0,0,0,0,50 高雄市,1 一般
106,1020,南華大學,D 日,D 博士,32,20,12,5,8,3,0,7,2,0,0,2,2,3,0,0,0,0,0,10 嘉義縣,1 一般
106,1020,南華大學,D 日,M 碩士,592,254,338,116,155,57,89,37,60,42,33,2,1,0,0,0,0,0,0,10 嘉義縣,1 一般
106,1020,南華大學,N 職,M 碩士,356,144,212,68,85,38,65,14,21,9,22,15,19,0,0,0,0,0,0,10 嘉義縣,1 一般
106,1020,南華大學,D 日,B 學士,4284,2028,2256,474,591,457,485,500,571,463,556,0,0,0,0,0,0,134,53,10 嘉義縣,1 一般
106,1020,南華大學,P 進,B 學士,336,198,138,63,40,41,34,42,33,47,31,0,0,0,0,0,0,5,0,10 嘉義縣,1 一般
106,1021,真理大學,D 日,M 碩士,152,87,65,37,23,31,20,13,15,6,7,0,0,0,0,0,0,0,0,01 新北市,1 一般
106,1021,真理大學,N 職,M 碩士,20,10,10,4,6,6,2,0,2,0,0,0,0,0,0,0,0,0,0,01 新北市,1 一般
106,1021,真理大學,D 日,B 學士,6321,3060,3261,614,574,694,778,762,870,755,921,0,0,0,0,0,0,235,118,01 新北市,1 一般
106,1021,真理大學,P 進,B 學士,280,163,117,28,17,29,20,42,30,30,28,0,0,0,0,0,0,34,22,01 新北市,1 一般
106,1022,大同大學,D 日,D 博士,104,64,40,16,6,9,7,10,7,8,6,9,6,8,4,4,4,0,0,30 臺北市,1 一般
106,1022,大同大學,D 日,M 碩士,362,242,120,112,46,86,57,35,15,9,2,0,0,0,0,0,0,0,0,30 臺北市,1 一般
106,1022,大同大學,N 職,M 碩士,287,221,66,45,18,56,23,56,10,31,6,33,9,0,0,0,0,0,0,30 臺北市,1 一般
106,1022,大同大學,D 日,B 學士,3744,2345,1399,513,373,516,374,551,331,591,289,0,0,0,0,0,0,174,32,30 臺北市,1 一般
106,1023,南臺科技大學,D 日,D 博士,85,72,13,20,5,14,2,10,3,15,1,5,1,4,0,4,1,0,0,11 臺南市,2 技職
106,1023,南臺科技大學,D 日,M 碩士,871,502,369,193,148,179,130,89,67,40,24,1,0,0,0,0,0,0,0,11 臺南市,2 技職
106,1023,南臺科技大學,N 職,M 碩士,403,216,187,78,85,60,51,34,27,11,15,14,5,19,4,0,0,0,0,11 臺南市,2 技職
106,1023,南臺科技大學,D 日,B 四技,13007,7259,5748,1735,1331,1764,1355,1736,1412,1692,1460,0,0,0,0,0,0,332,190,11 臺南市,2 技職
106,1023,南臺科技大學,N 修,B 四技,4167,2481,1686,652,394,644,370,529,403,479,397,0,0,0,0,0,0,177,122,11 臺南市,2 技職
106,1023,南臺科技大學,D 日,C 二技,187,48,139,0,0,0,0,17,63,31,75,0,0,0,0,0,0,0,1,11 臺南市,2 技職
106,1023,南臺科技大學,N 修,C 二技,135,56,79,0,0,0,0,26,42,25,31,0,0,0,0,0,0,5,6,11 臺南市,2 技職
106,1024,崑山科技大學,D 日,D 博士,34,25,9,6,3,5,1,1,4,7,1,2,0,3,0,1,0,0,0,11 臺南市,2 技職
106,1024,崑山科技大學,D 日,M 碩士,424,287,137,121,71,124,51,34,7,8,8,0,0,0,0,0,0,0,0,11 臺南市,2 技職
106,1024,崑山科技大學,N 職,M 碩士,176,133,43,60,19,43,19,14,3,16,2,0,0,0,0,0,0,0,0,11 臺南市,2 技職
106,1024,崑山科技大學,D 日,B 四技,8041,4755,3286,1015,756,1118,774,1170,789,1192,846,0,0,0,0,0,0,260,121,11 臺南市,2 技職
106,1024,崑山科技大學,N 修,B 四技,3304,2173,1131,612,304,472,226,559,262,401,277,0,0,0,0,0,0,129,62,11 臺南市,2 技職
106,1024,崑山科技大學,D 日,C 二技,1,1,0,0,0,0,0,0,0,1,0,0,0,0,0,0,0,0,0,11 臺南市,2 技職
106,1024,崑山科技大學,N 修,C 二技,194,130,64,0,0,0,0,62,38,65,26,0,0,0,0,0,0,3,0,11 臺南市,2 技職
106,1025,嘉南藥理大學,D 日,M 碩士,237,115,122,36,51,57,54,16,12,6,5,0,0,0,0,0,0,0,0,11 臺南市,2 技職
106,1025,嘉南藥理大學,N 職,M 碩士,244,121,123,58,53,53,51,9,16,0,0,1,2,0,1,0,0,0,0,11 臺南市,2 技職
106,1025,嘉南藥理大學,D 日,B 四技,12074,5045,7029,1145,1477,1202,1670,1294,1838,1209,1926,0,0,0,0,0,0,195,118,11 臺南市,2 技職
106,1025,嘉南藥理大學,N 修,B 四技,2605,1292,1313,376,375,197,240,296,324,338,306,0,0,0,0,0,0,85,68,11 臺南市,2 技職
106,1025,嘉南藥理大學,D 日,C 二技,186,27,159,0,0,0,0,18,72,9,87,0,0,0,0,0,0,0,0,11 臺南市,2 技職
106,1025,嘉南藥理大學,N 修,C 二技,340,70,270,0,0,0,0,48,176,21,92,0,0,0,0,0,0,1,2,11 臺南市,2 技職
106,1025,嘉南藥理大學,N 修,X 4+X,16,14,2,9,0,5,2,0,0,0,0,0,0,0,0,0,0,0,0,11 臺南市,2 技職
106,1026,樹德科技大學,D 日,D 博士,27,9,18,1,2,0,6,1,3,3,4,4,3,0,0,0,0,0,0,12 高雄市,2 技職
106,1026,樹德科技大學,D 日,M 碩士,295,158,137,70,51,54,45,14,22,20,19,0,0,0,0,0,0,0,0,12 高雄市,2 技職
106,1026,樹德科技大學,N 職,M 碩士,439,221,218,108,113,55,51,21,27,37,27,0,0,0,0,0,0,0,0,12 高雄市,2 技職
106,1026,樹德科技大學,D 日,B 四技,7956,3402,4554,714,1070,829,1094,853,1157,811,1097,0,0,0,0,0,0,195,136,12 高雄市,2 技職
106,1026,樹德科技大學,N 修,B 四技,1511,806,705,275,219,128,129,160,181,175,149,0,0,0,0,0,0,68,27,12 高雄市,2 技職
106,1026,樹德科技大學,D 日,C 二技,25,11,14,0,0,0,0,3,5,8,9,0,0,0,0,0,0,0,0,12 高雄市,2 技職
106,1026,樹德科技大學,N 修,C 二技,446,140,306,0,0,0,0,79,166,60,138,0,0,0,0,0,0,1,2,12 高雄市,2 技職
106,1027,慈濟大學,D 日,D 博士,110,59,51,12,4,13,10,11,12,7,6,7,5,2,5,7,9,0,0,15 花蓮縣,1 一般
106,1027,慈濟大學,D 日,M 碩士,350,124,226,45,76,38,84,27,42,14,24,0,0,0,0,0,0,0,0,15 花蓮縣,1 一般
106,1027,慈濟大學,N 職,M 碩士,37,6,31,2,14,0,4,0,8,3,4,1,1,0,0,0,0,0,0,15 花蓮縣,1 一般
106,1027,慈濟大學,D 日,B 學士,2963,1136,1827,235,446,257,437,268,402,208,368,56,44,23,34,25,29,64,67,15 花蓮縣,1 一般
106,1028,臺北醫學大學,D 日,D 博士,453,260,193,52,39,60,36,32,26,29,32,25,25,31,17,31,18,0,0,30 臺北市,1 一般
106,1028,臺北醫學大學,D 日,M 碩士,620,225,395,100,172,81,162,30,47,14,14,0,0,0,0,0,0,0,0,30 臺北市,1 一般
106,1028,臺北醫學大學,N 職,M 碩士,259,63,196,23,65,25,63,12,39,3,29,0,0,0,0,0,0,0,0,30 臺北市,1 一般
106,1028,臺北醫學大學,D 日,B 學士,4749,2024,2725,387,569,379,599,399,616,393,569,150,107,142,119,123,46,51,100,30 臺北市,1 一般
106,1028,臺北醫學大學,N 修,C 二技,1,0,1,0,0,0,0,0,0,0,0,0,0,0,0,0,0,0,1,30 臺北市,2 技職
106,1028,臺北醫學大學,D 日,X 4+X,30,14,16,13,16,0,0,0,0,0,0,0,0,0,0,0,0,1,0,30 臺北市,1 一般
106,1029,中山醫學大學,D 日,D 博士,213,142,71,26,14,26,11,25,15,25,12,15,8,13,6,12,5,0,0,19 臺中市,1 一般
106,1029,中山醫學大學,D 日,M 碩士,452,157,295,62,137,61,111,21,25,13,22,0,0,0,0,0,0,0,0,19 臺中市,1 一般
106,1029,中山醫學大學,N 職,M 碩士,148,39,109,12,45,22,50,2,12,2,2,1,0,0,0,0,0,0,0,19 臺中市,1 一般
106,1029,中山醫學大學,D 日,B 學士,6265,2519,3746,444,916,489,898,537,875,572,813,142,73,157,68,102,42,76,61,19 臺中市,1 一般
106,1029,中山醫學大學,P 進,B 學士,31,13,18,0,0,0,0,0,1,4,7,0,0,0,0,0,0,9,10,19 臺中市,1 一般
106,1029,中山醫學大學,N 修,C 二技,128,53,75,0,0,0,0,11,29,22,18,15,23,0,0,0,0,5,5,19 臺中市,2 技職
106,1030,龍華科技大學,D 日,M 碩士,309,222,87,93,38,77,30,35,10,17,9,0,0,0,0,0,0,0,0,03 桃園市,2 技職
106,1030,龍華科技大學,N 職,M 碩士,212,152,60,48,27,84,33,8,0,12,0,0,0,0,0,0,0,0,0,03 桃園市,2 技職
106,1030,龍華科技大學,D 日,B 四技,6484,4171,2313,1027,511,957,533,944,545,1007,577,0,0,0,0,0,0,236,147,03 桃園市,2 技職
106,1030,龍華科技大學,N 修,B 四技,3913,2819,1094,838,313,674,237,647,253,541,241,0,0,0,0,0,0,119,50,03 桃園市,2 技職
106,1030,龍華科技大學,D 日,C 二技,13,7,6,0,0,0,0,2,3,5,3,0,0,0,0,0,0,0,0,03 桃園市,2 技職
106,1030,龍華科技大學,N 修,C 二技,46,28,18,0,0,0,0,0,0,26,16,0,0,0,0,0,0,2,2,03 桃園市,2 技職
106,1030,龍華科技大學,D 日,2 二專,1,0,1,0,0,0,0,0,0,0,0,0,0,0,0,0,0,0,1,03 桃園市,2 技職
106,1030,龍華科技大學,D 日,5 五專,108,87,21,18,5,38,11,31,5,0,0,0,0,0,0,0,0,0,0,03 桃園市,2 技職
106,1031,輔英科技大學,D 日,M 碩士,128,47,81,20,39,17,27,4,8,6,5,0,2,0,0,0,0,0,0,12 高雄市,2 技職
106,1031,輔英科技大學,N 職,M 碩士,49,2,47,0,19,1,14,0,8,1,3,0,3,0,0,0,0,0,0,12 高雄市,2 技職
106,1031,輔英科技大學,D 日,B 四技,3771,1596,2175,374,554,393,542,385,538,363,471,0,0,0,0,0,0,81,70,12 高雄市,2 技職
106,1031,輔英科技大學,N 修,B 四技,516,344,172,133,52,62,30,45,37,69,43,0,0,0,0,0,0,35,10,12 高雄市,2 技職
106,1031,輔英科技大學,D 日,C 二技,1513,174,1339,0,0,0,0,96,675,78,648,0,0,0,0,0,0,0,16,12 高雄市,2 技職
106,1031,輔英科技大學,N 修,C 二技,617,116,501,0,0,0,0,54,238,39,206,14,29,0,0,0,0,9,28,12 高雄市,2 技職
106,1031,輔英科技大學,D 日,X 4+X,10,0,10,0,10,0,0,0,0,0,0,0,0,0,0,0,0,0,0,12 高雄市,2 技職
106,1031,輔英科技大學,D 日,5 五專,2702,270,2432,54,487,44,466,55,455,55,499,49,490,0,0,0,0,13,35,12 高雄市,2 技職
106,1032,明新科技大學,D 日,M 碩士,310,212,98,77,32,79,42,41,20,15,4,0,0,0,0,0,0,0,0,04 新竹縣,2 技職
106,1032,明新科技大學,N 職,M 碩士,275,224,51,83,26,71,19,32,2,16,1,16,0,6,3,0,0,0,0,04 新竹縣,2 技職
106,1032,明新科技大學,D 日,B 四技,8201,4996,3205,1154,688,1194,706,1171,826,1176,834,0,0,0,0,0,0,301,151,04 新竹縣,2 技職
106,1032,明新科技大學,N 修,B 四技,3435,2076,1359,485,294,418,280,493,361,434,331,0,0,0,0,0,0,246,93,04 新竹縣,2 技職
106,1032,明新科技大學,N 修,C 二技,70,25,45,0,0,0,0,8,11,17,31,0,0,0,0,0,0,0,3,04 新竹縣,2 技職
106,1032,明新科技大學,N 修,2 二專,28,17,11,7,7,9,3,0,0,0,0,0,0,0,0,0,0,1,1,04 新竹縣,2 技職
106,1033,長榮大學,D 日,D 博士,38,25,13,8,1,5,1,4,2,3,1,4,3,1,5,0,0,0,0,11 臺南市,1 一般
106,1033,長榮大學,D 日,M 碩士,407,165,242,64,85,46,62,35,56,19,35,1,4,0,0,0,0,0,0,11 臺南市,1 一般
106,1033,長榮大學,N 職,M 碩士,125,61,64,18,22,20,14,9,11,6,10,8,7,0,0,0,0,0,0,11 臺南市,1 一般
106,1033,長榮大學,D 日,B 學士,8605,3935,4670,757,938,846,1166,1052,1231,1043,1220,0,0,0,0,0,0,237,115,11 臺南市,1 一般
106,1033,長榮大學,P 進,B 學士,504,298,206,136,99,52,30,42,39,54,33,0,0,0,0,0,0,14,5,11 臺南市,1 一般
106,1033,長榮大學,N 修,C 二技,1,0,1,0,0,0,0,0,0,0,0,0,0,0,0,0,0,0,1,11 臺南市,2 技職
106,1034,弘光科技大學,D 日,D 博士,7,1,6,1,3,0,3,0,0,0,0,0,0,0,0,0,0,0,0,06 臺中市,2 技職
106,1034,弘光科技大學,D 日,M 碩士,191,55,136,27,51,22,53,5,23,1,9,0,0,0,0,0,0,0,0,06 臺中市,2 技職
106,1034,弘光科技大學,N 職,M 碩士,101,29,72,10,21,12,22,4,18,3,11,0,0,0,0,0,0,0,0,06 臺中市,2 技職
106,1034,弘光科技大學,D 日,B 四技,7402,2749,4653,642,1139,664,1200,678,1074,645,1099,0,0,0,0,0,0,120,141,06 臺中市,2 技職
106,1034,弘光科技大學,N 修,B 四技,3247,1436,1811,423,488,335,421,304,426,275,385,11,18,0,0,0,0,88,73,06 臺中市,2 技職
106,1034,弘光科技大學,D 日,C 二技,713,27,686,0,0,0,0,12,345,14,341,0,0,0,0,0,0,1,0,06 臺中市,2 技職
106,1034,弘光科技大學,N 修,C 二技,924,46,878,0,0,0,0,17,306,15,297,14,265,0,0,0,0,0,10,06 臺中市,2 技職
106,1034,弘光科技大學,N 修,2 二專,110,15,95,14,76,0,17,0,0,0,0,0,0,0,0,0,0,1,2,06 臺中市,2 技職
106,1034,弘光科技大學,D 日,5 五專,264,18,246,3,49,3,49,4,48,3,49,2,48,0,0,0,0,3,3,06 臺中市,2 技職
106,1035,中國醫藥大學,D 日,D 博士,373,228,145,50,33,44,28,35,24,39,21,26,16,23,17,11,6,0,0,19 臺中市,1 一般
106,1035,中國醫藥大學,D 日,M 碩士,560,214,346,103,157,92,143,12,34,7,11,0,1,0,0,0,0,0,0,19 臺中市,1 一般
106,1035,中國醫藥大學,N 職,M 碩士,74,29,45,15,16,10,22,4,6,0,1,0,0,0,0,0,0,0,0,19 臺中市,1 一般
106,1035,中國醫藥大學,D 日,B 學士,6395,2901,3494,513,731,547,720,540,725,569,694,327,323,166,132,154,95,85,74,19 臺中市,1 一般
106,1035,中國醫藥大學,N 修,C 二技,66,11,55,0,0,0,0,2,11,4,25,5,19,0,0,0,0,0,0,19 臺中市,2 技職
106,1036,健行科技大學,D 日,M 碩士,279,199,80,94,53,52,23,34,4,19,0,0,0,0,0,0,0,0,0,03 桃園市,2 技職
106,1036,健行科技大學,N 職,M 碩士,42,32,10,6,4,13,4,1,0,4,2,8,0,0,0,0,0,0,0,03 桃園市,2 技職
106,1036,健行科技大學,D 日,B 四技,6911,4489,2422,985,539,944,545,1072,638,1221,610,0,0,0,0,0,0,267,90,03 桃園市,2 技職
106,1036,健行科技大學,N 修,B 四技,3305,2125,1180,723,338,429,208,471,303,386,278,0,0,0,0,0,0,116,53,03 桃園市,2 技職
106,1036,健行科技大學,D 日,C 二技,87,30,57,0,0,0,0,17,28,9,27,0,0,0,0,0,0,4,2,03 桃園市,2 技職
106,1036,健行科技大學,N 修,C 二技,114,56,58,0,0,0,0,25,35,24,23,0,0,0,0,0,0,7,0,03 桃園市,2 技職
106,1036,健行科技大學,D 日,2 二專,1,1,0,0,0,0,0,0,0,0,0,0,0,0,0,0,0,1,0,03 桃園市,2 技職
106,1036,健行科技大學,D 日,5 五專,26,25,1,0,0,0,0,25,1,0,0,0,0,0,0,0,0,0,0,03 桃園市,2 技職
106,1037,正修科技大學,D 日,D 博士,12,12,0,3,0,2,0,4,0,1,0,0,0,1,0,1,0,0,0,12 高雄市,2 技職
106,1037,正修科技大學,D 日,M 碩士,385,229,156,102,67,88,68,28,13,11,8,0,0,0,0,0,0,0,0,12 高雄市,2 技職
106,1037,正修科技大學,N 職,M 碩士,172,108,64,56,38,39,23,12,3,1,0,0,0,0,0,0,0,0,0,12 高雄市,2 技職
106,1037,正修科技大學,D 日,B 四技,9223,5281,3942,1190,982,1248,912,1247,983,1407,1010,0,0,0,0,0,0,189,55,12 高雄市,2 技職
106,1037,正修科技大學,N 修,B 四技,5534,3527,2007,897,496,778,451,825,475,740,474,0,0,0,0,0,0,287,111,12 高雄市,2 技職
106,1037,正修科技大學,N 修,C 二技,1352,558,794,0,0,0,0,318,423,224,360,0,0,0,0,0,0,16,11,12 高雄市,2 技職
106,1037,正修科技大學,N 修,2 二專,225,176,49,127,36,49,13,0,0,0,0,0,0,0,0,0,0,0,0,12 高雄市,2 技職
106,1038,萬能科技大學,D 日,M 碩士,140,80,60,32,33,24,17,18,4,6,6,0,0,0,0,0,0,0,0,03 桃園市,2 技職
106,1038,萬能科技大學,N 職,M 碩士,109,63,46,43,39,11,6,5,1,4,0,0,0,0,0,0,0,0,0,03 桃園市,2 技職
106,1038,萬能科技大學,D 日,B 四技,6121,3212,2909,872,730,743,725,711,690,725,691,0,0,0,0,0,0,161,73,03 桃園市,2 技職
106,1038,萬能科技大學,N 修,B 四技,3636,2012,1624,694,482,460,390,471,434,311,288,0,0,0,0,0,0,76,30,03 桃園市,2 技職
106,1038,萬能科技大學,D 日,C 二技,15,6,9,0,0,0,0,0,0,5,9,0,0,0,0,0,0,1,0,03 桃園市,2 技職
106,1038,萬能科技大學,N 修,C 二技,451,231,220,0,0,0,0,173,133,55,85,0,0,0,0,0,0,3,2,03 桃園市,2 技職
106,1039,玄奘大學,D 日,D 博士,7,5,2,0,0,0,0,0,0,0,0,0,1,2,0,3,1,0,0,18 新竹市,1 一般
106,1039,玄奘大學,D 日,M 碩士,305,141,164,31,30,45,54,65,78,0,1,0,1,0,0,0,0,0,0,18 新竹市,1 一般
106,1039,玄奘大學,N 職,M 碩士,175,66,109,16,28,22,34,24,36,3,10,0,1,0,0,1,0,0,0,18 新竹市,1 一般
106,1039,玄奘大學,D 日,B 學士,3389,1473,1916,260,339,283,452,399,554,428,503,0,0,0,0,0,0,103,68,18 新竹市,1 一般
106,1039,玄奘大學,P 進,B 學士,490,223,267,75,45,22,39,37,64,57,83,0,0,0,0,0,0,32,36,18 新竹市,1 一般
106,1039,玄奘大學,N 修,C 二技,1,0,1,0,0,0,0,0,0,0,0,0,0,0,0,0,0,0,1,18 新竹市,2 技職
106,1040,建國科技大學,D 日,M 碩士,166,90,76,37,32,44,29,5,10,4,5,0,0,0,0,0,0,0,0,07 彰化縣,2 技職
106,1040,建國科技大學,D 日,B 四技,5578,3547,2031,673,406,760,414,929,541,1030,608,0,0,0,0,0,0,155,62,07 彰化縣,2 技職
106,1040,建國科技大學,N 修,B 四技,1802,1318,484,461,141,354,126,232,99,239,106,0,0,0,0,0,0,32,12,07 彰化縣,2 技職
106,1040,建國科技大學,D 日,C 二技,1,1,0,0,0,0,0,0,0,1,0,0,0,0,0,0,0,0,0,07 彰化縣,2 技職
106,1040,建國科技大學,N 修,C 二技,292,196,96,0,0,0,0,86,32,108,64,0,0,0,0,0,0,2,0,07 彰化縣,2 技職
106,1041,明志科技大學,D 日,D 博士,5,4,1,3,1,1,0,0,0,0,0,0,0,0,0,0,0,0,0,01 新北市,2 技職
106,1041,明志科技大學,D 日,M 碩士,432,319,113,138,60,95,37,62,8,24,7,0,1,0,0,0,0,0,0,01 新北市,2 技職
106,1041,明志科技大學,N 職,M 碩士,31,29,2,8,1,8,1,6,0,4,0,2,0,1,0,0,0,0,0,01 新北市,2 技職
106,1041,明志科技大學,D 日,B 四技,3592,2546,1046,627,250,618,251,606,259,598,269,0,0,0,0,0,0,97,17,01 新北市,2 技職
106,1041,明志科技大學,N 修,B 四技,488,362,126,131,18,86,39,54,30,75,33,0,0,0,0,0,0,16,6,01 新北市,2 技職
106,1041,明志科技大學,D 日,C 二技,12,6,6,0,0,0,0,0,0,6,6,0,0,0,0,0,0,0,0,01 新北市,2 技職
106,1041,明志科技大學,N 修,C 二技,1,1,0,0,0,0,0,0,0,0,0,0,0,0,0,0,0,1,0,01 新北市,2 技職
106,1042,高苑科技大學,D 日,M 碩士,126,89,37,38,13,34,14,13,8,4,2,0,0,0,0,0,0,0,0,12 高雄市,2 技職
106,1042,高苑科技大學,N 職,M 碩士,220,158,62,67,31,75,26,10,4,1,1,5,0,0,0,0,0,0,0,12 高雄市,2 技職
106,1042,高苑科技大學,D 日,B 四技,3834,2739,1095,491,171,580,208,746,305,774,364,0,0,0,0,0,0,148,47,12 高雄市,2 技職
106,1042,高苑科技大學,N 修,B 四技,1407,1014,393,180,50,257,93,281,138,206,94,0,0,0,0,0,0,90,18,12 高雄市,2 技職
106,1043,大仁科技大學,D 日,M 碩士,67,38,29,20,21,11,8,5,0,2,0,0,0,0,0,0,0,0,0,13 屏東縣,2 技職
106,1043,大仁科技大學,N 職,M 碩士,153,85,68,61,52,17,13,5,3,2,0,0,0,0,0,0,0,0,0,13 屏東縣,2 技職
106,1043,大仁科技大學,D 日,B 四技,4565,2166,2399,456,524,477,520,545,644,495,547,89,108,0,0,0,0,104,56,13 屏東縣,2 技職
106,1043,大仁科技大學,N 修,B 四技,696,404,292,91,78,76,65,105,68,111,71,0,0,0,0,0,0,21,10,13 屏東縣,2 技職
106,1043,大仁科技大學,D 日,C 二技,22,1,21,0,0,0,0,1,2,0,19,0,0,0,0,0,0,0,0,13 屏東縣,2 技職
106,1043,大仁科技大學,N 修,C 二技,1112,276,836,0,0,0,0,189,504,85,296,0,0,0,0,0,0,2,36,13 屏東縣,2 技職
106,1044,聖約翰科技大學,D 日,M 碩士,134,116,18,42,10,38,6,16,0,20,2,0,0,0,0,0,0,0,0,01 新北市,2 技職
106,1044,聖約翰科技大學,N 職,M 碩士,69,47,22,22,9,18,10,6,2,1,1,0,0,0,0,0,0,0,0,01 新北市,2 技職
106,1044,聖約翰科技大學,D 日,B 四技,3344,2282,1062,365,212,473,205,597,280,684,304,0,0,0,0,0,0,163,61,01 新北市,2 技職
106,1044,聖約翰科技大學,N 修,B 四技,138,77,61,11,10,8,6,18,16,27,23,0,0,0,0,0,0,13,6,01 新北市,2 技職
106,1044,聖約翰科技大學,D 日,C 二技,4,1,3,0,0,0,0,0,2,1,1,0,0,0,0,0,0,0,0,01 新北市,2 技職
106,1044,聖約翰科技大學,D 日,5 五專,278,212,66,60,14,79,26,73,26,0,0,0,0,0,0,0,0,0,0,01 新北市,2 技職
106,1045,嶺東科技大學,D 日,M 碩士,232,108,124,46,50,40,51,16,8,6,15,0,0,0,0,0,0,0,0,19 臺中市,2 技職
106,1045,嶺東科技大學,N 職,M 碩士,123,84,39,51,27,30,11,3,1,0,0,0,0,0,0,0,0,0,0,19 臺中市,2 技職
106,1045,嶺東科技大學,D 日,B 四技,7333,2792,4541,629,1154,708,1105,686,1059,662,1131,0,0,0,0,0,0,107,92,19 臺中市,2 技職
106,1045,嶺東科技大學,N 修,B 四技,2622,1361,1261,425,365,299,290,282,296,260,255,0,0,0,0,0,0,95,55,19 臺中市,2 技職
106,1045,嶺東科技大學,D 日,C 二技,2,2,0,0,0,0,0,1,0,1,0,0,0,0,0,0,0,0,0,19 臺中市,2 技職
106,1046,中國科技大學,D 日,M 碩士,156,89,67,44,32,29,27,12,4,4,4,0,0,0,0,0,0,0,0,30 臺北市,2 技職
106,1046,中國科技大學,N 職,M 碩士,46,32,14,23,7,8,6,1,1,0,0,0,0,0,0,0,0,0,0,30 臺北市,2 技職
106,1046,中國科技大學,D 日,B 四技,8707,3696,5011,845,992,920,1248,903,1302,877,1332,0,0,0,0,0,0,151,137,30 臺北市,2 技職
106,1046,中國科技大學,N 修,B 四技,1994,1077,917,234,133,216,191,253,240,262,270,0,0,0,0,0,0,112,83,30 臺北市,2 技職
106,1046,中國科技大學,D 日,C 二技,3,1,2,0,0,0,0,0,0,1,2,0,0,0,0,0,0,0,0,30 臺北市,2 技職
106,1046,中國科技大學,N 修,X 4+X,63,27,36,24,22,3,14,0,0,0,0,0,0,0,0,0,0,0,0,30 臺北市,2 技職
106,1047,中臺科技大學,D 日,D 博士,20,18,2,3,1,4,0,4,0,1,1,3,0,2,0,1,0,0,0,19 臺中市,2 技職
106,1047,中臺科技大學,D 日,M 碩士,138,48,90,16,36,23,37,7,11,2,1,0,5,0,0,0,0,0,0,19 臺中市,2 技職
106,1047,中臺科技大學,N 職,M 碩士,243,41,202,24,85,12,64,4,27,1,26,0,0,0,0,0,0,0,0,19 臺中市,2 技職
106,1047,中臺科技大學,D 日,B 四技,5333,2153,3180,462,699,558,729,507,783,492,817,0,0,0,0,0,0,134,152,19 臺中市,2 技職
106,1047,中臺科技大學,N 修,B 四技,1685,639,1046,174,269,140,246,128,204,126,212,0,0,0,0,0,0,71,115,19 臺中市,2 技職
106,1047,中臺科技大學,D 日,C 二技,527,81,446,0,0,0,0,37,209,37,221,0,0,0,0,0,0,7,16,19 臺中市,2 技職
106,1047,中臺科技大學,N 修,C 二技,1061,132,929,0,0,0,0,41,302,53,356,34,251,0,0,0,0,4,20,19 臺中市,2 技職
106,1048,亞洲大學,D 日,D 博士,182,114,68,29,22,28,10,16,9,19,10,10,10,6,4,6,3,0,0,06 臺中市,1 一般
106,1048,亞洲大學,D 日,M 碩士,600,264,336,116,156,87,80,37,54,24,45,0,1,0,0,0,0,0,0,06 臺中市,1 一般
106,1048,亞洲大學,N 職,M 碩士,397,225,172,122,129,81,24,14,14,8,5,0,0,0,0,0,0,0,0,06 臺中市,1 一般
106,1048,亞洲大學,D 日,B 學士,9893,3778,6115,832,1529,858,1507,885,1519,944,1424,0,0,0,0,0,0,259,136,06 臺中市,1 一般
106,1048,亞洲大學,P 進,B 學士,1051,497,554,102,115,89,142,108,122,112,131,0,0,0,0,0,0,86,44,06 臺中市,1 一般
106,1049,開南大學,D 日,M 碩士,221,121,100,49,38,32,29,24,22,14,11,1,0,1,0,0,0,0,0,03 桃園市,1 一般
106,1049,開南大學,N 職,M 碩士,343,225,118,115,57,60,39,17,11,17,10,10,1,6,0,0,0,0,0,03 桃園市,1 一般
106,1049,開南大學,D 日,B 學士,5627,2761,2866,497,488,514,634,729,824,755,792,0,0,0,0,0,0,266,128,03 桃園市,1 一般
106,1049,開南大學,P 進,B 學士,1139,626,513,158,143,128,111,142,104,135,116,0,0,0,0,0,0,63,39,03 桃園市,1 一般
106,1050,佛光大學,D 日,D 博士,56,25,31,4,8,3,6,7,5,7,2,2,4,1,6,1,0,0,0,02 宜蘭縣,1 一般
106,1050,佛光大學,D 日,M 碩士,529,220,309,84,114,55,89,30,54,50,52,0,0,1,0,0,0,0,0,02 宜蘭縣,1 一般
106,1050,佛光大學,N 職,M 碩士,187,109,78,39,40,31,21,13,7,9,8,16,2,0,0,1,0,0,0,02 宜蘭縣,1 一般
106,1050,佛光大學,D 日,B 學士,3050,1447,1603,334,364,355,401,339,389,326,394,0,0,0,0,0,0,93,55,02 宜蘭縣,1 一般
106,1051,台南應用科技大學,D 日,M 碩士,118,27,91,8,39,9,25,6,17,4,10,0,0,0,0,0,0,0,0,11 臺南市,2 技職
106,1051,台南應用科技大學,N 職,M 碩士,120,28,92,11,24,14,22,2,30,1,14,0,2,0,0,0,0,0,0,11 臺南市,2 技職
106,1051,台南應用科技大學,D 日,B 四技,8193,2355,5838,592,1480,633,1424,550,1431,512,1410,0,0,0,0,0,0,68,93,11 臺南市,2 技職
106,1051,台南應用科技大學,N 修,B 四技,2277,799,1478,239,408,188,351,163,348,153,296,0,0,0,0,0,0,56,75,11 臺南市,2 技職
106,1051,台南應用科技大學,D 日,C 二技,591,116,475,0,0,0,0,66,207,31,243,0,0,0,0,0,0,19,25,11 臺南市,2 技職
106,1051,台南應用科技大學,N 修,C 二技,253,44,209,0,0,0,0,26,117,14,81,0,0,0,0,0,0,4,11,11 臺南市,2 技職
106,1051,台南應用科技大學,D 日,5 五專,1181,237,944,40,179,49,202,51,199,44,192,53,172,0,0,0,0,0,0,11 臺南市,2 技職
106,1052,遠東科技大學,D 日,M 碩士,210,146,64,62,44,57,15,13,2,14,3,0,0,0,0,0,0,0,0,11 臺南市,2 技職
106,1052,遠東科技大學,N 職,M 碩士,29,28,1,8,0,5,0,3,0,2,1,4,0,6,0,0,0,0,0,11 臺南市,2 技職
106,1052,遠東科技大學,D 日,B 四技,5304,3386,1918,736,356,679,381,840,545,939,579,0,0,0,0,0,0,192,57,11 臺南市,2 技職
106,1052,遠東科技大學,N 修,B 四技,597,402,195,119,44,93,48,92,57,87,44,0,0,0,0,0,0,11,2,11 臺南市,2 技職
106,1052,遠東科技大學,N 修,C 二技,67,63,4,0,0,0,0,34,2,29,2,0,0,0,0,0,0,0,0,11 臺南市,2 技職
106,1052,遠東科技大學,N 修,2 二專,40,38,2,21,2,17,0,0,0,0,0,0,0,0,0,0,0,0,0,11 臺南市,2 技職
106,1053,元培醫事科技大學,D 日,M 碩士,217,101,116,44,47,32,37,17,25,8,7,0,0,0,0,0,0,0,0,18 新竹市,2 技職
106,1053,元培醫事科技大學,N 職,M 碩士,32,12,20,7,12,5,5,0,3,0,0,0,0,0,0,0,0,0,0,18 新竹市,2 技職
106,1053,元培醫事科技大學,D 日,B 四技,4781,2239,2542,513,595,428,562,585,652,530,648,0,0,0,0,0,0,183,85,18 新竹市,2 技職
106,1053,元培醫事科技大學,N 修,B 四技,817,432,385,140,134,118,132,75,43,65,57,0,0,0,0,0,0,34,19,18 新竹市,2 技職
106,1053,元培醫事科技大學,D 日,C 二技,97,4,93,0,0,0,0,2,46,2,47,0,0,0,0,0,0,0,0,18 新竹市,2 技職
106,1053,元培醫事科技大學,N 修,C 二技,493,129,364,0,0,0,0,55,127,68,202,4,33,0,0,0,0,2,2,18 新竹市,2 技職
106,1054,景文科技大學,D 日,M 碩士,61,41,20,15,12,19,7,4,1,3,0,0,0,0,0,0,0,0,0,01 新北市,2 技職
106,1054,景文科技大學,N 職,M 碩士,97,61,36,27,15,25,19,7,1,2,1,0,0,0,0,0,0,0,0,01 新北市,2 技職
106,1054,景文科技大學,D 日,B 四技,5322,2376,2946,580,675,489,591,543,701,544,789,0,0,0,0,0,0,220,190,01 新北市,2 技職
106,1054,景文科技大學,N 修,B 四技,1528,765,763,227,223,181,139,162,189,150,185,0,0,0,0,0,0,45,27,01 新北市,2 技職
106,1054,景文科技大學,D 日,C 二技,6,3,3,0,0,0,0,0,1,3,2,0,0,0,0,0,0,0,0,01 新北市,2 技職
106,1054,景文科技大學,N 修,C 二技,285,96,189,0,0,0,0,39,88,56,100,0,0,0,0,0,0,1,1,01 新北市,2 技職
106,1055,中華醫事科技大學,D 日,M 碩士,112,58,54,25,25,22,21,10,8,1,0,0,0,0,0,0,0,0,0,11 臺南市,2 技職
106,1055,中華醫事科技大學,N 職,M 碩士,18,9,9,4,2,5,7,0,0,0,0,0,0,0,0,0,0,0,0,11 臺南市,2 技職
106,1055,中華醫事科技大學,D 日,B 四技,4063,1772,2291,319,512,391,508,482,603,491,586,0,0,0,0,0,0,89,82,11 臺南市,2 技職
106,1055,中華醫事科技大學,N 修,B 四技,796,342,454,90,106,63,98,78,88,69,103,3,25,0,0,0,0,39,34,11 臺南市,2 技職
106,1055,中華醫事科技大學,D 日,C 二技,714,172,542,0,0,0,0,83,256,83,283,0,0,0,0,0,0,6,3,11 臺南市,2 技職
106,1055,中華醫事科技大學,N 修,C 二技,758,186,572,0,0,0,0,84,218,75,258,22,80,0,0,0,0,5,16,11 臺南市,2 技職
106,1055,中華醫事科技大學,D 日,2 二專,110,62,48,28,22,34,25,0,0,0,0,0,0,0,0,0,0,0,1,11 臺南市,2 技職
106,1055,中華醫事科技大學,D 日,5 五專,2669,573,2096,142,519,141,499,120,422,72,331,87,301,0,0,0,0,11,24,11 臺南市,2 技職
106,1056,東南科技大學,D 日,M 碩士,155,126,29,51,12,57,15,14,1,4,1,0,0,0,0,0,0,0,0,01 新北市,2 技職
106,1056,東南科技大學,N 職,M 碩士,58,48,10,28,2,14,7,4,1,2,0,0,0,0,0,0,0,0,0,01 新北市,2 技職
106,1056,東南科技大學,D 日,B 四技,5580,3705,1875,847,408,758,417,926,471,896,496,0,0,0,0,0,0,278,83,01 新北市,2 技職
106,1056,東南科技大學,N 修,B 四技,432,339,93,91,21,56,11,85,21,77,32,0,0,0,0,0,0,30,8,01 新北市,2 技職
106,1056,東南科技大學,N 修,C 二技,16,14,2,0,0,0,0,0,0,11,2,0,0,0,0,0,0,3,0,01 新北市,2 技職
106,1057,德明財經科技大學,D 日,M 碩士,54,35,19,12,9,12,9,7,0,4,1,0,0,0,0,0,0,0,0,30 臺北市,2 技職
106,1057,德明財經科技大學,N 職,M 碩士,62,35,27,12,10,12,16,9,1,2,0,0,0,0,0,0,0,0,0,30 臺北市,2 技職
106,1057,德明財經科技大學,D 日,B 四技,7068,2740,4328,634,937,704,1031,646,1073,595,1117,0,0,0,0,0,0,161,170,30 臺北市,2 技職
106,1057,德明財經科技大學,N 修,B 四技,1022,495,527,81,56,111,112,105,155,140,173,0,0,0,0,0,0,58,31,30 臺北市,2 技職
106,1057,德明財經科技大學,D 日,C 二技,150,29,121,0,0,0,0,8,75,19,46,0,0,0,0,0,0,2,0,30 臺北市,2 技職
106,1057,德明財經科技大學,N 修,C 二技,64,29,35,0,0,0,0,8,24,20,11,0,0,0,0,0,0,1,0,30 臺北市,2 技職
106,1058,明道大學,D 日,D 博士,20,11,9,3,4,2,2,3,3,3,0,0,0,0,0,0,0,0,0,07 彰化縣,1 一般
106,1058,明道大學,D 日,M 碩士,206,106,100,42,53,39,23,19,12,6,12,0,0,0,0,0,0,0,0,07 彰化縣,1 一般
106,1058,明道大學,N 職,M 碩士,74,25,49,18,38,7,8,0,3,0,0,0,0,0,0,0,0,0,0,07 彰化縣,1 一般
106,1058,明道大學,D 日,B 學士,3214,1824,1390,359,286,439,317,484,413,457,346,0,0,0,0,0,0,85,28,07 彰化縣,1 一般
106,1058,明道大學,P 進,B 學士,955,608,347,162,88,95,76,152,79,163,90,0,0,0,0,0,0,36,14,07 彰化縣,1 一般
106,1060,南開科技大學,D 日,M 碩士,109,74,35,28,19,29,10,11,3,6,3,0,0,0,0,0,0,0,0,08 南投縣,2 技職
106,1060,南開科技大學,N 職,M 碩士,104,41,63,16,25,14,19,6,17,5,2,0,0,0,0,0,0,0,0,08 南投縣,2 技職
106,1060,南開科技大學,D 日,B 四技,3177,2112,1065,405,224,461,232,587,289,533,284,0,0,0,0,0,0,126,36,08 南投縣,2 技職
106,1060,南開科技大學,N 修,B 四技,865,552,313,105,60,106,66,140,80,163,90,0,0,0,0,0,0,38,17,08 南投縣,2 技職
106,1060,南開科技大學,D 日,C 二技,56,42,14,0,0,0,0,19,9,22,5,0,0,0,0,0,0,1,0,08 南投縣,2 技職
106,1060,南開科技大學,D 日,5 五專,906,730,176,120,22,168,36,200,43,113,29,106,38,0,0,0,0,23,8,08 南投縣,2 技職
106,1061,中華科技大學,D 日,M 碩士,228,170,58,72,27,86,25,9,5,3,1,0,0,0,0,0,0,0,0,30 臺北市,2 技職
106,1061,中華科技大學,N 職,M 碩士,100,76,24,38,11,35,13,3,0,0,0,0,0,0,0,0,0,0,0,30 臺北市,2 技職
106,1061,中華科技大學,D 日,B 四技,5011,3321,1690,622,319,708,371,850,467,899,448,0,0,0,0,0,0,242,85,30 臺北市,2 技職
106,1061,中華科技大學,N 修,B 四技,841,676,165,178,38,175,27,136,39,143,53,0,0,0,0,0,0,44,8,30 臺北市,2 技職
106,1061,中華科技大學,D 日,C 二技,48,11,37,0,0,0,0,10,19,1,17,0,0,0,0,0,0,0,1,30 臺北市,2 技職
106,1061,中華科技大學,N 修,C 二技,295,163,132,0,0,0,0,91,66,69,64,0,0,0,0,0,0,3,2,30 臺北市,2 技職
106,1061,中華科技大學,N 修,2 二專,15,2,13,0,0,2,13,0,0,0,0,0,0,0,0,0,0,0,0,30 臺北市,2 技職
106,1062,僑光科技大學,D 日,M 碩士,50,24,26,11,11,7,11,4,0,2,4,0,0,0,0,0,0,0,0,19 臺中市,2 技職
106,1062,僑光科技大學,N 職,M 碩士,33,24,9,13,5,10,4,1,0,0,0,0,0,0,0,0,0,0,0,19 臺中市,2 技職
106,1062,僑光科技大學,D 日,B 四技,6548,2569,3979,665,917,663,974,614,997,554,1028,0,0,0,0,0,0,73,63,19 臺中市,2 技職
106,1062,僑光科技大學,N 修,B 四技,4177,2205,1972,672,552,576,472,463,442,375,429,0,0,0,0,0,0,119,77,19 臺中市,2 技職
106,1062,僑光科技大學,D 日,C 二技,1,0,1,0,0,0,0,0,0,0,1,0,0,0,0,0,0,0,0,19 臺中市,2 技職
106,1062,僑光科技大學,N 修,C 二技,29,13,16,0,0,0,0,0,0,13,15,0,0,0,0,0,0,0,1,19 臺中市,2 技職
106,1062,僑光科技大學,N 修,2 二專,17,9,8,0,0,4,6,0,0,0,0,0,0,0,0,0,0,5,2,19 臺中市,2 技職
106,1062,僑光科技大學,D 日,5 五專,1,1,0,0,0,0,0,0,0,0,0,0,0,0,0,0,0,1,0,19 臺中市,2 技職
106,1063,育達科技大學,D 日,M 碩士,127,71,56,33,39,24,10,9,3,5,4,0,0,0,0,0,0,0,0,05 苗栗縣,2 技職
106,1063,育達科技大學,N 職,M 碩士,180,102,78,56,53,31,20,10,4,4,1,1,0,0,0,0,0,0,0,05 苗栗縣,2 技職
106,1063,育達科技大學,D 日,B 四技,2678,1279,1399,214,227,264,281,334,385,341,416,0,0,0,0,0,0,126,90,05 苗栗縣,2 技職
106,1063,育達科技大學,N 修,B 四技,1113,627,486,179,119,143,124,134,107,123,116,0,0,0,0,0,0,48,20,05 苗栗縣,2 技職
106,1063,育達科技大學,N 修,C 二技,484,181,303,0,0,0,0,110,170,70,124,0,0,0,0,0,0,1,9,05 苗栗縣,2 技職
106,1064,美和科技大學,D 日,M 碩士,134,55,79,28,42,23,24,4,8,0,5,0,0,0,0,0,0,0,0,13 屏東縣,2 技職
106,1064,美和科技大學,N 職,M 碩士,212,75,137,24,51,37,74,9,10,5,2,0,0,0,0,0,0,0,0,13 屏東縣,2 技職
106,1064,美和科技大學,D 日,B 四技,3234,1432,1802,319,417,336,437,357,455,363,451,0,0,0,0,0,0,57,42,13 屏東縣,2 技職
106,1064,美和科技大學,N 修,B 四技,822,331,491,80,164,75,141,74,72,80,96,0,0,0,0,0,0,22,18,13 屏東縣,2 技職
106,1064,美和科技大學,D 日,C 二技,424,46,378,0,0,0,0,24,174,22,199,0,0,0,0,0,0,0,5,13 屏東縣,2 技職
106,1064,美和科技大學,N 修,C 二技,846,88,758,0,0,0,0,44,371,29,324,0,0,0,0,0,0,15,63,13 屏東縣,2 技職
106,1064,美和科技大學,N 修,2 二專,24,19,5,0,0,19,5,0,0,0,0,0,0,0,0,0,0,0,0,13 屏東縣,2 技職
106,1064,美和科技大學,D 日,5 五專,1770,217,1553,48,340,71,331,39,308,27,295,28,256,0,0,0,0,4,23,13 屏東縣,2 技職
106,1065,吳鳳科技大學,D 日,M 碩士,61,37,24,17,12,15,9,4,3,1,0,0,0,0,0,0,0,0,0,10 嘉義縣,2 技職
106,1065,吳鳳科技大學,N 職,M 碩士,70,41,29,24,18,15,11,1,0,1,0,0,0,0,0,0,0,0,0,10 嘉義縣,2 技職
106,1065,吳鳳科技大學,D 日,B 四技,3624,2474,1150,538,242,560,291,630,312,639,285,0,0,0,0,0,0,107,20,10 嘉義縣,2 技職
106,1065,吳鳳科技大學,N 修,B 四技,954,713,241,158,56,135,36,181,65,209,78,0,0,0,0,0,0,30,6,10 嘉義縣,2 技職
106,1066,環球科技大學,D 日,M 碩士,141,72,69,37,34,26,27,6,4,3,4,0,0,0,0,0,0,0,0,09 雲林縣,2 技職
106,1066,環球科技大學,N 職,M 碩士,49,34,15,25,5,7,7,2,2,0,0,0,1,0,0,0,0,0,0,09 雲林縣,2 技職
106,1066,環球科技大學,D 日,B 四技,3552,1692,1860,327,378,331,394,464,486,503,556,0,0,0,0,0,0,67,46,09 雲林縣,2 技職
106,1066,環球科技大學,N 修,B 四技,1047,526,521,103,90,134,120,146,172,124,134,0,0,0,0,0,0,19,5,09 雲林縣,2 技職
106,1066,環球科技大學,D 日,C 二技,3,0,3,0,0,0,0,0,0,0,3,0,0,0,0,0,0,0,0,09 雲林縣,2 技職
106,1066,環球科技大學,N 修,C 二技,261,74,187,0,0,0,0,35,105,39,82,0,0,0,0,0,0,0,0,09 雲林縣,2 技職
106,1066,環球科技大學,N 修,2 二專,242,131,111,57,56,74,55,0,0,0,0,0,0,0,0,0,0,0,0,09 雲林縣,2 技職
106,1067,台灣首府大學,D 日,M 碩士,60,23,37,12,19,8,17,3,0,0,1,0,0,0,0,0,0,0,0,11 臺南市,1 一般
106,1067,台灣首府大學,D 日,B 學士,2172,1123,1049,211,200,171,205,292,299,380,311,0,0,0,0,0,0,69,34,11 臺南市,1 一般
106,1067,台灣首府大學,P 進,B 學士,465,293,172,62,22,60,40,82,39,64,62,0,0,0,0,0,0,25,9,11 臺南市,1 一般
106,1067,台灣首府大學,N 修,C 二技,33,10,23,0,0,0,0,0,0,10,23,0,0,0,0,0,0,0,0,11 臺南市,2 技職
106,1068,中州科技大學,D 日,M 碩士,53,39,14,21,2,8,8,4,3,2,1,3,0,1,0,0,0,0,0,07 彰化縣,2 技職
106,1068,中州科技大學,N 職,M 碩士,31,26,5,21,4,2,0,1,0,1,0,1,0,0,1,0,0,0,0,07 彰化縣,2 技職
106,1068,中州科技大學,D 日,B 四技,1963,1151,812,169,130,220,174,374,244,344,249,0,0,0,0,0,0,44,15,07 彰化縣,2 技職
106,1068,中州科技大學,N 修,B 四技,896,583,313,178,78,120,57,140,97,130,79,0,0,0,0,0,0,15,2,07 彰化縣,2 技職
106,1068,中州科技大學,D 日,C 二技,1,1,0,0,0,0,0,0,0,1,0,0,0,0,0,0,0,0,0,07 彰化縣,2 技職
106,1068,中州科技大學,N 修,C 二技,529,145,384,0,0,0,0,130,335,15,48,0,0,0,0,0,0,0,1,07 彰化縣,2 技職
106,1069,修平科技大學,D 日,M 碩士,48,35,13,14,7,17,6,4,0,0,0,0,0,0,0,0,0,0,0,06 臺中市,2 技職
106,1069,修平科技大學,N 職,M 碩士,12,10,2,5,1,4,1,1,0,0,0,0,0,0,0,0,0,0,0,06 臺中市,2 技職
106,1069,修平科技大學,D 日,B 四技,4339,2771,1568,498,230,624,341,734,449,771,478,0,0,0,0,0,0,144,70,06 臺中市,2 技職
106,1069,修平科技大學,N 修,B 四技,806,692,114,227,34,144,35,149,25,131,19,0,0,0,0,0,0,41,1,06 臺中市,2 技職
106,1069,修平科技大學,N 修,2 二專,6,6,0,0,0,6,0,0,0,0,0,0,0,0,0,0,0,0,0,06 臺中市,2 技職
106,1070,長庚科技大學,D 日,M 碩士,58,0,58,0,28,0,21,0,7,0,2,0,0,0,0,0,0,0,0,03 桃園市,2 技職
106,1070,長庚科技大學,N 職,M 碩士,83,1,82,1,28,0,28,0,19,0,4,0,3,0,0,0,0,0,0,03 桃園市,2 技職
106,1070,長庚科技大學,D 日,B 四技,3181,393,2788,114,793,128,784,94,655,57,545,0,0,0,0,0,0,0,11,03 桃園市,2 技職
106,1070,長庚科技大學,D 日,C 二技,1449,47,1402,0,0,0,0,32,694,13,705,0,0,0,0,0,0,2,3,03 桃園市,2 技職
106,1070,長庚科技大學,N 修,C 二技,1384,82,1302,0,0,0,0,39,622,39,595,3,79,0,0,0,0,1,6,03 桃園市,2 技職
106,1070,長庚科技大學,D 日,5 五專,557,40,517,0,0,0,0,7,108,17,197,14,205,0,0,0,0,2,7,03 桃園市,2 技職
106,1071,臺北城市科技大學,D 日,M 碩士,104,83,21,32,4,30,12,12,3,9,2,0,0,0,0,0,0,0,0,30 臺北市,2 技職
106,1071,臺北城市科技大學,D 日,B 四技,7273,4450,2823,1051,654,1060,627,1047,693,1025,688,0,0,0,0,0,0,267,161,30 臺北市,2 技職
106,1071,臺北城市科技大學,N 修,B 四技,857,641,216,214,76,121,47,117,32,138,48,0,0,0,0,0,0,51,13,30 臺北市,2 技職
106,1071,臺北城市科技大學,D 日,C 二技,1,1,0,0,0,0,0,0,0,0,0,0,0,0,0,0,0,1,0,30 臺北市,2 技職
106,1071,臺北城市科技大學,D 日,2 二專,1,1,0,0,0,0,0,0,0,0,0,0,0,0,0,0,0,1,0,30 臺北市,2 技職
106,1071,臺北城市科技大學,N 修,2 二專,50,26,24,14,13,11,9,0,0,0,0,0,0,0,0,0,0,1,2,30 臺北市,2 技職
106,1071,臺北城市科技大學,D 日,5 五專,1391,968,423,148,67,247,96,230,97,142,71,183,82,0,0,0,0,18,10,30 臺北市,2 技職
106,1072,大華科技大學,D 日,M 碩士,22,22,0,6,0,5,0,5,0,5,0,0,0,1,0,0,0,0,0,04 新竹縣,2 技職
106,1072,大華科技大學,D 日,B 四技,742,482,260,79,34,40,30,115,74,168,90,0,0,0,0,0,0,80,32,04 新竹縣,2 技職
106,1072,大華科技大學,N 修,B 四技,468,354,114,107,19,66,21,98,36,54,33,0,0,0,0,0,0,29,5,04 新竹縣,2 技職
106,1072,大華科技大學,D 日,C 二技,58,29,29,0,0,0,0,16,14,12,13,0,0,0,0,0,0,1,2,04 新竹縣,2 技職
106,1072,大華科技大學,N 修,C 二技,805,592,213,0,0,0,0,263,120,327,93,0,0,0,0,0,0,2,0,04 新竹縣,2 技職
106,1072,大華科技大學,N 修,2 二專,83,60,23,40,9,18,14,0,0,0,0,0,0,0,0,0,0,2,0,04 新竹縣,2 技職
106,1072,大華科技大學,D 日,5 五專,762,457,305,78,44,69,53,104,59,63,49,129,84,0,0,0,0,14,16,04 新竹縣,2 技職
106,1073,醒吾科技大學,D 日,M 碩士,60,41,19,22,11,14,7,5,1,0,0,0,0,0,0,0,0,0,0,01 新北市,2 技職
106,1073,醒吾科技大學,N 職,M 碩士,86,55,31,28,21,12,4,7,1,2,4,6,1,0,0,0,0,0,0,01 新北市,2 技職
106,1073,醒吾科技大學,D 日,B 四技,5887,2360,3527,638,851,527,757,578,898,516,948,0,0,0,0,0,0,101,73,01 新北市,2 技職
106,1073,醒吾科技大學,N 修,B 四技,1158,550,608,157,186,137,158,118,118,104,128,0,0,0,0,0,0,34,18,01 新北市,2 技職
106,1073,醒吾科技大學,D 日,C 二技,1,1,0,0,0,0,0,0,0,1,0,0,0,0,0,0,0,0,0,01 新北市,2 技職
106,1073,醒吾科技大學,D 日,5 五專,1006,365,641,48,75,95,133,98,165,55,95,65,169,0,0,0,0,4,4,01 新北市,2 技職
106,1074,南榮科技大學,D 日,M 碩士,31,17,14,8,7,6,5,3,2,0,0,0,0,0,0,0,0,0,0,11 臺南市,2 技職
106,1074,南榮科技大學,N 職,M 碩士,24,14,10,5,7,9,3,0,0,0,0,0,0,0,0,0,0,0,0,11 臺南市,2 技職
106,1074,南榮科技大學,D 日,B 四技,1122,676,446,68,50,105,74,190,152,276,153,0,0,0,0,0,0,37,17,11 臺南市,2 技職
106,1074,南榮科技大學,N 修,B 四技,622,396,226,51,25,57,29,110,51,140,102,0,0,0,0,0,0,38,19,11 臺南市,2 技職
106,1074,南榮科技大學,D 日,C 二技,23,23,0,0,0,0,0,9,0,14,0,0,0,0,0,0,0,0,0,11 臺南市,2 技職
106,1074,南榮科技大學,N 修,C 二技,57,37,20,0,0,0,0,27,13,9,7,0,0,0,0,0,0,1,0,11 臺南市,2 技職
106,1074,南榮科技大學,N 修,2 二專,157,106,51,77,28,26,19,0,0,0,0,0,0,0,0,0,0,3,4,11 臺南市,2 技職
106,1074,南榮科技大學,D 日,5 五專,175,128,47,11,0,25,9,25,12,26,12,33,9,0,0,0,0,8,5,11 臺南市,2 技職
106,1075,文藻外語大學,D 日,M 碩士,163,43,120,16,34,15,40,7,29,5,17,0,0,0,0,0,0,0,0,50 高雄市,2 技職
106,1075,文藻外語大學,N 職,M 碩士,62,19,43,6,12,4,14,3,10,5,3,1,4,0,0,0,0,0,0,50 高雄市,2 技職
106,1075,文藻外語大學,D 日,B 四技,5229,1161,4068,297,966,307,912,276,980,200,966,0,0,0,0,0,0,81,244,50 高雄市,2 技職
106,1075,文藻外語大學,N 修,B 四技,1835,556,1279,207,353,126,293,101,260,73,232,0,0,0,0,0,0,49,141,50 高雄市,2 技職
106,1075,文藻外語大學,D 日,C 二技,273,44,229,0,0,0,0,17,100,22,110,0,0,0,0,0,0,5,19,50 高雄市,2 技職
106,1075,文藻外語大學,N 修,C 二技,185,44,141,0,0,0,0,25,67,9,55,0,0,0,0,0,0,10,19,50 高雄市,2 技職
106,1075,文藻外語大學,D 日,5 五專,1672,284,1388,51,268,53,258,65,288,53,278,53,271,0,0,0,0,9,25,50 高雄市,2 技職
106,1076,華夏科技大學,D 日,M 碩士,40,38,2,15,0,16,2,7,0,0,0,0,0,0,0,0,0,0,0,01 新北市,2 技職
106,1076,華夏科技大學,N 職,M 碩士,65,47,18,17,8,14,8,8,0,8,2,0,0,0,0,0,0,0,0,01 新北市,2 技職
106,1076,華夏科技大學,D 日,B 四技,2705,1735,970,393,243,339,211,476,238,446,242,0,0,0,0,0,0,81,36,01 新北市,2 技職
106,1076,華夏科技大學,N 修,B 四技,804,510,294,90,69,99,64,141,69,137,79,0,0,0,0,0,0,43,13,01 新北市,2 技職
106,1076,華夏科技大學,D 日,C 二技,89,69,20,0,0,0,0,36,15,33,5,0,0,0,0,0,0,0,0,01 新北市,2 技職
106,1076,華夏科技大學,N 修,C 二技,274,162,112,0,0,0,0,96,95,60,15,0,0,0,0,0,0,6,2,01 新北市,2 技職
106,1076,華夏科技大學,N 修,2 二專,227,105,122,32,48,65,68,0,0,0,0,0,0,0,0,0,0,8,6,01 新北市,2 技職
106,1076,華夏科技大學,D 日,5 五專,595,516,79,99,13,156,15,114,18,71,15,70,17,0,0,0,0,6,1,01 新北市,2 技職
106,1077,慈濟科技大學,D 日,M 碩士,29,12,17,5,12,6,2,1,0,0,3,0,0,0,0,0,0,0,0,15 花蓮縣,2 技職
106,1077,慈濟科技大學,D 日,B 四技,1276,581,695,128,213,142,180,134,131,140,151,0,0,0,0,0,0,37,20,15 花蓮縣,2 技職
106,1077,慈濟科技大學,D 日,C 二技,285,19,266,0,0,0,0,11,128,8,138,0,0,0,0,0,0,0,0,15 花蓮縣,2 技職
106,1077,慈濟科技大學,N 修,C 二技,108,8,100,0,0,0,0,3,41,3,51,0,0,0,0,0,0,2,8,15 花蓮縣,2 技職
106,1077,慈濟科技大學,D 日,5 五專,1249,149,1100,39,221,31,224,24,222,27,210,23,200,0,0,0,0,5,23,15 花蓮縣,2 技職
106,1078,致理科技大學,D 日,M 碩士,50,10,40,4,14,5,14,1,11,0,1,0,0,0,0,0,0,0,0,01 新北市,2 技職
106,1078,致理科技大學,N 職,M 碩士,42,7,35,5,12,1,10,1,8,0,0,0,5,0,0,0,0,0,0,01 新北市,2 技職
106,1078,致理科技大學,D 日,B 四技,6359,2018,4341,473,1046,487,1038,481,1042,425,1080,0,0,0,0,0,0,152,135,01 新北市,2 技職
106,1078,致理科技大學,N 修,B 四技,3106,1084,2022,295,502,224,468,268,444,213,499,0,0,0,0,0,0,84,109,01 新北市,2 技職
106,1078,致理科技大學,D 日,C 二技,290,59,231,0,0,0,0,28,122,24,99,0,0,0,0,0,0,7,10,01 新北市,2 技職
106,1078,致理科技大學,N 修,C 二技,155,51,104,0,0,0,0,0,0,45,96,0,0,0,0,0,0,6,8,01 新北市,2 技職
106,1078,致理科技大學,D 日,2 二專,3,1,2,0,0,0,0,0,0,0,0,0,0,0,0,0,0,1,2,01 新北市,2 技職
106,1078,致理科技大學,D 日,5 五專,1619,296,1323,53,274,66,259,60,270,63,246,41,263,0,0,0,0,13,11,01 新北市,2 技職
106,1079,康寧大學,D 日,M 碩士,153,54,99,30,64,16,31,2,2,6,2,0,0,0,0,0,0,0,0,30 臺北市,1 一般
106,1079,康寧大學,N 職,M 碩士,139,55,84,22,53,25,24,4,5,4,2,0,0,0,0,0,0,0,0,30 臺北市,1 一般
106,1079,康寧大學,D 日,B 學士,926,480,446,95,76,82,81,121,102,146,168,0,0,0,0,0,0,36,19,30 臺北市,1 一般
106,1079,康寧大學,P 進,B 學士,500,302,198,97,63,66,30,83,67,53,35,0,0,0,0,0,0,3,3,30 臺北市,1 一般
106,1079,康寧大學,D 日,2 二專,19,5,14,0,0,5,13,0,0,0,0,0,0,0,0,0,0,0,1,30 臺北市,2 技職
106,1079,康寧大學,N 修,2 二專,342,76,266,32,128,43,130,0,0,0,0,0,0,0,0,0,0,1,8,30 臺北市,2 技職
106,1079,康寧大學,D 日,5 五專,2889,656,2233,148,433,144,476,126,493,113,410,117,408,0,0,0,0,8,13,30 臺北市,2 技職
106,1080,宏國德霖科技大學,D 日,B 四技,2852,1693,1159,366,261,406,244,411,299,419,317,0,0,0,0,0,0,91,38,01 新北市,2 技職
106,1080,宏國德霖科技大學,N 修,B 四技,1322,820,502,175,132,219,123,224,137,166,97,0,0,0,0,0,0,36,13,01 新北市,2 技職
106,1080,宏國德霖科技大學,D 日,C 二技,86,17,69,0,0,0,0,9,40,8,29,0,0,0,0,0,0,0,0,01 新北市,2 技職
106,1080,宏國德霖科技大學,N 修,C 二技,560,339,221,0,0,0,0,188,134,142,84,0,0,0,0,0,0,9,3,01 新北市,2 技職
106,1080,宏國德霖科技大學,N 修,2 二專,259,150,109,59,53,84,54,0,0,0,0,0,0,0,0,0,0,7,2,01 新北市,2 技職
106,1080,宏國德霖科技大學,D 日,5 五專,1489,945,544,160,98,232,121,189,108,162,97,186,112,0,0,0,0,16,8,01 新北市,2 技職
106,1081,東方設計大學,D 日,D 博士,30,16,14,4,4,5,6,5,3,2,1,0,0,0,0,0,0,0,0,12 高雄市,2 技職
106,1081,東方設計大學,D 日,M 碩士,119,51,68,21,29,19,27,10,11,1,1,0,0,0,0,0,0,0,0,12 高雄市,2 技職
106,1081,東方設計大學,N 職,M 碩士,32,18,14,7,9,5,3,4,0,2,2,0,0,0,0,0,0,0,0,12 高雄市,2 技職
106,1081,東方設計大學,D 日,B 四技,1368,721,647,180,109,117,111,197,170,179,218,0,0,0,0,0,0,48,39,12 高雄市,2 技職
106,1081,東方設計大學,N 修,B 四技,164,68,96,19,36,16,29,23,23,8,7,0,0,0,0,0,0,2,1,12 高雄市,2 技職
106,1081,東方設計大學,D 日,C 二技,47,23,24,0,0,0,0,15,12,5,10,0,0,0,0,0,0,3,2,12 高雄市,2 技職
106,1081,東方設計大學,D 日,5 五專,1432,615,817,97,131,133,159,170,201,110,141,95,175,0,0,0,0,10,10,12 高雄市,2 技職
106,1082,崇右影藝科技大學,D 日,M 碩士,82,41,41,24,20,15,18,2,3,0,0,0,0,0,0,0,0,0,0,17 基隆市,2 技職
106,1082,崇右影藝科技大學,D 日,B 四技,2283,1046,1237,232,351,214,221,275,339,218,253,0,0,0,0,0,0,107,73,17 基隆市,2 技職
106,1082,崇右影藝科技大學,D 日,5 五專,320,139,181,0,0,38,39,35,39,31,39,33,54,0,0,0,0,2,10,17 基隆市,2 技職
106,1083,台北海洋科技大學,D 日,M 碩士,86,50,36,32,22,16,13,2,1,0,0,0,0,0,0,0,0,0,0,01 新北市,2 技職
106,1083,台北海洋科技大學,D 日,B 四技,3353,1756,1597,373,329,364,316,465,436,439,427,0,0,0,0,0,0,115,89,01 新北市,2 技職
106,1083,台北海洋科技大學,N 修,B 四技,134,56,78,10,17,9,32,14,15,15,13,0,0,0,0,0,0,8,1,01 新北市,2 技職
106,1083,台北海洋科技大學,D 日,C 二技,216,153,63,0,0,0,0,68,36,75,26,0,0,0,0,0,0,10,1,01 新北市,2 技職
106,1083,台北海洋科技大學,N 修,C 二技,78,21,57,0,0,0,0,11,33,10,24,0,0,0,0,0,0,0,0,01 新北市,2 技職
106,1083,台北海洋科技大學,D 日,X 4+X,27,24,3,0,0,24,3,0,0,0,0,0,0,0,0,0,0,0,0,01 新北市,2 技職
106,1083,台北海洋科技大學,D 日,2 二專,104,96,8,38,2,49,6,0,0,0,0,0,0,0,0,0,0,9,0,01 新北市,2 技職
106,1083,台北海洋科技大學,N 修,2 二專,94,86,8,43,5,38,3,0,0,0,0,0,0,0,0,0,0,5,0,01 新北市,2 技職
106,1083,台北海洋科技大學,D 日,5 五專,1238,768,470,139,56,163,96,160,106,136,95,141,107,0,0,0,0,29,10,01 新北市,2 技職
106,1125,中信金融管理學院,D 日,M 碩士,45,20,25,13,17,7,8,0,0,0,0,0,0,0,0,0,0,0,0,21 臺南市,1 一般
106,1125,中信金融管理學院,D 日,B 學士,438,206,232,74,79,67,73,58,75,6,4,0,0,0,0,0,0,1,1,21 臺南市,1 一般
106,1125,中信金融管理學院,P 進,B 學士,2,1,1,0,0,0,0,0,0,0,0,0,0,0,0,0,0,1,1,21 臺南市,1 一般
106,1148,大漢技術學院,D 日,M 碩士,85,66,19,29,11,26,5,11,3,0,0,0,0,0,0,0,0,0,0,15 花蓮縣,2 技職
106,1148,大漢技術學院,D 日,B 四技,384,257,127,59,39,53,25,53,29,67,30,0,0,0,0,0,0,25,4,15 花蓮縣,2 技職
106,1148,大漢技術學院,N 修,B 四技,339,217,122,76,40,53,25,46,24,38,30,0,0,0,0,0,0,4,3,15 花蓮縣,2 技職
106,1148,大漢技術學院,N 修,C 二技,319,178,141,0,0,0,0,90,77,87,63,0,0,0,0,0,0,1,1,15 花蓮縣,2 技職
106,1148,大漢技術學院,N 修,2 二專,178,91,87,50,41,40,44,0,0,0,0,0,0,0,0,0,0,1,2,15 花蓮縣,2 技職
106,1159,和春技術學院,D 日,M 碩士,41,35,6,10,3,16,2,8,1,1,0,0,0,0,0,0,0,0,0,12 高雄市,2 技職
106,1159,和春技術學院,D 日,B 四技,713,450,263,41,18,103,97,113,70,130,48,0,0,0,0,0,0,63,30,12 高雄市,2 技職
106,1159,和春技術學院,N 修,B 四技,395,286,109,55,32,33,31,91,18,70,19,0,0,0,0,0,0,37,9,12 高雄市,2 技職
106,1159,和春技術學院,D 日,C 二技,30,14,16,0,0,0,0,2,8,12,8,0,0,0,0,0,0,0,0,12 高雄市,2 技職
106,1159,和春技術學院,N 修,C 二技,497,321,176,0,0,0,0,153,100,155,74,0,0,0,0,0,0,13,2,12 高雄市,2 技職
106,1159,和春技術學院,N 修,2 二專,491,346,145,108,52,213,90,0,0,0,0,0,0,0,0,0,0,25,3,12 高雄市,2 技職
106,1159,和春技術學院,D 日,5 五專,308,172,136,18,25,48,51,35,18,30,14,37,27,0,0,0,0,4,1,12 高雄市,2 技職
106,1166,亞東技術學院,D 日,M 碩士,35,26,9,13,4,8,3,3,1,2,1,0,0,0,0,0,0,0,0,01 新北市,2 技職
106,1166,亞東技術學院,D 日,B 四技,4163,2971,1192,698,293,731,267,709,285,718,315,0,0,0,0,0,0,115,32,01 新北市,2 技職
106,1166,亞東技術學院,N 修,B 四技,2,2,0,0,0,0,0,0,0,0,0,0,0,0,0,0,0,2,0,01 新北市,2 技職
106,1166,亞東技術學院,D 日,C 二技,184,5,179,0,0,0,0,5,87,0,91,0,0,0,0,0,0,0,1,01 新北市,2 技職
106,1166,亞東技術學院,N 修,C 二技,100,1,99,0,0,0,0,0,49,1,23,0,26,0,0,0,0,0,1,01 新北市,2 技職
106,1168,南亞技術學院,D 日,M 碩士,37,21,16,9,5,9,9,1,0,2,2,0,0,0,0,0,0,0,0,03 桃園市,2 技職
106,1168,南亞技術學院,D 日,B 四技,2178,1200,978,196,161,245,195,290,235,353,315,0,0,0,0,0,0,116,72,03 桃園市,2 技職
106,1168,南亞技術學院,N 修,B 四技,939,651,288,153,65,159,52,159,66,143,85,0,0,0,0,0,0,37,20,03 桃園市,2 技職
106,1168,南亞技術學院,N 修,2 二專,92,77,15,28,6,49,9,0,0,0,0,0,0,0,0,0,0,0,0,03 桃園市,2 技職
106,1168,南亞技術學院,D 日,5 五專,296,167,129,42,22,56,49,69,58,0,0,0,0,0,0,0,0,0,0,03 桃園市,2 技職
106,1176,稻江科技暨管理學院,D 日,M 碩士,79,37,42,16,20,13,19,7,3,0,0,0,0,1,0,0,0,0,0,10 嘉義縣,1 一般
106,1176,稻江科技暨管理學院,N 職,M 碩士,53,35,18,16,7,17,9,2,2,0,0,0,0,0,0,0,0,0,0,10 嘉義縣,1 一般
106,1176,稻江科技暨管理學院,D 日,B 學士,1371,733,638,260,197,180,169,119,106,145,148,0,0,0,0,0,0,29,18,10 嘉義縣,1 一般
106,1176,稻江科技暨管理學院,P 進,B 學士,653,247,406,78,110,47,94,57,96,51,95,0,0,0,0,0,0,14,11,10 嘉義縣,1 一般
106,1176,稻江科技暨管理學院,N 修,C 二技,111,24,87,0,0,0,0,12,53,7,33,0,0,0,0,0,0,5,1,10 嘉義縣,2 技職
106,1182,蘭陽技術學院,D 日,B 四技,560,315,245,53,39,64,58,99,64,73,69,0,0,0,0,0,0,26,15,02 宜蘭縣,2 技職
106,1182,蘭陽技術學院,D 日,C 二技,2,2,0,0,0,0,0,0,0,0,0,0,0,0,0,0,0,2,0,02 宜蘭縣,2 技職
106,1182,蘭陽技術學院,D 日,5 五專,496,289,207,35,34,89,50,77,63,29,20,41,32,0,0,0,0,18,8,02 宜蘭縣,2 技職
106,1183,黎明技術學院,D 日,B 四技,2985,1536,1449,366,445,359,348,398,328,347,301,0,0,0,0,0,0,66,27,01 新北市,2 技職
106,1183,黎明技術學院,N 修,B 四技,725,520,205,165,73,114,49,127,33,100,46,0,0,0,0,0,0,14,4,01 新北市,2 技職
106,1183,黎明技術學院,N 修,C 二技,98,8,90,0,0,0,0,7,42,1,48,0,0,0,0,0,0,0,0,01 新北市,2 技職
106,1183,黎明技術學院,N 修,2 二專,73,12,61,2,8,8,49,0,0,0,0,0,0,0,0,0,0,2,4,01 新北市,2 技職
106,1183,黎明技術學院,D 日,5 五專,695,598,97,88,16,97,22,127,12,127,24,143,22,0,0,0,0,16,1,01 新北市,2 技職
106,1185,經國管理暨健康學院,D 日,M 碩士,26,11,15,5,5,3,4,0,5,3,1,0,0,0,0,0,0,0,0,17 基隆市,2 技職
106,1185,經國管理暨健康學院,N 職,M 碩士,46,12,34,4,16,6,10,1,6,0,2,1,0,0,0,0,0,0,0,17 基隆市,2 技職
106,1185,經國管理暨健康學院,D 日,B 四技,1821,677,1144,202,301,153,285,128,293,144,225,0,0,0,0,0,0,50,40,17 基隆市,2 技職
106,1185,經國管理暨健康學院,N 修,B 四技,235,103,132,9,8,20,10,38,70,21,37,0,0,0,0,0,0,15,7,17 基隆市,2 技職
106,1185,經國管理暨健康學院,D 日,C 二技,136,11,125,0,0,0,0,5,77,6,46,0,0,0,0,0,0,0,2,17 基隆市,2 技職
106,1185,經國管理暨健康學院,N 修,C 二技,145,7,138,0,0,0,0,4,86,2,49,0,0,0,0,0,0,1,3,17 基隆市,2 技職
106,1185,經國管理暨健康學院,D 日,5 五專,1465,376,1089,78,178,85,200,91,225,53,224,58,215,0,0,0,0,11,47,17 基隆市,2 技職
106,1188,大同技術學院,D 日,B 四技,1323,590,733,117,159,130,178,177,172,150,206,0,0,0,0,0,0,16,18,20 嘉義市,2 技職
106,1188,大同技術學院,N 修,B 四技,270,102,168,25,47,24,26,20,40,29,50,0,0,0,0,0,0,4,5,20 嘉義市,2 技職
106,1188,大同技術學院,N 修,C 二技,298,85,213,0,0,0,0,43,125,39,85,0,0,0,0,0,0,3,3,20 嘉義市,2 技職
106,1188,大同技術學院,N 修,2 二專,18,9,9,8,4,1,4,0,0,0,0,0,0,0,0,0,0,0,1,20 嘉義市,2 技職
106,1188,大同技術學院,D 日,5 五專,203,112,91,11,10,21,16,21,23,22,12,32,28,0,0,0,0,5,2,20 嘉義市,2 技職
106,1189,亞太創意技術學院,D 日,M 碩士,88,34,54,8,20,13,25,11,7,2,2,0,0,0,0,0,0,0,0,05 苗栗縣,2 技職
106,1189,亞太創意技術學院,D 日,B 四技,254,172,82,1,0,27,14,60,21,57,37,0,0,0,0,0,0,27,10,05 苗栗縣,2 技職
106,1189,亞太創意技術學院,D 日,C 二技,1,0,1,0,0,0,0,0,0,0,0,0,0,0,0,0,0,0,1,05 苗栗縣,2 技職
106,1189,亞太創意技術學院,N 修,C 二技,508,72,436,0,0,0,0,51,149,20,285,0,0,0,0,0,0,1,2,05 苗栗縣,2 技職
106,1189,亞太創意技術學院,N 修,2 二專,43,0,43,0,16,0,25,0,0,0,0,0,0,0,0,0,0,0,2,05 苗栗縣,2 技職
106,1192,臺灣觀光學院,D 日,M 碩士,17,9,8,5,3,3,2,1,2,0,1,0,0,0,0,0,0,0,0,15 花蓮縣,2 技職
106,1192,臺灣觀光學院,D 日,B 四技,506,255,251,21,14,45,55,74,74,78,97,0,0,0,0,0,0,37,11,15 花蓮縣,2 技職
106,1192,臺灣觀光學院,N 修,B 四技,84,37,47,10,11,4,6,9,9,14,21,0,0,0,0,0,0,0,0,15 花蓮縣,2 技職
106,1192,臺灣觀光學院,D 日,C 二技,2,0,2,0,0,0,0,0,0,0,0,0,0,0,0,0,0,0,2,15 花蓮縣,2 技職
106,1192,臺灣觀光學院,N 修,C 二技,43,17,26,0,0,0,0,9,14,8,12,0,0,0,0,0,0,0,0,15 花蓮縣,2 技職
106,1192,臺灣觀光學院,D 日,2 二專,1,1,0,0,0,0,0,0,0,0,0,0,0,0,0,0,0,1,0,15 花蓮縣,2 技職
106,1192,臺灣觀光學院,N 修,2 二專,41,9,32,3,12,6,20,0,0,0,0,0,0,0,0,0,0,0,0,15 花蓮縣,2 技職
106,1192,臺灣觀光學院,D 日,5 五專,202,76,126,4,11,22,22,19,38,15,36,16,19,0,0,0,0,0,0,15 花蓮縣,2 技職
106,1195,馬偕醫學院,D 日,M 碩士,41,12,29,9,8,2,10,1,11,0,0,0,0,0,0,0,0,0,0,01 新北市,1 一般
106,1195,馬偕醫學院,D 日,B 學士,625,254,371,39,82,46,81,44,78,38,74,33,14,19,22,31,16,4,4,01 新北市,1 一般
106,1196,法鼓文理學院,D 日,D 博士,16,5,11,1,3,0,1,3,3,1,3,0,1,0,0,0,0,0,0,01 新北市,1 一般
106,1196,法鼓文理學院,D 日,M 碩士,188,51,137,17,43,17,44,13,35,4,15,0,0,0,0,0,0,0,0,01 新北市,1 一般
106,1196,法鼓文理學院,D 日,B 學士,63,23,40,8,11,6,7,4,9,5,12,0,0,0,0,0,0,0,1,01 新北市,1 一般
106,1282,馬偕醫護管理專科學校,D 日,2 二專,19,7,12,6,11,0,0,0,0,0,0,0,0,0,0,0,0,1,1,30 臺北市,2 技職
106,1282,馬偕醫護管理專科學校,N 修,2 二專,304,154,150,95,96,54,54,0,0,0,0,0,0,0,0,0,0,5,0,30 臺北市,2 技職
106,1282,馬偕醫護管理專科學校,D 日,5 五專,4058,471,3587,108,719,97,716,85,730,76,677,84,672,0,0,0,0,21,73,30 臺北市,2 技職
106,1283,仁德醫護管理專科學校,N 修,2 二專,362,184,178,113,91,60,78,0,0,0,0,0,0,0,0,0,0,11,9,05 苗栗縣,2 技職
106,1283,仁德醫護管理專科學校,D 日,5 五專,6239,1364,4875,257,988,287,1011,286,957,210,849,194,861,0,0,0,0,130,209,05 苗栗縣,2 技職
106,1284,樹人醫護管理專科學校,N 修,2 二專,519,332,187,143,91,134,69,30,18,17,7,0,0,0,0,0,0,8,2,12 高雄市,2 技職
106,1284,樹人醫護管理專科學校,D 日,5 五專,6578,1566,5012,327,1064,340,1074,319,1030,232,812,259,903,0,0,0,0,89,129,12 高雄市,2 技職
106,1285,慈惠醫護管理專科學校,D 日,2 二專,127,54,73,28,40,21,24,0,0,0,0,0,0,0,0,0,0,5,9,13 屏東縣,2 技職
106,1285,慈惠醫護管理專科學校,N 修,2 二專,306,115,191,39,83,45,74,12,10,5,4,0,0,0,0,0,0,14,20,13 屏東縣,2 技職
106,1285,慈惠醫護管理專科學校,D 日,5 五專,5123,1203,3920,170,614,233,849,278,825,236,712,207,725,0,0,0,0,79,195,13 屏東縣,2 技職
106,1286,耕莘健康管理專科學校,N 修,2 二專,88,0,88,0,46,0,40,0,0,0,0,0,0,0,0,0,0,0,2,01 新北市,2 技職
106,1286,耕莘健康管理專科學校,D 日,5 五專,5129,532,4597,109,935,102,944,107,901,107,852,81,852,0,0,0,0,26,113,01 新北市,2 技職
106,1287,敏惠醫護管理專科學校,D 日,5 五專,3858,466,3392,84,709,106,703,95,644,76,627,81,644,0,0,0,0,24,65,11 臺南市,2 技職
106,1288,高美醫護管理專科學校,N 修,2 二專,107,52,55,6,20,45,34,0,0,0,0,0,0,0,0,0,0,1,1,12 高雄市,2 技職
106,1288,高美醫護管理專科學校,D 日,5 五專,483,118,365,8,28,22,93,38,112,25,55,20,58,0,0,0,0,5,19,12 高雄市,2 技職
106,1289,育英醫護管理專科學校,D 日,5 五專,1969,175,1794,43,371,33,368,38,357,31,328,28,324,0,0,0,0,2,46,50 高雄市,2 技職
106,1290,崇仁醫護管理專科學校,D 日,5 五專,3503,428,3075,97,634,85,628,89,608,76,576,68,585,0,0,0,0,13,44,20 嘉義市,2 技職
106,1291,聖母醫護管理專科學校,D 日,5 五專,3155,715,2440,121,437,180,518,162,495,115,460,132,515,0,0,0,0,5,15,02 宜蘭縣,2 技職
106,1292,新生醫護管理專科學校,N 修,2 二專,87,31,56,22,34,9,22,0,0,0,0,0,0,0,0,0,0,0,0,03 桃園市,2 技職
106,1292,新生醫護管理專科學校,D 日,5 五專,5937,740,5197,171,1091,170,1121,150,1076,114,870,119,948,0,0,0,0,16,91,03 桃園市,2 技職
106,3002,臺北市立大學,D 日,D 博士,228,98,130,18,13,18,14,12,24,16,18,11,14,6,18,17,29,0,0,30 臺北市,1 一般
106,3002,臺北市立大學,D 日,M 碩士,1193,383,810,132,241,108,210,79,171,37,126,14,37,13,25,0,0,0,0,30 臺北市,1 一般
106,3002,臺北市立大學,N 職,M 碩士,978,302,676,98,250,102,224,38,100,29,43,15,39,20,20,0,0,0,0,30 臺北市,1 一般
106,3002,臺北市立大學,D 日,B 學士,5276,2385,2891,580,710,574,680,548,705,498,668,0,0,0,0,0,0,185,128,30 臺北市,1 一般
107,0001,國立政治大學,D 日,D 博士,965,551,414,96,85,82,78,93,59,77,54,71,52,58,46,74,40,0,0,30 臺北市,1 一般
107,0001,國立政治大學,D 日,M 碩士,3998,1854,2144,624,742,632,695,348,431,250,276,0,0,0,0,0,0,0,0,30 臺北市,1 一般
107,0001,國立政治大學,N 職,M 碩士,1750,896,854,303,248,253,259,201,210,86,90,53,47,0,0,0,0,0,0,30 臺北市,1 一般
107,0001,國立政治大學,D 日,B 學士,9630,3983,5647,899,1287,890,1332,878,1325,990,1240,0,0,0,0,0,0,326,463,30 臺北市,1 一般
107,0002,國立清華大學,D 日,D 博士,1664,1221,443,225,99,201,71,189,73,168,49,158,50,112,43,168,58,0,0,18 新竹市,1 一般
107,0002,國立清華大學,D 日,M 碩士,5018,3141,1877,1315,719,1159,639,464,306,193,190,6,13,4,10,0,0,0,0,18 新竹市,1 一般
107,0002,國立清華大學,N 職,M 碩士,1221,459,762,186,238,165,227,40,125,27,60,17,46,8,14,16,52,0,0,18 新竹市,1 一般
107,0002,國立清華大學,D 日,B 學士,8689,4696,3993,1089,865,1087,936,1161,994,1073,1032,0,0,0,0,0,0,286,166,18 新竹市,1 一般
107,0002,國立清華大學,D 日,X 4+X,65,41,24,22,16,19,8,0,0,0,0,0,0,0,0,0,0,0,0,18 新竹市,1 一般
107,0003,國立臺灣大學,D 日,D 博士,3459,2405,1054,408,196,374,168,383,147,350,158,304,123,234,109,352,153,0,0,30 臺北市,1 一般
107,0003,國立臺灣大學,D 日,M 碩士,10197,6178,4019,2445,1552,2343,1475,930,604,460,388,0,0,0,0,0,0,0,0,30 臺北市,1 一般
107,0003,國立臺灣大學,N 職,M 碩士,1485,904,581,321,238,316,201,152,93,43,22,35,7,37,20,0,0,0,0,30 臺北市,1 一般
107,0003,國立臺灣大學,D 日,B 學士,16604,9447,7157,2126,1525,2110,1666,2122,1673,2006,1562,184,98,126,61,102,35,671,537,30 臺北市,1 一般
107,0004,國立臺灣師範大學,D 日,D 博士,1378,685,693,109,116,122,120,99,99,103,119,95,82,87,90,70,67,0,0,30 臺北市,3 師範
107,0004,國立臺灣師範大學,D 日,M 碩士,4083,1714,2369,614,796,548,711,344,516,208,346,0,0,0,0,0,0,0,0,30 臺北市,3 師範
107,0004,國立臺灣師範大學,N 職,M 碩士,2042,596,1446,196,450,164,399,111,263,43,159,49,104,33,71,0,0,0,0,30 臺北市,3 師範
107,0004,國立臺灣師範大學,D 日,B 學士,8079,3583,4496,846,1066,850,1063,843,1078,804,1018,0,0,0,0,0,0,240,271,30 臺北市,3 師範
107,0005,國立成功大學,D 日,D 博士,1780,1241,539,244,110,216,97,183,79,188,76,141,69,129,49,140,59,0,0,21 臺南市,1 一般
107,0005,國立成功大學,D 日,M 碩士,6720,4244,2476,1849,1072,1766,982,463,294,165,123,1,5,0,0,0,0,0,0,21 臺南市,1 一般
107,0005,國立成功大學,N 職,M 碩士,1386,873,513,287,179,271,182,168,108,95,30,52,14,0,0,0,0,0,0,21 臺南市,1 一般
107,0005,國立成功大學,D 日,B 學士,11390,7123,4267,1672,1010,1651,1041,1668,996,1593,955,82,68,49,27,53,21,355,149,21 臺南市,1 一般
107,0006,國立中興大學,D 日,D 博士,941,662,279,103,52,99,50,104,39,88,36,92,27,81,30,95,45,0,0,19 臺中市,1 一般
107,0006,國立中興大學,D 日,M 碩士,3401,2049,1352,879,564,815,543,240,172,113,70,2,3,0,0,0,0,0,0,19 臺中市,1 一般
107,0006,國立中興大學,N 職,M 碩士,1506,1006,500,346,193,313,173,161,64,92,35,94,35,0,0,0,0,0,0,19 臺中市,1 一般
107,0006,國立中興大學,D 日,B 學士,8090,4685,3405,1087,799,1100,813,1121,840,1151,815,21,45,0,0,0,0,205,93,19 臺中市,1 一般
107,0006,國立中興大學,P 進,B 學士,946,399,547,91,129,70,116,97,117,83,126,48,49,0,0,0,0,10,10,19 臺中市,1 一般
107,0007,國立交通大學,D 日,D 博士,1729,1380,349,297,90,235,66,208,43,174,56,158,39,131,24,177,31,0,0,18 新竹市,1 一般
107,0007,國立交通大學,D 日,M 碩士,5611,3843,1768,1450,671,1352,635,833,342,207,119,1,1,0,0,0,0,0,0,18 新竹市,1 一般
107,0007,國立交通大學,N 職,M 碩士,1533,1029,504,344,206,330,159,159,62,116,41,80,36,0,0,0,0,0,0,18 新竹市,1 一般
107,0007,國立交通大學,D 日,B 學士,5398,3735,1663,881,417,907,416,893,396,906,374,0,0,0,0,0,0,148,60,18 新竹市,1 一般
107,0008,國立中央大學,D 日,D 博士,1046,763,283,154,55,126,57,129,58,100,40,88,31,76,19,90,23,0,0,03 桃園市,1 一般
107,0008,國立中央大學,D 日,M 碩士,3509,2349,1160,1019,479,922,471,320,139,88,71,0,0,0,0,0,0,0,0,03 桃園市,1 一般
107,0008,國立中央大學,N 職,M 碩士,1348,883,465,356,157,274,204,130,55,66,28,57,21,0,0,0,0,0,0,03 桃園市,1 一般
107,0008,國立中央大學,D 日,B 學士,6057,3872,2185,931,558,956,535,917,524,907,512,0,0,0,0,0,0,161,56,03 桃園市,1 一般
107,0009,國立中山大學,D 日,D 博士,785,534,251,119,54,92,44,90,32,61,40,60,25,59,29,53,27,0,0,50 高雄市,1 一般
107,0009,國立中山大學,D 日,M 碩士,2889,1841,1048,788,391,670,383,282,170,101,104,0,0,0,0,0,0,0,0,50 高雄市,1 一般
107,0009,國立中山大學,N 職,M 碩士,1025,523,502,201,182,208,192,57,64,57,64,0,0,0,0,0,0,0,0,50 高雄市,1 一般
107,0009,國立中山大學,D 日,B 學士,4726,2953,1773,694,412,720,401,683,452,677,425,0,0,0,0,0,0,179,83,50 高雄市,1 一般
107,0012,國立臺灣海洋大學,D 日,D 博士,301,230,71,52,14,38,20,33,6,26,11,30,6,15,5,36,9,0,0,17 基隆市,1 一般
107,0012,國立臺灣海洋大學,D 日,M 碩士,1416,911,505,405,238,342,176,98,50,45,22,15,13,6,6,0,0,0,0,17 基隆市,1 一般
107,0012,國立臺灣海洋大學,N 職,M 碩士,552,334,218,115,92,108,71,65,29,26,14,12,9,4,1,4,2,0,0,17 基隆市,1 一般
107,0012,國立臺灣海洋大學,D 日,B 學士,5769,4002,1767,956,455,955,455,953,433,944,393,0,0,0,0,0,0,194,31,17 基隆市,1 一般
107,0012,國立臺灣海洋大學,P 進,B 學士,473,268,205,60,52,47,40,68,55,66,48,0,0,0,0,0,0,27,10,17 基隆市,1 一般
107,0012,國立臺灣海洋大學,N 修,X 4+X,144,123,21,63,11,58,9,0,0,0,0,0,0,0,0,0,0,2,1,17 基隆市,1 一般
107,0013,國立中正大學,D 日,D 博士,600,407,193,70,33,61,38,65,29,64,34,45,18,46,21,56,20,0,0,10 嘉義縣,1 一般
107,0013,國立中正大學,D 日,M 碩士,2799,1739,1060,700,393,647,405,263,181,128,81,1,0,0,0,0,0,0,0,10 嘉義縣,1 一般
107,0013,國立中正大學,N 職,M 碩士,1350,640,710,221,261,188,238,120,111,63,57,48,43,0,0,0,0,0,0,10 嘉義縣,1 一般
107,0013,國立中正大學,D 日,B 學士,6579,3591,2988,814,727,851,727,894,718,867,732,0,0,0,0,0,0,165,84,10 嘉義縣,1 一般
107,0014,國立高雄師範大學,D 日,D 博士,441,216,225,37,34,39,35,35,37,27,38,29,32,17,21,32,28,0,0,50 高雄市,3 師範
107,0014,國立高雄師範大學,D 日,M 碩士,1393,531,862,194,273,167,253,96,163,61,145,13,24,0,4,0,0,0,0,50 高雄市,3 師範
107,0014,國立高雄師範大學,N 職,M 碩士,1352,477,875,159,267,170,275,75,150,36,96,17,46,20,41,0,0,0,0,50 高雄市,3 師範
107,0014,國立高雄師範大學,D 日,B 學士,3492,1676,1816,452,442,368,447,409,443,396,442,0,0,0,0,0,0,51,42,50 高雄市,3 師範
107,0015,國立彰化師範大學,D 日,D 博士,498,305,193,51,32,53,36,54,28,44,36,41,22,36,21,26,18,0,0,07 彰化縣,3 師範
107,0015,國立彰化師範大學,D 日,M 碩士,1525,751,774,311,279,251,238,120,148,69,109,0,0,0,0,0,0,0,0,07 彰化縣,3 師範
107,0015,國立彰化師範大學,N 職,M 碩士,1386,602,784,203,253,187,250,71,121,52,59,30,30,59,71,0,0,0,0,07 彰化縣,3 師範
107,0015,國立彰化師範大學,D 日,B 學士,4924,2587,2337,621,569,618,575,593,594,620,545,0,0,0,0,0,0,135,54,07 彰化縣,3 師範
107,0016,國立陽明大學,D 日,D 博士,852,495,357,98,70,71,54,94,51,77,51,61,45,42,39,52,47,0,0,30 臺北市,1 一般
107,0016,國立陽明大學,D 日,M 碩士,1257,517,740,250,304,188,296,59,99,19,40,1,1,0,0,0,0,0,0,30 臺北市,1 一般
107,0016,國立陽明大學,N 職,M 碩士,141,44,97,17,32,14,34,10,21,1,7,2,3,0,0,0,0,0,0,30 臺北市,1 一般
107,0016,國立陽明大學,D 日,B 學士,2084,1167,917,229,176,211,182,217,185,199,184,109,64,103,67,81,45,18,14,30 臺北市,1 一般
107,0017,國立臺北大學,D 日,D 博士,197,126,71,23,14,22,14,25,11,14,13,13,7,14,3,15,9,0,0,01 新北市,1 一般
107,0017,國立臺北大學,D 日,M 碩士,1330,652,678,247,249,241,248,97,104,64,71,3,6,0,0,0,0,0,0,01 新北市,1 一般
107,0017,國立臺北大學,N 職,M 碩士,487,236,251,99,103,79,87,38,41,14,10,6,10,0,0,0,0,0,0,01 新北市,1 一般
107,0017,國立臺北大學,D 日,B 學士,5822,2655,3167,617,769,633,751,634,765,647,749,0,0,0,0,0,0,124,133,01 新北市,1 一般
107,0017,國立臺北大學,P 進,B 學士,2087,791,1296,214,335,181,289,165,292,174,299,6,24,0,0,0,0,51,57,01 新北市,1 一般
107,0018,國立嘉義大學,D 日,D 博士,193,109,84,27,12,17,13,21,11,20,18,9,13,6,2,9,15,0,0,20 嘉義市,1 一般
107,0018,國立嘉義大學,D 日,M 碩士,1306,619,687,235,241,175,213,139,122,70,111,0,0,0,0,0,0,0,0,20 嘉義市,1 一般
107,0018,國立嘉義大學,N 職,M 碩士,965,396,569,139,170,138,195,62,117,57,87,0,0,0,0,0,0,0,0,20 嘉義市,1 一般
107,0018,國立嘉義大學,D 日,B 學士,7674,3928,3746,927,917,934,912,948,895,959,921,31,21,0,0,0,0,129,80,20 嘉義市,1 一般
107,0018,國立嘉義大學,P 進,B 學士,2081,1295,786,332,193,304,178,270,177,291,194,0,0,0,0,0,0,98,44,20 嘉義市,1 一般
107,0019,國立高雄大學,D 日,D 博士,24,21,3,6,1,4,1,6,0,2,0,0,0,3,1,0,0,0,0,50 高雄市,1 一般
107,0019,國立高雄大學,D 日,M 碩士,636,404,232,166,92,135,90,70,35,33,15,0,0,0,0,0,0,0,0,50 高雄市,1 一般
107,0019,國立高雄大學,N 職,M 碩士,454,297,157,99,52,101,56,50,20,23,18,15,6,9,5,0,0,0,0,50 高雄市,1 一般
107,0019,國立高雄大學,D 日,B 學士,4277,2465,1812,634,451,559,438,586,427,564,437,0,0,0,0,0,0,122,59,50 高雄市,1 一般
107,0019,國立高雄大學,N 修,C 二技,174,106,68,0,0,0,0,38,22,34,19,0,0,0,0,0,0,34,27,50 高雄市,2 技職
107,0020,國立東華大學,D 日,D 博士,375,231,144,46,43,39,17,43,25,26,21,33,11,25,13,19,14,0,0,15 花蓮縣,1 一般
107,0020,國立東華大學,D 日,M 碩士,1501,766,735,259,246,217,207,154,145,136,137,0,0,0,0,0,0,0,0,15 花蓮縣,1 一般
107,0020,國立東華大學,N 職,M 碩士,521,226,295,79,117,60,73,41,54,24,15,10,20,12,16,0,0,0,0,15 花蓮縣,1 一般
107,0020,國立東華大學,D 日,B 學士,7531,3616,3915,824,963,863,929,827,950,842,906,0,0,0,0,0,0,260,167,15 花蓮縣,1 一般
107,0021,國立暨南國際大學,D 日,D 博士,324,163,161,23,34,32,28,33,28,20,20,16,25,21,12,18,14,0,0,08 南投縣,1 一般
107,0021,國立暨南國際大學,D 日,M 碩士,848,422,426,136,154,142,123,77,76,56,62,9,5,2,6,0,0,0,0,08 南投縣,1 一般
107,0021,國立暨南國際大學,N 職,M 碩士,429,191,238,68,75,70,71,33,49,11,21,5,13,4,9,0,0,0,0,08 南投縣,1 一般
107,0021,國立暨南國際大學,D 日,B 學士,4599,2102,2497,446,600,519,600,494,620,533,585,0,0,0,0,0,0,110,92,08 南投縣,1 一般
107,0022,國立臺灣科技大學,D 日,D 博士,1003,793,210,186,53,194,46,144,50,88,18,61,19,67,17,53,7,0,0,30 臺北市,2 技職
107,0022,國立臺灣科技大學,N 職,D 博士,5,5,0,0,0,0,0,0,0,0,0,0,0,0,0,5,0,0,0,30 臺北市,2 技職
107,0022,國立臺灣科技大學,D 日,M 碩士,3500,2409,1091,1133,510,998,456,223,101,55,24,0,0,0,0,0,0,0,0,30 臺北市,2 技職
107,0022,國立臺灣科技大學,N 職,M 碩士,798,533,265,207,121,205,105,67,26,50,11,2,1,2,1,0,0,0,0,30 臺北市,2 技職
107,0022,國立臺灣科技大學,D 日,B 四技,5641,3974,1667,968,392,959,393,967,388,885,427,0,0,0,0,0,0,195,67,30 臺北市,2 技職
107,0022,國立臺灣科技大學,D 日,C 二技,187,76,111,0,0,0,0,44,55,31,48,0,0,0,0,0,0,1,8,30 臺北市,2 技職
107,0022,國立臺灣科技大學,N 修,C 二技,3,0,3,0,0,0,0,0,0,0,0,0,0,0,0,0,0,0,3,30 臺北市,2 技職
107,0023,國立雲林科技大學,D 日,D 博士,419,262,157,51,32,45,27,38,22,42,22,41,21,19,17,26,16,0,0,09 雲林縣,2 技職
107,0023,國立雲林科技大學,D 日,M 碩士,1934,1219,715,497,293,512,259,153,114,57,49,0,0,0,0,0,0,0,0,09 雲林縣,2 技職
107,0023,國立雲林科技大學,N 職,M 碩士,714,402,312,164,136,137,107,60,46,21,13,20,10,0,0,0,0,0,0,09 雲林縣,2 技職
107,0023,國立雲林科技大學,D 日,B 四技,6360,3779,2581,892,621,891,630,924,623,916,626,0,0,0,0,0,0,156,81,09 雲林縣,2 技職
107,0023,國立雲林科技大學,N 修,B 四技,86,36,50,17,27,19,23,0,0,0,0,0,0,0,0,0,0,0,0,09 雲林縣,2 技職
107,0023,國立雲林科技大學,D 日,C 二技,219,93,126,0,0,0,0,43,62,39,48,0,0,0,0,0,0,11,16,09 雲林縣,2 技職
107,0024,國立屏東科技大學,D 日,D 博士,248,165,83,36,18,24,13,26,13,21,10,20,10,11,8,27,11,0,0,13 屏東縣,2 技職
107,0024,國立屏東科技大學,D 日,M 碩士,1160,668,492,306,249,246,155,82,64,29,19,2,1,3,4,0,0,0,0,13 屏東縣,2 技職
107,0024,國立屏東科技大學,N 職,M 碩士,404,284,120,86,46,128,50,29,11,19,6,12,4,10,3,0,0,0,0,13 屏東縣,2 技職
107,0024,國立屏東科技大學,D 日,B 四技,7832,4134,3698,1007,845,966,860,934,866,928,925,49,56,0,0,0,0,250,146,13 屏東縣,2 技職
107,0024,國立屏東科技大學,N 修,B 四技,1471,799,672,205,137,175,170,177,146,169,180,0,0,0,0,0,0,73,39,13 屏東縣,2 技職
107,0024,國立屏東科技大學,D 日,C 二技,7,2,5,0,0,0,0,1,2,1,2,0,0,0,0,0,0,0,1,13 屏東縣,2 技職
107,0025,國立臺北科技大學,D 日,D 博士,689,537,152,94,19,89,26,85,21,80,22,60,17,56,21,73,26,0,0,30 臺北市,2 技職
107,0025,國立臺北科技大學,D 日,M 碩士,2842,2130,712,947,314,934,317,198,59,51,22,0,0,0,0,0,0,0,0,30 臺北市,2 技職
107,0025,國立臺北科技大學,N 職,M 碩士,1538,1105,433,407,169,377,152,164,71,97,26,33,11,27,4,0,0,0,0,30 臺北市,2 技職
107,0025,國立臺北科技大學,D 日,B 四技,5928,4146,1782,1049,460,1044,469,1029,444,983,400,0,0,0,0,0,0,41,9,30 臺北市,2 技職
107,0025,國立臺北科技大學,N 修,B 四技,1778,1504,274,383,65,431,87,377,74,278,43,0,0,0,0,0,0,35,5,30 臺北市,2 技職
107,0025,國立臺北科技大學,D 日,C 二技,122,54,68,0,0,0,0,33,44,21,24,0,0,0,0,0,0,0,0,30 臺北市,2 技職
107,0025,國立臺北科技大學,N 修,C 二技,168,120,48,0,0,0,0,38,10,39,17,14,7,0,0,0,0,29,14,30 臺北市,2 技職
107,0025,國立臺北科技大學,D 日,5 五專,32,26,6,26,6,0,0,0,0,0,0,0,0,0,0,0,0,0,0,30 臺北市,2 技職
107,0028,國立臺北藝術大學,D 日,D 博士,94,30,64,8,13,10,9,3,12,1,12,4,5,3,6,1,7,0,0,30 臺北市,1 一般
107,0028,國立臺北藝術大學,D 日,M 碩士,971,347,624,97,178,99,164,74,159,77,123,0,0,0,0,0,0,0,0,30 臺北市,1 一般
107,0028,國立臺北藝術大學,N 職,M 碩士,169,52,117,12,35,13,37,14,25,7,14,6,6,0,0,0,0,0,0,30 臺北市,1 一般
107,0028,國立臺北藝術大學,D 日,B 學士,1713,596,1117,128,244,149,238,121,270,134,244,0,0,0,0,0,0,64,121,30 臺北市,1 一般
107,0028,國立臺北藝術大學,D 日,X 4+X,53,34,19,21,9,12,10,0,0,0,0,0,0,0,0,0,0,1,0,30 臺北市,1 一般
107,0028,國立臺北藝術大學,D 日,5 七年,72,26,46,7,16,7,15,12,15,0,0,0,0,0,0,0,0,0,0,30 臺北市,1 一般
107,0029,國立臺灣藝術大學,D 日,D 博士,126,64,62,19,15,15,16,12,10,8,8,6,5,2,6,2,2,0,0,01 新北市,1 一般
107,0029,國立臺灣藝術大學,D 日,M 碩士,725,286,439,78,159,74,114,80,111,54,55,0,0,0,0,0,0,0,0,01 新北市,1 一般
107,0029,國立臺灣藝術大學,N 職,M 碩士,422,167,255,39,62,40,71,46,49,24,39,12,22,6,12,0,0,0,0,01 新北市,1 一般
107,0029,國立臺灣藝術大學,D 日,B 學士,2459,707,1752,155,376,140,403,154,394,144,389,0,0,0,0,0,0,114,190,01 新北市,1 一般
107,0029,國立臺灣藝術大學,P 進,B 學士,1613,513,1100,120,260,119,249,112,236,100,255,0,0,0,0,0,0,62,100,01 新北市,1 一般
107,0029,國立臺灣藝術大學,N 修,C 二技,369,92,277,0,0,0,0,35,122,36,106,0,0,0,0,0,0,21,49,01 新北市,2 技職
107,0030,國立臺東大學,D 日,D 博士,44,17,27,5,4,2,4,1,6,5,3,1,3,1,2,2,5,0,0,14 臺東縣,1 一般
107,0030,國立臺東大學,D 日,M 碩士,337,129,208,41,70,41,60,30,37,14,27,3,13,0,1,0,0,0,0,14 臺東縣,1 一般
107,0030,國立臺東大學,N 職,M 碩士,536,152,384,51,157,56,132,17,45,18,25,5,12,2,10,3,3,0,0,14 臺東縣,1 一般
107,0030,國立臺東大學,D 日,B 學士,3473,1705,1768,425,456,422,412,377,422,401,430,0,0,0,0,0,0,80,48,14 臺東縣,1 一般
107,0030,國立臺東大學,P 進,B 學士,174,76,98,24,28,19,31,18,20,11,17,0,0,0,0,0,0,4,2,14 臺東縣,1 一般
107,0030,國立臺東大學,N 修,C 二技,19,10,9,0,0,0,0,10,9,0,0,0,0,0,0,0,0,0,0,14 臺東縣,2 技職
107,0031,國立宜蘭大學,D 日,D 博士,11,8,3,1,2,1,0,3,0,0,0,1,1,0,0,2,0,0,0,02 宜蘭縣,1 一般
107,0031,國立宜蘭大學,D 日,M 碩士,456,298,158,115,71,114,57,50,25,18,5,1,0,0,0,0,0,0,0,02 宜蘭縣,1 一般
107,0031,國立宜蘭大學,N 職,M 碩士,222,163,59,59,26,40,17,24,9,18,2,13,5,9,0,0,0,0,0,02 宜蘭縣,1 一般
107,0031,國立宜蘭大學,D 日,B 學士,4409,2865,1544,649,399,731,373,712,374,663,373,0,0,0,0,0,0,110,25,02 宜蘭縣,1 一般
107,0031,國立宜蘭大學,P 進,B 學士,372,252,120,75,33,65,23,50,35,46,25,0,0,0,0,0,0,16,4,02 宜蘭縣,1 一般
107,0032,國立聯合大學,D 日,D 博士,15,15,0,3,0,3,0,3,0,3,0,2,0,0,0,1,0,0,0,05 苗栗縣,1 一般
107,0032,國立聯合大學,D 日,M 碩士,456,332,124,144,53,111,47,53,17,23,5,0,2,1,0,0,0,0,0,05 苗栗縣,1 一般
107,0032,國立聯合大學,N 職,M 碩士,6,2,4,1,2,1,2,0,0,0,0,0,0,0,0,0,0,0,0,05 苗栗縣,1 一般
107,0032,國立聯合大學,D 日,B 學士,5901,4022,1879,963,460,983,459,931,455,956,452,23,18,0,0,0,0,166,35,05 苗栗縣,1 一般
107,0032,國立聯合大學,P 進,B 學士,1244,773,471,256,101,147,113,153,118,162,116,0,0,0,0,0,0,55,23,05 苗栗縣,1 一般
107,0033,國立虎尾科技大學,D 日,D 博士,39,31,8,10,1,7,1,4,1,3,2,2,1,4,2,1,0,0,0,09 雲林縣,2 技職
107,0033,國立虎尾科技大學,D 日,M 碩士,852,670,182,330,94,262,72,58,12,20,4,0,0,0,0,0,0,0,0,09 雲林縣,2 技職
107,0033,國立虎尾科技大學,N 職,M 碩士,191,136,55,39,25,50,21,20,6,23,2,4,1,0,0,0,0,0,0,09 雲林縣,2 技職
107,0033,國立虎尾科技大學,D 日,B 四技,7175,5480,1695,1371,402,1384,412,1287,430,1258,421,0,0,0,0,0,0,180,30,09 雲林縣,2 技職
107,0033,國立虎尾科技大學,N 修,B 四技,1717,1348,369,399,122,346,87,336,80,221,63,0,0,0,0,0,0,46,17,09 雲林縣,2 技職
107,0033,國立虎尾科技大學,D 日,C 二技,204,160,44,0,0,0,0,87,22,71,22,0,0,0,0,0,0,2,0,09 雲林縣,2 技職
107,0033,國立虎尾科技大學,N 修,C 二技,98,50,48,0,0,0,0,22,18,27,30,0,0,0,0,0,0,1,0,09 雲林縣,2 技職
107,0033,國立虎尾科技大學,D 日,5 五專,52,45,7,45,7,0,0,0,0,0,0,0,0,0,0,0,0,0,0,09 雲林縣,2 技職
107,0035,國立臺南藝術大學,D 日,D 博士,37,20,17,3,4,4,3,3,3,2,2,1,3,5,0,2,2,0,0,11 臺南市,1 一般
107,0035,國立臺南藝術大學,D 日,M 碩士,535,185,350,45,122,52,84,40,82,47,59,0,2,0,0,1,1,0,0,11 臺南市,1 一般
107,0035,國立臺南藝術大學,N 職,M 碩士,51,14,37,1,6,1,8,4,10,7,5,0,3,0,3,1,2,0,0,11 臺南市,1 一般
107,0035,國立臺南藝術大學,D 日,B 學士,774,240,534,57,132,55,127,58,130,47,121,0,0,0,0,0,0,23,24,11 臺南市,1 一般
107,0035,國立臺南藝術大學,D 日,5 七年,167,58,109,20,39,16,38,22,32,0,0,0,0,0,0,0,0,0,0,11 臺南市,1 一般
107,0036,國立臺南大學,D 日,D 博士,176,77,99,10,16,12,15,13,19,15,15,11,8,9,13,7,13,0,0,21 臺南市,1 一般
107,0036,國立臺南大學,D 日,M 碩士,879,394,485,130,159,129,135,88,110,46,76,1,4,0,1,0,0,0,0,21 臺南市,1 一般
107,0036,國立臺南大學,N 職,M 碩士,662,218,444,80,148,74,145,33,65,20,59,10,20,1,7,0,0,0,0,21 臺南市,1 一般
107,0036,國立臺南大學,D 日,B 學士,3885,1820,2065,435,497,429,506,435,497,429,517,0,0,0,0,0,0,92,48,21 臺南市,1 一般
107,0036,國立臺南大學,P 進,B 學士,90,39,51,23,20,1,10,2,7,9,11,0,0,0,0,0,0,4,3,21 臺南市,1 一般
107,0037,國立臺北教育大學,D 日,D 博士,148,73,75,10,16,15,14,11,11,12,11,4,9,6,6,15,8,0,0,30 臺北市,3 師範
107,0037,國立臺北教育大學,D 日,M 碩士,1321,445,876,131,282,134,262,90,163,80,143,7,17,3,9,0,0,0,0,30 臺北市,3 師範
107,0037,國立臺北教育大學,N 職,M 碩士,937,199,738,66,239,72,262,23,106,29,105,6,17,3,7,0,2,0,0,30 臺北市,3 師範
107,0037,國立臺北教育大學,D 日,B 學士,3408,1174,2234,270,566,288,531,270,527,267,531,0,0,0,0,0,0,79,79,30 臺北市,3 師範
107,0039,國立臺中教育大學,D 日,D 博士,115,55,60,4,11,8,9,9,8,10,9,10,5,6,8,8,10,0,0,19 臺中市,3 師範
107,0039,國立臺中教育大學,D 日,M 碩士,822,288,534,88,175,84,187,73,100,31,50,4,16,8,6,0,0,0,0,19 臺中市,3 師範
107,0039,國立臺中教育大學,N 職,M 碩士,754,189,565,57,192,49,174,31,111,23,47,13,26,16,15,0,0,0,0,19 臺中市,3 師範
107,0039,國立臺中教育大學,D 日,B 學士,3275,1171,2104,282,513,296,496,274,511,264,535,0,0,0,0,0,0,55,49,19 臺中市,3 師範
107,0042,國立澎湖科技大學,D 日,M 碩士,69,40,29,16,10,15,11,8,6,1,2,0,0,0,0,0,0,0,0,16 澎湖縣,2 技職
107,0042,國立澎湖科技大學,N 職,M 碩士,43,23,20,8,5,12,14,3,0,0,1,0,0,0,0,0,0,0,0,16 澎湖縣,2 技職
107,0042,國立澎湖科技大學,D 日,B 四技,2616,1541,1075,394,272,383,249,355,298,347,244,0,0,0,0,0,0,62,12,16 澎湖縣,2 技職
107,0042,國立澎湖科技大學,N 修,B 四技,284,134,150,56,41,27,41,21,28,21,34,0,0,0,0,0,0,9,6,16 澎湖縣,2 技職
107,0042,國立澎湖科技大學,D 日,5 五專,13,11,2,11,2,0,0,0,0,0,0,0,0,0,0,0,0,0,0,16 澎湖縣,2 技職
107,0043,國立勤益科技大學,D 日,D 博士,18,16,2,3,0,2,1,3,0,2,1,3,0,3,0,0,0,0,0,06 臺中市,2 技職
107,0043,國立勤益科技大學,D 日,M 碩士,555,429,126,184,46,182,60,51,17,12,3,0,0,0,0,0,0,0,0,06 臺中市,2 技職
107,0043,國立勤益科技大學,N 職,M 碩士,281,224,57,93,28,77,23,25,2,17,3,8,1,4,0,0,0,0,0,06 臺中市,2 技職
107,0043,國立勤益科技大學,D 日,B 四技,6673,4520,2153,1163,549,1089,513,1031,497,1065,546,0,0,0,0,0,0,172,48,06 臺中市,2 技職
107,0043,國立勤益科技大學,N 修,B 四技,3479,2858,621,739,157,726,156,640,124,594,153,0,0,0,0,0,0,159,31,06 臺中市,2 技職
107,0043,國立勤益科技大學,D 日,C 二技,76,71,5,0,0,0,0,38,4,32,1,0,0,0,0,0,0,1,0,06 臺中市,2 技職
107,0043,國立勤益科技大學,N 修,C 二技,19,14,5,0,0,0,0,8,4,4,1,0,0,0,0,0,0,2,0,06 臺中市,2 技職
107,0044,國立體育大學,D 日,D 博士,158,108,50,26,3,20,8,14,10,21,7,11,6,10,6,6,10,0,0,03 桃園市,1 一般
107,0044,國立體育大學,D 日,M 碩士,343,189,154,79,53,57,50,32,31,21,20,0,0,0,0,0,0,0,0,03 桃園市,1 一般
107,0044,國立體育大學,N 職,M 碩士,216,132,84,53,27,41,31,21,16,12,6,4,3,1,1,0,0,0,0,03 桃園市,1 一般
107,0044,國立體育大學,D 日,B 學士,1675,1075,600,272,140,235,158,232,149,242,122,0,0,0,0,0,0,94,31,03 桃園市,1 一般
107,0044,國立體育大學,N 修,C 二年制,73,55,18,0,0,0,0,26,9,24,8,0,0,0,0,0,0,5,1,03 桃園市,1 一般
107,0046,國立臺北護理健康大學,D 日,D 博士,69,6,63,3,15,3,15,0,8,0,7,0,8,0,9,0,1,0,0,30 臺北市,2 技職
107,0046,國立臺北護理健康大學,D 日,M 碩士,568,94,474,33,156,32,140,17,108,12,70,0,0,0,0,0,0,0,0,30 臺北市,2 技職
107,0046,國立臺北護理健康大學,N 職,M 碩士,203,30,173,11,57,8,54,9,44,2,18,0,0,0,0,0,0,0,0,30 臺北市,2 技職
107,0046,國立臺北護理健康大學,D 日,B 四技,2836,715,2121,208,514,161,560,158,493,150,489,0,0,0,0,0,0,38,65,30 臺北市,2 技職
107,0046,國立臺北護理健康大學,D 日,C 二技,857,53,804,0,0,0,0,34,388,18,401,0,0,0,0,0,0,1,15,30 臺北市,2 技職
107,0046,國立臺北護理健康大學,N 修,C 二技,714,24,690,0,0,0,0,13,229,9,217,1,219,0,0,0,0,1,25,30 臺北市,2 技職
107,0047,國立高雄餐旅大學,D 日,D 博士,29,12,17,1,6,1,4,3,0,2,1,2,5,1,0,2,1,0,0,50 高雄市,2 技職
107,0047,國立高雄餐旅大學,D 日,M 碩士,150,50,100,26,42,18,37,5,19,1,2,0,0,0,0,0,0,0,0,50 高雄市,2 技職
107,0047,國立高雄餐旅大學,N 職,M 碩士,50,28,22,6,12,11,6,4,1,6,1,1,2,0,0,0,0,0,0,50 高雄市,2 技職
107,0047,國立高雄餐旅大學,D 日,B 四技,3176,922,2254,251,561,220,542,221,560,216,572,0,0,0,0,0,0,14,19,50 高雄市,2 技職
107,0047,國立高雄餐旅大學,N 修,B 四技,1100,324,776,93,199,95,251,73,161,54,163,0,0,0,0,0,0,9,2,50 高雄市,2 技職
107,0047,國立高雄餐旅大學,D 日,C 二技,92,14,78,0,0,0,0,8,36,6,42,0,0,0,0,0,0,0,0,50 高雄市,2 技職
107,0047,國立高雄餐旅大學,N 修,C 二技,297,71,226,0,0,0,0,36,108,35,112,0,0,0,0,0,0,0,6,50 高雄市,2 技職
107,0047,國立高雄餐旅大學,N 修,X 4+X,47,16,31,15,26,0,0,0,0,0,0,0,0,0,0,0,0,1,5,50 高雄市,2 技職
107,0047,國立高雄餐旅大學,N 修,2 二專,12,5,7,0,0,0,1,0,0,0,0,0,0,0,0,0,0,5,6,50 高雄市,2 技職
107,0047,國立高雄餐旅大學,D 日,5 五專,244,96,148,22,30,17,29,21,29,18,29,16,30,0,0,0,0,2,1,50 高雄市,2 技職
107,0048,國立金門大學,D 日,M 碩士,207,127,80,39,36,44,16,24,16,20,12,0,0,0,0,0,0,0,0,71 金門縣,1 一般
107,0048,國立金門大學,N 職,M 碩士,91,69,22,36,11,25,9,8,2,0,0,0,0,0,0,0,0,0,0,71 金門縣,1 一般
107,0048,國立金門大學,D 日,B 學士,3153,1593,1560,335,377,394,343,364,401,393,385,25,16,0,0,0,0,82,38,71 金門縣,1 一般
107,0048,國立金門大學,P 進,B 學士,852,487,365,150,109,117,86,96,82,90,71,0,0,0,0,0,0,34,17,71 金門縣,1 一般
107,0049,國立臺灣體育運動大學,D 日,M 碩士,251,122,129,44,42,27,38,30,35,13,8,7,4,1,1,0,1,0,0,19 臺中市,1 一般
107,0049,國立臺灣體育運動大學,N 職,M 碩士,105,61,44,26,15,9,19,13,6,7,4,4,0,2,0,0,0,0,0,19 臺中市,1 一般
107,0049,國立臺灣體育運動大學,D 日,B 學士,2379,1400,979,333,255,314,226,314,225,319,225,0,0,0,0,0,0,120,48,19 臺中市,1 一般
107,0049,國立臺灣體育運動大學,P 進,B 學士,365,259,106,64,34,64,26,63,24,45,17,0,0,0,0,0,0,23,5,19 臺中市,1 一般
107,0050,國立臺中科技大學,D 日,M 碩士,369,166,203,72,94,62,83,22,20,10,6,0,0,0,0,0,0,0,0,19 臺中市,2 技職
107,0050,國立臺中科技大學,N 職,M 碩士,218,100,118,44,50,43,56,9,10,4,2,0,0,0,0,0,0,0,0,19 臺中市,2 技職
107,0050,國立臺中科技大學,D 日,B 四技,5470,1590,3880,398,923,367,934,409,949,335,974,0,0,0,0,0,0,81,100,19 臺中市,2 技職
107,0050,國立臺中科技大學,N 修,B 四技,2156,712,1444,179,398,156,361,170,295,154,322,0,0,0,0,0,0,53,68,19 臺中市,2 技職
107,0050,國立臺中科技大學,D 日,C 二技,1462,293,1169,0,0,0,0,148,554,129,505,0,0,0,0,0,0,16,110,19 臺中市,2 技職
107,0050,國立臺中科技大學,N 修,C 二技,394,112,282,0,0,0,0,58,136,44,112,0,0,0,0,0,0,10,34,19 臺中市,2 技職
107,0050,國立臺中科技大學,N 修,2 二專,12,0,12,0,0,0,1,0,0,0,0,0,0,0,0,0,0,0,11,19 臺中市,2 技職
107,0050,國立臺中科技大學,D 日,5 五專,3484,759,2725,176,550,157,501,145,499,120,550,144,585,0,0,0,0,17,40,19 臺中市,2 技職
107,0051,國立臺北商業大學,D 日,M 碩士,238,96,142,56,82,28,52,7,6,5,2,0,0,0,0,0,0,0,0,30 臺北市,2 技職
107,0051,國立臺北商業大學,N 職,M 碩士,43,23,20,14,10,9,9,0,1,0,0,0,0,0,0,0,0,0,0,30 臺北市,2 技職
107,0051,國立臺北商業大學,D 日,B 四技,2366,690,1676,175,376,190,452,168,413,135,399,0,0,0,0,0,0,22,36,30 臺北市,2 技職
107,0051,國立臺北商業大學,N 修,B 四技,679,213,466,72,147,49,104,37,107,48,93,0,0,0,0,0,0,7,15,30 臺北市,2 技職
107,0051,國立臺北商業大學,D 日,C 二技,779,169,610,0,0,0,0,83,293,74,294,0,0,0,0,0,0,12,23,30 臺北市,2 技職
107,0051,國立臺北商業大學,N 修,C 二技,739,206,533,0,0,0,0,85,270,110,238,0,0,0,0,0,0,11,25,30 臺北市,2 技職
107,0051,國立臺北商業大學,N 修,X 4+X,9,4,5,0,0,4,5,0,0,0,0,0,0,0,0,0,0,0,0,30 臺北市,2 技職
107,0051,國立臺北商業大學,N 修,2 二專,2,2,0,0,0,0,0,1,0,0,0,0,0,0,0,0,0,1,0,30 臺北市,2 技職
107,0051,國立臺北商業大學,D 日,5 五專,1874,523,1351,118,230,88,267,83,271,104,280,112,272,0,0,0,0,18,31,30 臺北市,2 技職
107,0052,國立屏東大學,D 日,D 博士,46,24,22,4,5,5,6,4,2,2,7,5,1,1,1,3,0,0,0,13 屏東縣,1 一般
107,0052,國立屏東大學,D 日,M 碩士,889,381,508,139,182,124,135,68,122,50,69,0,0,0,0,0,0,0,0,13 屏東縣,1 一般
107,0052,國立屏東大學,N 職,M 碩士,633,188,445,92,141,56,138,21,90,11,45,8,31,0,0,0,0,0,0,13 屏東縣,1 一般
107,0052,國立屏東大學,D 日,B 學士,6731,2672,4059,627,975,655,973,671,968,589,1037,0,0,0,0,0,0,130,106,13 屏東縣,1 一般
107,0052,國立屏東大學,P 進,B 學士,670,320,350,104,95,77,83,67,91,44,58,0,0,0,0,0,0,28,23,13 屏東縣,1 一般
107,0053,國立高雄科技大學,D 日,D 博士,551,440,111,82,14,75,19,67,35,78,16,56,12,41,5,41,10,0,0,50 高雄市,2 技職
107,0053,國立高雄科技大學,D 日,M 碩士,2523,1676,847,788,342,635,346,176,103,76,56,0,0,1,0,0,0,0,0,50 高雄市,2 技職
107,0053,國立高雄科技大學,N 職,M 碩士,2032,1376,656,567,304,498,251,160,56,90,31,40,8,21,6,0,0,0,0,50 高雄市,2 技職
107,0053,國立高雄科技大學,D 日,B 四技,17332,10588,6744,2662,1578,2581,1631,2514,1683,2408,1679,0,0,0,0,0,0,423,173,50 高雄市,2 技職
107,0053,國立高雄科技大學,N 修,B 四技,3538,2400,1138,649,346,623,268,498,242,438,240,0,0,0,0,0,0,192,42,50 高雄市,2 技職
107,0053,國立高雄科技大學,D 日,C 二技,456,284,172,0,0,0,0,119,83,130,81,0,0,0,0,0,0,35,8,50 高雄市,2 技職
107,0053,國立高雄科技大學,N 修,C 二技,202,100,102,0,0,0,0,45,27,48,61,0,0,0,0,0,0,7,14,50 高雄市,2 技職
107,0053,國立高雄科技大學,D 日,X 4+X,1,1,0,0,0,0,0,0,0,0,0,0,0,0,0,0,0,1,0,50 高雄市,2 技職
107,0053,國立高雄科技大學,D 日,5 五專,639,529,110,191,36,81,19,81,16,80,16,76,18,0,0,0,0,20,5,50 高雄市,2 技職
107,0144,國立臺灣戲曲學院,D 日,B 四技,568,200,368,53,95,42,96,44,88,38,77,0,0,0,0,0,0,23,12,30 臺北市,2 技職
107,0144,國立臺灣戲曲學院,N 修,B 四技,39,19,20,0,0,5,4,4,7,10,8,0,0,0,0,0,0,0,1,30 臺北市,2 技職
107,0221,國立臺南護理專科學校,D 日,2 二專,110,2,108,1,62,1,46,0,0,0,0,0,0,0,0,0,0,0,0,21 臺南市,2 技職
107,0221,國立臺南護理專科學校,N 修,2 二專,53,4,49,1,22,3,24,0,0,0,0,0,0,0,0,0,0,0,3,21 臺南市,2 技職
107,0221,國立臺南護理專科學校,D 日,5 五專,1795,129,1666,30,331,29,332,22,342,22,331,25,314,0,0,0,0,1,16,21 臺南市,2 技職
107,0222,國立臺東專科學校,D 日,2 二專,581,438,143,214,88,211,51,0,0,0,0,0,0,0,0,0,0,13,4,14 臺東縣,2 技職
107,0222,國立臺東專科學校,N 修,2 二專,89,53,36,36,19,15,11,0,0,0,0,0,0,0,0,0,0,2,6,14 臺東縣,2 技職
107,0222,國立臺東專科學校,D 日,5 五專,504,219,285,23,35,30,61,43,72,65,54,39,48,0,0,0,0,19,15,14 臺東縣,2 技職
107,1001,東海大學,D 日,D 博士,243,147,96,37,18,22,14,18,12,23,12,16,14,15,7,16,19,0,0,19 臺中市,1 一般
107,1001,東海大學,D 日,M 碩士,1234,625,609,216,213,198,189,114,112,85,90,7,3,5,2,0,0,0,0,19 臺中市,1 一般
107,1001,東海大學,N 職,M 碩士,720,350,370,119,132,90,111,46,57,45,38,28,16,22,16,0,0,0,0,19 臺中市,1 一般
107,1001,東海大學,D 日,B 學士,13279,5983,7296,1373,1810,1462,1757,1402,1693,1392,1758,16,14,0,0,0,0,338,264,19 臺中市,1 一般
107,1001,東海大學,P 進,B 學士,604,323,281,71,60,54,54,57,53,44,60,64,41,0,0,0,0,33,13,19 臺中市,1 一般
107,1002,輔仁大學,D 日,D 博士,420,233,187,42,36,44,35,34,28,35,29,29,25,19,14,30,20,0,0,01 新北市,1 一般
107,1002,輔仁大學,D 日,M 碩士,2007,847,1160,307,373,275,350,162,237,100,185,2,8,1,7,0,0,0,0,01 新北市,1 一般
107,1002,輔仁大學,N 職,M 碩士,1423,604,819,230,303,212,274,50,93,44,60,31,38,37,51,0,0,0,0,01 新北市,1 一般
107,1002,輔仁大學,D 日,B 學士,17839,7598,10241,1709,2414,1806,2417,1809,2466,1717,2469,27,20,37,15,34,12,459,428,01 新北市,1 一般
107,1002,輔仁大學,P 進,B 學士,4422,1698,2724,418,639,375,576,396,623,332,638,0,0,0,0,0,0,177,248,01 新北市,1 一般
107,1002,輔仁大學,N 修,C 二技,65,2,63,0,0,0,0,2,29,0,34,0,0,0,0,0,0,0,0,01 新北市,2 技職
107,1003,東吳大學,D 日,D 博士,124,66,58,10,7,11,9,12,10,8,9,9,10,11,4,5,9,0,0,30 臺北市,1 一般
107,1003,東吳大學,D 日,M 碩士,1256,572,684,185,208,161,206,107,153,117,114,2,3,0,0,0,0,0,0,30 臺北市,1 一般
107,1003,東吳大學,N 職,M 碩士,1175,539,636,126,171,145,151,82,121,88,69,51,58,47,66,0,0,0,0,30 臺北市,1 一般
107,1003,東吳大學,D 日,B 學士,12012,4742,7270,1110,1621,1061,1672,1091,1724,1080,1753,120,148,0,0,0,0,280,352,30 臺北市,1 一般
107,1003,東吳大學,P 進,B 學士,1071,356,715,98,137,75,131,63,148,59,167,43,100,0,0,0,0,18,32,30 臺北市,1 一般
107,1003,東吳大學,D 日,X 4+X,27,24,3,17,3,7,0,0,0,0,0,0,0,0,0,0,0,0,0,30 臺北市,1 一般
107,1004,中原大學,D 日,D 博士,348,243,105,60,24,29,23,38,18,40,16,28,10,22,7,26,7,0,0,03 桃園市,1 一般
107,1004,中原大學,D 日,M 碩士,1611,973,638,408,258,382,222,110,90,72,67,0,1,0,0,1,0,0,0,03 桃園市,1 一般
107,1004,中原大學,N 職,M 碩士,869,542,327,173,143,173,109,80,29,55,23,23,15,38,8,0,0,0,0,03 桃園市,1 一般
107,1004,中原大學,D 日,B 學士,13360,7270,6090,1651,1467,1715,1399,1637,1452,1697,1424,72,96,0,0,0,0,498,252,03 桃園市,1 一般
107,1004,中原大學,D 日,X 4+X,1,1,0,0,0,0,0,0,0,0,0,0,0,0,0,0,0,1,0,03 桃園市,1 一般
107,1005,淡江大學,D 日,D 博士,428,283,145,43,36,52,17,44,23,44,12,32,18,36,23,32,16,0,0,01 新北市,1 一般
107,1005,淡江大學,D 日,M 碩士,1790,1018,772,412,295,376,284,146,110,84,83,0,0,0,0,0,0,0,0,01 新北市,1 一般
107,1005,淡江大學,N 職,M 碩士,988,514,474,166,142,185,181,54,59,40,36,45,25,24,31,0,0,0,0,01 新北市,1 一般
107,1005,淡江大學,D 日,B 學士,20476,10374,10102,2437,2352,2417,2396,2411,2494,2362,2485,31,26,0,0,0,0,716,349,01 新北市,1 一般
107,1005,淡江大學,P 進,B 學士,1661,885,776,224,180,137,111,168,165,228,241,0,0,0,0,0,0,128,79,01 新北市,1 一般
107,1006,中國文化大學,D 日,D 博士,547,350,197,38,20,42,27,47,23,36,32,43,25,40,20,104,50,0,0,30 臺北市,1 一般
107,1006,中國文化大學,D 日,M 碩士,1673,895,778,238,256,179,181,160,127,141,99,100,72,77,43,0,0,0,0,30 臺北市,1 一般
107,1006,中國文化大學,N 職,M 碩士,560,215,345,74,140,53,101,28,37,23,31,21,25,16,11,0,0,0,0,30 臺北市,1 一般
107,1006,中國文化大學,D 日,B 學士,20749,9846,10903,2324,2578,2254,2372,2265,2537,2094,2635,26,27,0,0,0,0,883,754,30 臺北市,1 一般
107,1006,中國文化大學,P 進,B 學士,1561,671,890,192,267,116,159,128,167,140,161,0,0,0,0,0,0,95,136,30 臺北市,1 一般
107,1006,中國文化大學,N 修,C 二技,135,42,93,0,0,0,0,9,18,26,64,5,10,0,0,0,0,2,1,30 臺北市,2 技職
107,1007,逢甲大學,D 日,D 博士,420,315,105,57,20,61,22,60,17,55,20,29,14,28,5,25,7,0,0,19 臺中市,1 一般
107,1007,逢甲大學,D 日,M 碩士,1608,1078,530,463,255,453,182,106,71,56,21,0,1,0,0,0,0,0,0,19 臺中市,1 一般
107,1007,逢甲大學,N 職,M 碩士,1080,661,419,246,168,229,175,85,41,59,27,42,8,0,0,0,0,0,0,19 臺中市,1 一般
107,1007,逢甲大學,D 日,B 學士,16832,10363,6469,2356,1635,2547,1559,2462,1574,2492,1562,63,52,0,0,0,0,443,87,19 臺中市,1 一般
107,1007,逢甲大學,P 進,B 學士,872,495,377,120,80,114,71,110,75,101,115,0,0,0,0,0,0,50,36,19 臺中市,1 一般
107,1008,靜宜大學,D 日,D 博士,46,24,22,3,8,3,3,6,4,3,3,3,2,1,0,5,2,0,0,06 臺中市,1 一般
107,1008,靜宜大學,D 日,M 碩士,530,192,338,75,157,51,94,39,58,25,25,2,2,0,1,0,1,0,0,06 臺中市,1 一般
107,1008,靜宜大學,N 職,M 碩士,323,127,196,38,66,37,64,11,27,21,14,7,15,13,10,0,0,0,0,06 臺中市,1 一般
107,1008,靜宜大學,D 日,B 學士,11205,4315,6890,1009,1593,1016,1649,991,1662,930,1668,0,0,0,0,0,0,369,318,06 臺中市,1 一般
107,1009,長庚大學,D 日,D 博士,497,334,163,41,27,52,22,50,27,47,23,48,19,32,13,64,32,0,0,03 桃園市,1 一般
107,1009,長庚大學,D 日,M 碩士,1096,556,540,215,204,189,163,111,91,33,60,5,11,3,11,0,0,0,0,03 桃園市,1 一般
107,1009,長庚大學,N 職,M 碩士,199,96,103,35,37,30,34,6,2,9,19,7,9,9,2,0,0,0,0,03 桃園市,1 一般
107,1009,長庚大學,D 日,B 學士,5260,2652,2608,557,615,562,589,527,629,587,533,98,55,92,64,110,45,119,78,03 桃園市,1 一般
107,1010,元智大學,D 日,D 博士,279,203,76,40,15,36,11,29,17,31,12,22,10,22,2,23,9,0,0,03 桃園市,1 一般
107,1010,元智大學,D 日,M 碩士,846,550,296,234,125,192,120,87,32,37,18,0,1,0,0,0,0,0,0,03 桃園市,1 一般
107,1010,元智大學,N 職,M 碩士,644,420,224,135,88,108,78,61,25,43,18,38,9,34,6,1,0,0,0,03 桃園市,1 一般
107,1010,元智大學,D 日,B 學士,7113,4053,3060,950,733,953,740,947,746,968,743,0,0,0,0,0,0,235,98,03 桃園市,1 一般
107,1011,中華大學,D 日,D 博士,88,62,26,8,9,9,4,7,5,12,2,12,3,5,1,9,2,0,0,18 新竹市,1 一般
107,1011,中華大學,D 日,M 碩士,516,283,233,148,163,76,44,33,15,25,10,1,1,0,0,0,0,0,0,18 新竹市,1 一般
107,1011,中華大學,N 職,M 碩士,211,111,100,50,73,32,19,18,6,11,1,0,1,0,0,0,0,0,0,18 新竹市,1 一般
107,1011,中華大學,D 日,B 學士,5020,3121,1899,767,452,502,304,649,418,902,618,21,20,0,0,0,0,280,87,18 新竹市,1 一般
107,1011,中華大學,P 進,B 學士,225,145,80,57,33,14,4,30,17,29,18,0,0,0,0,0,0,15,8,18 新竹市,1 一般
107,1011,中華大學,N 修,C 二技,207,135,72,0,0,0,0,6,8,127,64,0,0,0,0,0,0,2,0,18 新竹市,2 技職
107,1012,大葉大學,D 日,D 博士,134,102,32,21,8,25,6,13,8,16,5,11,0,10,1,6,4,0,0,07 彰化縣,1 一般
107,1012,大葉大學,D 日,M 碩士,670,369,301,168,175,116,80,60,26,24,19,1,1,0,0,0,0,0,0,07 彰化縣,1 一般
107,1012,大葉大學,N 職,M 碩士,384,172,212,127,160,20,35,11,11,7,3,2,3,5,0,0,0,0,0,07 彰化縣,1 一般
107,1012,大葉大學,D 日,B 學士,8019,4191,3828,892,882,916,732,1033,968,1117,1119,0,0,0,0,0,0,233,127,07 彰化縣,1 一般
107,1012,大葉大學,P 進,B 學士,1046,588,458,137,123,98,95,144,108,173,111,0,0,0,0,0,0,36,21,07 彰化縣,1 一般
107,1012,大葉大學,N 修,C 二技,58,0,58,0,0,0,0,0,41,0,16,0,0,0,0,0,0,0,1,07 彰化縣,2 技職
107,1013,華梵大學,D 日,D 博士,61,39,22,9,4,9,3,2,5,5,4,8,3,5,3,1,0,0,0,01 新北市,1 一般
107,1013,華梵大學,D 日,M 碩士,213,114,99,26,24,40,24,24,25,24,26,0,0,0,0,0,0,0,0,01 新北市,1 一般
107,1013,華梵大學,N 職,M 碩士,150,44,106,25,64,8,12,0,9,6,6,2,8,3,7,0,0,0,0,01 新北市,1 一般
107,1013,華梵大學,D 日,B 學士,1447,788,659,166,139,104,93,163,158,264,235,0,0,0,0,0,0,91,34,01 新北市,1 一般
107,1014,義守大學,D 日,D 博士,147,113,34,16,6,27,10,19,5,13,6,22,3,9,0,7,4,0,0,12 高雄市,1 一般
107,1014,義守大學,D 日,M 碩士,402,249,153,92,62,79,49,47,35,31,7,0,0,0,0,0,0,0,0,12 高雄市,1 一般
107,1014,義守大學,N 職,M 碩士,473,339,134,119,57,149,51,46,13,10,4,10,7,5,2,0,0,0,0,12 高雄市,1 一般
107,1014,義守大學,D 日,B 學士,12546,6278,6268,1469,1609,1425,1465,1454,1415,1490,1543,23,28,0,0,0,0,417,208,12 高雄市,1 一般
107,1014,義守大學,P 進,B 學士,1735,1212,523,331,141,362,138,261,124,210,96,0,0,0,0,0,0,48,24,12 高雄市,1 一般
107,1014,義守大學,N 修,C 二技,229,45,184,0,0,0,0,23,85,20,98,0,0,0,0,0,0,2,1,12 高雄市,2 技職
107,1015,世新大學,D 日,D 博士,97,45,52,10,11,10,8,6,8,7,7,3,6,4,5,5,7,0,0,30 臺北市,1 一般
107,1015,世新大學,D 日,M 碩士,612,294,318,91,116,93,113,49,41,61,48,0,0,0,0,0,0,0,0,30 臺北市,1 一般
107,1015,世新大學,N 職,M 碩士,785,422,363,119,132,88,84,67,44,55,40,48,30,45,33,0,0,0,0,30 臺北市,1 一般
107,1015,世新大學,D 日,B 學士,9671,3409,6262,823,1489,770,1515,832,1529,774,1540,0,0,0,0,0,0,210,189,30 臺北市,1 一般
107,1015,世新大學,P 進,B 學士,424,163,261,63,91,38,48,29,53,24,52,0,0,0,0,0,0,9,17,30 臺北市,1 一般
107,1015,世新大學,N 修,C 二技,1,0,1,0,0,0,0,0,0,0,0,0,0,0,0,0,0,0,1,30 臺北市,2 技職
107,1016,銘傳大學,D 日,D 博士,73,30,43,6,11,4,6,7,9,5,4,2,6,4,5,2,2,0,0,30 臺北市,1 一般
107,1016,銘傳大學,D 日,M 碩士,741,330,411,126,184,101,117,60,64,43,45,0,0,0,0,0,1,0,0,30 臺北市,1 一般
107,1016,銘傳大學,N 職,M 碩士,828,382,446,146,183,136,181,40,42,34,18,12,12,14,10,0,0,0,0,30 臺北市,1 一般
107,1016,銘傳大學,D 日,B 學士,17333,6868,10465,1664,2520,1531,2448,1578,2521,1569,2523,37,20,0,0,0,0,489,433,30 臺北市,1 一般
107,1017,實踐大學,D 日,D 博士,25,10,15,3,4,3,3,1,3,3,2,0,1,0,0,0,2,0,0,30 臺北市,1 一般
107,1017,實踐大學,D 日,M 碩士,380,161,219,64,79,41,62,36,50,20,28,0,0,0,0,0,0,0,0,30 臺北市,1 一般
107,1017,實踐大學,N 職,M 碩士,144,56,88,16,30,21,32,7,11,6,9,6,6,0,0,0,0,0,0,30 臺北市,1 一般
107,1017,實踐大學,D 日,B 學士,11258,3713,7545,807,1903,813,1688,862,1846,954,1796,16,20,0,0,0,0,261,292,30 臺北市,1 一般
107,1017,實踐大學,P 進,B 學士,2033,643,1390,168,291,131,295,145,353,154,352,0,0,0,0,0,0,45,99,30 臺北市,1 一般
107,1017,實踐大學,N 修,C 二技,128,21,107,0,0,0,0,10,50,8,45,0,0,0,0,0,0,3,12,30 臺北市,2 技職
107,1018,朝陽科技大學,D 日,D 博士,91,69,22,13,8,13,4,17,2,14,3,7,3,3,1,2,1,0,0,06 臺中市,2 技職
107,1018,朝陽科技大學,D 日,M 碩士,642,349,293,133,124,102,89,114,80,0,0,0,0,0,0,0,0,0,0,06 臺中市,2 技職
107,1018,朝陽科技大學,N 職,M 碩士,404,212,192,76,58,69,38,67,96,0,0,0,0,0,0,0,0,0,0,06 臺中市,2 技職
107,1018,朝陽科技大學,D 日,B 四技,11410,4763,6647,1168,1699,1145,1545,1138,1596,1064,1636,0,0,0,0,0,0,248,171,06 臺中市,2 技職
107,1018,朝陽科技大學,N 修,B 四技,3014,1573,1441,470,394,322,322,367,325,329,336,0,0,0,0,0,0,85,64,06 臺中市,2 技職
107,1018,朝陽科技大學,D 日,C 二技,51,20,31,0,0,0,0,8,17,9,11,0,0,0,0,0,0,3,3,06 臺中市,2 技職
107,1019,高雄醫學大學,D 日,D 博士,305,161,144,25,31,29,29,32,30,26,16,19,13,15,15,15,10,0,0,50 高雄市,1 一般
107,1019,高雄醫學大學,D 日,M 碩士,681,231,450,93,183,95,173,33,76,10,18,0,0,0,0,0,0,0,0,50 高雄市,1 一般
107,1019,高雄醫學大學,N 職,M 碩士,230,85,145,26,64,28,58,13,18,10,4,8,1,0,0,0,0,0,0,50 高雄市,1 一般
107,1019,高雄醫學大學,D 日,B 學士,5546,2445,3101,481,738,498,680,481,706,471,692,183,110,166,84,100,46,65,45,50 高雄市,1 一般
107,1019,高雄醫學大學,N 修,C 二技,40,0,40,0,0,0,0,0,13,0,12,0,15,0,0,0,0,0,0,50 高雄市,2 技職
107,1020,南華大學,D 日,D 博士,48,27,21,11,9,3,6,4,1,4,2,0,0,1,2,4,1,0,0,10 嘉義縣,1 一般
107,1020,南華大學,D 日,M 碩士,644,271,373,135,207,79,85,30,39,26,40,1,2,0,0,0,0,0,0,10 嘉義縣,1 一般
107,1020,南華大學,N 職,M 碩士,392,159,233,68,98,50,57,18,35,9,19,14,24,0,0,0,0,0,0,10 嘉義縣,1 一般
107,1020,南華大學,D 日,B 學士,4489,2160,2329,647,701,453,550,425,465,471,553,0,0,0,0,0,0,164,60,10 嘉義縣,1 一般
107,1020,南華大學,P 進,B 學士,325,186,139,57,41,41,33,35,31,40,32,0,0,0,0,0,0,13,2,10 嘉義縣,1 一般
107,1021,真理大學,D 日,M 碩士,135,84,51,37,14,23,15,16,10,8,12,0,0,0,0,0,0,0,0,01 新北市,1 一般
107,1021,真理大學,N 職,M 碩士,21,10,11,6,4,3,4,1,2,0,1,0,0,0,0,0,0,0,0,01 新北市,1 一般
107,1021,真理大學,D 日,B 學士,5830,2834,2996,676,846,570,511,616,687,733,840,0,0,0,0,0,0,239,112,01 新北市,1 一般
107,1021,真理大學,P 進,B 學士,218,123,95,24,27,21,12,23,15,39,28,0,0,0,0,0,0,16,13,01 新北市,1 一般
107,1022,大同大學,D 日,D 博士,116,66,50,11,13,12,5,9,7,8,5,7,6,9,7,10,7,0,0,30 臺北市,1 一般
107,1022,大同大學,D 日,M 碩士,353,264,89,106,35,100,39,38,10,20,5,0,0,0,0,0,0,0,0,30 臺北市,1 一般
107,1022,大同大學,N 職,M 碩士,232,178,54,39,18,37,14,40,11,41,6,21,5,0,0,0,0,0,0,30 臺北市,1 一般
107,1022,大同大學,D 日,B 學士,3689,2226,1463,535,353,494,372,504,366,534,329,0,0,0,0,0,0,159,43,30 臺北市,1 一般
107,1023,南臺科技大學,D 日,D 博士,99,83,16,21,7,19,4,14,1,6,2,12,1,3,0,8,1,0,0,11 臺南市,2 技職
107,1023,南臺科技大學,D 日,M 碩士,830,474,356,191,132,168,113,74,65,32,34,8,12,1,0,0,0,0,0,11 臺南市,2 技職
107,1023,南臺科技大學,N 職,M 碩士,390,192,198,66,88,60,73,24,12,24,13,7,7,11,5,0,0,0,0,11 臺南市,2 技職
107,1023,南臺科技大學,D 日,B 四技,12723,7125,5598,1715,1369,1742,1349,1665,1328,1681,1381,0,0,0,0,0,0,322,171,11 臺南市,2 技職
107,1023,南臺科技大學,N 修,B 四技,4201,2591,1610,728,416,570,346,604,346,487,382,0,0,0,0,0,0,202,120,11 臺南市,2 技職
107,1023,南臺科技大學,D 日,C 二技,169,53,116,0,0,0,0,33,50,16,62,0,0,0,0,0,0,4,4,11 臺南市,2 技職
107,1023,南臺科技大學,N 修,C 二技,144,74,70,0,0,0,0,45,29,23,36,0,0,0,0,0,0,6,5,11 臺南市,2 技職
107,1023,南臺科技大學,D 日,5 五專,66,61,5,61,5,0,0,0,0,0,0,0,0,0,0,0,0,0,0,11 臺南市,2 技職
107,1024,崑山科技大學,D 日,D 博士,36,27,9,6,1,7,3,5,1,2,4,3,0,3,0,1,0,0,0,11 臺南市,2 技職
107,1024,崑山科技大學,D 日,M 碩士,353,230,123,95,52,105,55,19,13,11,3,0,0,0,0,0,0,0,0,11 臺南市,2 技職
107,1024,崑山科技大學,N 職,M 碩士,170,121,49,48,23,56,17,6,7,11,2,0,0,0,0,0,0,0,0,11 臺南市,2 技職
107,1024,崑山科技大學,D 日,B 四技,7793,4612,3181,1152,848,1046,730,1057,702,1102,747,0,0,0,0,0,0,255,154,11 臺南市,2 技職
107,1024,崑山科技大學,N 修,B 四技,3124,2112,1012,562,224,420,230,455,243,537,257,0,0,0,0,0,0,138,58,11 臺南市,2 技職
107,1024,崑山科技大學,D 日,C 二技,2,1,1,0,0,0,0,0,1,0,0,0,0,0,0,0,0,1,0,11 臺南市,2 技職
107,1024,崑山科技大學,N 修,C 二技,199,133,66,0,0,0,0,71,31,58,34,0,0,0,0,0,0,4,1,11 臺南市,2 技職
107,1025,嘉南藥理大學,D 日,M 碩士,207,94,113,45,56,33,48,11,6,5,3,0,0,0,0,0,0,0,0,11 臺南市,2 技職
107,1025,嘉南藥理大學,N 職,M 碩士,238,99,139,44,70,44,45,11,19,0,4,0,0,0,1,0,0,0,0,11 臺南市,2 技職
107,1025,嘉南藥理大學,D 日,B 四技,10974,4599,6375,898,1439,1151,1429,1145,1593,1238,1806,3,5,0,0,0,0,164,103,11 臺南市,2 技職
107,1025,嘉南藥理大學,N 修,B 四技,2421,1168,1253,369,397,227,245,187,229,309,319,0,0,0,0,0,0,76,63,11 臺南市,2 技職
107,1025,嘉南藥理大學,D 日,C 二技,141,23,118,0,0,0,0,7,47,16,70,0,0,0,0,0,0,0,1,11 臺南市,2 技職
107,1025,嘉南藥理大學,N 修,C 二技,359,85,274,0,0,0,0,37,115,47,158,0,0,0,0,0,0,1,1,11 臺南市,2 技職
107,1025,嘉南藥理大學,N 修,X 4+X,7,7,0,0,0,7,0,0,0,0,0,0,0,0,0,0,0,0,0,11 臺南市,2 技職
107,1026,樹德科技大學,D 日,D 博士,35,17,18,7,1,0,2,0,6,2,3,8,6,0,0,0,0,0,0,12 高雄市,2 技職
107,1026,樹德科技大學,D 日,M 碩士,249,130,119,67,49,39,23,15,22,9,25,0,0,0,0,0,0,0,0,12 高雄市,2 技職
107,1026,樹德科技大學,N 職,M 碩士,438,190,248,75,119,63,71,20,22,32,36,0,0,0,0,0,0,0,0,12 高雄市,2 技職
107,1026,樹德科技大學,D 日,B 四技,7861,3328,4533,865,1166,722,1048,771,1051,798,1122,0,0,0,0,0,0,172,146,12 高雄市,2 技職
107,1026,樹德科技大學,N 修,B 四技,1501,800,701,319,260,158,121,122,128,146,166,0,0,0,0,0,0,55,26,12 高雄市,2 技職
107,1026,樹德科技大學,D 日,C 二技,20,4,16,0,0,0,0,1,11,3,5,0,0,0,0,0,0,0,0,12 高雄市,2 技職
107,1026,樹德科技大學,N 修,C 二技,522,177,345,0,0,0,0,82,167,89,174,0,0,0,0,0,0,6,4,12 高雄市,2 技職
107,1027,慈濟大學,D 日,D 博士,101,53,48,5,6,10,4,11,10,11,11,7,9,5,5,4,3,0,0,15 花蓮縣,1 一般
107,1027,慈濟大學,D 日,M 碩士,336,121,215,46,68,39,73,19,40,17,34,0,0,0,0,0,0,0,0,15 花蓮縣,1 一般
107,1027,慈濟大學,N 職,M 碩士,43,7,36,5,10,1,14,0,3,0,7,1,2,0,0,0,0,0,0,15 花蓮縣,1 一般
107,1027,慈濟大學,D 日,B 學士,2968,1148,1820,264,435,223,430,235,391,264,393,48,51,31,25,23,34,60,61,15 花蓮縣,1 一般
107,1028,臺北醫學大學,D 日,D 博士,489,275,214,66,56,47,36,59,36,30,27,25,24,19,25,29,10,0,0,30 臺北市,1 一般
107,1028,臺北醫學大學,D 日,M 碩士,621,222,399,105,160,87,158,17,52,13,29,0,0,0,0,0,0,0,0,30 臺北市,1 一般
107,1028,臺北醫學大學,N 職,M 碩士,267,65,202,28,64,24,63,9,34,4,41,0,0,0,0,0,0,0,0,30 臺北市,1 一般
107,1028,臺北醫學大學,D 日,B 學士,4733,1986,2747,357,575,387,574,380,593,396,609,170,134,158,118,93,69,45,75,30 臺北市,1 一般
107,1028,臺北醫學大學,N 修,C 二技,1,0,1,0,0,0,0,0,0,0,0,0,0,0,0,0,0,0,1,30 臺北市,2 技職
107,1028,臺北醫學大學,D 日,X 4+X,29,14,15,13,14,0,0,0,0,0,0,0,0,0,0,0,0,1,1,30 臺北市,1 一般
107,1029,中山醫學大學,D 日,D 博士,207,138,69,20,13,26,15,26,12,20,13,18,7,13,5,15,4,0,0,19 臺中市,1 一般
107,1029,中山醫學大學,D 日,M 碩士,476,142,334,61,135,52,124,16,46,13,29,0,0,0,0,0,0,0,0,19 臺中市,1 一般
107,1029,中山醫學大學,N 職,M 碩士,194,47,147,23,63,14,44,8,31,0,7,2,2,0,0,0,0,0,0,19 臺中市,1 一般
107,1029,中山醫學大學,D 日,B 學士,6099,2355,3744,461,875,422,865,480,894,523,860,155,70,142,72,103,39,69,69,19 臺中市,1 一般
107,1029,中山醫學大學,P 進,B 學士,7,3,4,0,0,0,0,0,0,0,1,0,0,0,0,0,0,3,3,19 臺中市,1 一般
107,1029,中山醫學大學,N 修,C 二技,113,39,74,0,0,0,0,11,27,10,27,17,16,0,0,0,0,1,4,19 臺中市,2 技職
107,1030,龍華科技大學,D 日,M 碩士,288,208,80,81,27,60,27,46,16,21,10,0,0,0,0,0,0,0,0,03 桃園市,2 技職
107,1030,龍華科技大學,N 職,M 碩士,170,109,61,30,16,54,37,21,8,4,0,0,0,0,0,0,0,0,0,03 桃園市,2 技職
107,1030,龍華科技大學,D 日,B 四技,6779,4401,2378,1125,615,1126,559,1000,530,923,568,0,0,0,0,0,0,227,106,03 桃園市,2 技職
107,1030,龍華科技大學,N 修,B 四技,3734,2772,962,842,262,572,196,593,212,613,239,0,0,0,0,0,0,152,53,03 桃園市,2 技職
107,1030,龍華科技大學,D 日,C 二技,8,2,6,0,0,0,0,0,2,2,4,0,0,0,0,0,0,0,0,03 桃園市,2 技職
107,1030,龍華科技大學,N 修,C 二技,4,1,3,0,0,0,0,0,0,0,0,0,0,0,0,0,0,1,3,03 桃園市,2 技職
107,1030,龍華科技大學,D 日,5 五專,246,209,37,125,17,21,4,35,12,28,4,0,0,0,0,0,0,0,0,03 桃園市,2 技職
107,1031,輔英科技大學,D 日,M 碩士,132,43,89,22,36,14,34,4,10,2,8,1,1,0,0,0,0,0,0,12 高雄市,2 技職
107,1031,輔英科技大學,N 職,M 碩士,111,10,101,5,44,3,40,1,9,0,4,1,4,0,0,0,0,0,0,12 高雄市,2 技職
107,1031,輔英科技大學,D 日,B 四技,3715,1551,2164,416,576,337,507,360,506,360,516,0,0,0,0,0,0,78,59,12 高雄市,2 技職
107,1031,輔英科技大學,N 修,B 四技,560,374,186,134,74,106,30,51,35,56,38,0,0,0,0,0,0,27,9,12 高雄市,2 技職
107,1031,輔英科技大學,D 日,C 二技,1527,164,1363,0,0,0,0,77,705,83,639,0,0,0,0,0,0,4,19,12 高雄市,2 技職
107,1031,輔英科技大學,N 修,C 二技,656,141,515,0,0,0,0,56,248,60,227,17,17,0,0,0,0,8,23,12 高雄市,2 技職
107,1031,輔英科技大學,D 日,X 4+X,7,0,7,0,0,0,7,0,0,0,0,0,0,0,0,0,0,0,0,12 高雄市,2 技職
107,1031,輔英科技大學,D 日,5 五專,2693,284,2409,69,498,55,480,46,468,52,441,51,495,0,0,0,0,11,27,12 高雄市,2 技職
107,1032,明新科技大學,D 日,M 碩士,267,179,88,59,33,64,24,41,23,15,8,0,0,0,0,0,0,0,0,04 新竹縣,2 技職
107,1032,明新科技大學,N 職,M 碩士,330,257,73,107,48,63,15,39,8,26,1,11,1,11,0,0,0,0,0,04 新竹縣,2 技職
107,1032,明新科技大學,D 日,B 四技,8340,5152,3188,1372,859,1234,748,1151,687,1137,801,0,0,0,0,0,0,258,93,04 新竹縣,2 技職
107,1032,明新科技大學,N 修,B 四技,3294,2038,1256,530,306,427,248,395,281,459,331,0,0,0,0,0,0,227,90,04 新竹縣,2 技職
107,1032,明新科技大學,N 修,C 二技,110,61,49,0,0,0,0,52,34,8,11,0,0,0,0,0,0,1,4,04 新竹縣,2 技職
107,1032,明新科技大學,D 日,2 二專,8,7,1,7,1,0,0,0,0,0,0,0,0,0,0,0,0,0,0,04 新竹縣,2 技職
107,1032,明新科技大學,N 修,2 二專,43,23,20,17,12,4,7,0,0,0,0,0,0,0,0,0,0,2,1,04 新竹縣,2 技職
107,1033,長榮大學,D 日,D 博士,37,26,11,5,3,7,1,5,1,4,2,2,1,2,2,1,1,0,0,11 臺南市,1 一般
107,1033,長榮大學,D 日,M 碩士,379,149,230,57,83,42,56,26,43,24,45,0,3,0,0,0,0,0,0,11 臺南市,1 一般
107,1033,長榮大學,N 職,M 碩士,94,39,55,15,20,10,14,6,5,3,8,5,8,0,0,0,0,0,0,11 臺南市,1 一般
107,1033,長榮大學,D 日,B 學士,8210,3594,4616,766,1206,781,958,791,1113,1014,1204,0,0,0,0,0,0,242,135,11 臺南市,1 一般
107,1033,長榮大學,P 進,B 學士,539,314,225,142,125,56,17,57,40,39,37,0,0,0,0,0,0,20,6,11 臺南市,1 一般
107,1034,弘光科技大學,D 日,D 博士,10,1,9,0,3,1,3,0,3,0,0,0,0,0,0,0,0,0,0,06 臺中市,2 技職
107,1034,弘光科技大學,D 日,M 碩士,194,55,139,21,48,27,51,7,27,0,13,0,0,0,0,0,0,0,0,06 臺中市,2 技職
107,1034,弘光科技大學,N 職,M 碩士,98,24,74,12,23,6,19,5,18,1,14,0,0,0,0,0,0,0,0,06 臺中市,2 技職
107,1034,弘光科技大學,D 日,B 四技,7363,2726,4637,655,1171,641,1137,651,1153,646,1049,0,0,0,0,0,0,133,127,06 臺中市,2 技職
107,1034,弘光科技大學,N 修,B 四技,3317,1460,1857,398,505,343,406,321,415,284,407,13,23,0,0,0,0,101,101,06 臺中市,2 技職
107,1034,弘光科技大學,D 日,C 二技,704,26,678,0,0,0,0,14,342,12,335,0,0,0,0,0,0,0,1,06 臺中市,2 技職
107,1034,弘光科技大學,N 修,C 二技,860,48,812,0,0,0,0,23,326,14,275,10,203,0,0,0,0,1,8,06 臺中市,2 技職
107,1034,弘光科技大學,N 修,2 二專,160,28,132,19,66,9,62,0,0,0,0,0,0,0,0,0,0,0,4,06 臺中市,2 技職
107,1034,弘光科技大學,D 日,5 五專,265,23,242,10,44,3,49,3,49,4,47,2,50,0,0,0,0,1,3,06 臺中市,2 技職
107,1035,中國醫藥大學,D 日,D 博士,385,227,158,51,35,45,28,46,29,25,26,24,16,24,14,12,10,0,0,19 臺中市,1 一般
107,1035,中國醫藥大學,D 日,M 碩士,508,203,305,95,138,83,124,21,35,4,8,0,0,0,0,0,0,0,0,19 臺中市,1 一般
107,1035,中國醫藥大學,N 職,M 碩士,74,27,47,14,28,11,14,2,4,0,1,0,0,0,0,0,0,0,0,19 臺中市,1 一般
107,1035,中國醫藥大學,D 日,B 學士,6420,2866,3554,515,725,519,736,550,740,528,716,342,306,171,140,172,126,69,65,19 臺中市,1 一般
107,1035,中國醫藥大學,N 修,C 二技,38,5,33,0,0,0,0,0,0,1,8,4,25,0,0,0,0,0,0,19 臺中市,2 技職
107,1036,健行科技大學,D 日,M 碩士,296,207,89,123,56,39,18,15,11,30,4,0,0,0,0,0,0,0,0,03 桃園市,2 技職
107,1036,健行科技大學,N 職,M 碩士,55,34,21,23,17,2,1,7,3,1,0,1,0,0,0,0,0,0,0,03 桃園市,2 技職
107,1036,健行科技大學,D 日,B 四技,7159,4676,2483,1470,704,1031,547,881,523,1028,619,0,0,0,0,0,0,266,90,03 桃園市,2 技職
107,1036,健行科技大學,N 修,B 四技,3598,2343,1255,730,398,646,316,436,210,425,285,0,0,0,0,0,0,106,46,03 桃園市,2 技職
107,1036,健行科技大學,D 日,C 二技,69,27,42,0,0,0,0,7,15,16,26,0,0,0,0,0,0,4,1,03 桃園市,2 技職
107,1036,健行科技大學,N 修,C 二技,130,56,74,0,0,0,0,36,39,18,33,0,0,0,0,0,0,2,2,03 桃園市,2 技職
107,1036,健行科技大學,D 日,5 五專,26,25,1,0,0,0,0,0,0,25,1,0,0,0,0,0,0,0,0,03 桃園市,2 技職
107,1037,正修科技大學,D 日,D 博士,12,12,0,3,0,2,0,2,0,3,0,1,0,0,0,1,0,0,0,12 高雄市,2 技職
107,1037,正修科技大學,D 日,M 碩士,349,204,145,86,72,89,57,22,10,7,6,0,0,0,0,0,0,0,0,12 高雄市,2 技職
107,1037,正修科技大學,N 職,M 碩士,210,131,79,74,43,51,33,6,3,0,0,0,0,0,0,0,0,0,0,12 高雄市,2 技職
107,1037,正修科技大學,D 日,B 四技,8959,5200,3759,1431,962,1194,898,1173,882,1200,954,0,0,0,0,0,0,202,63,12 高雄市,2 技職
107,1037,正修科技大學,N 修,B 四技,5322,3405,1917,958,509,692,422,726,420,761,459,0,0,0,0,0,0,268,107,12 高雄市,2 技職
107,1037,正修科技大學,N 修,C 二技,1707,841,866,0,0,0,0,549,484,285,370,0,0,0,0,0,0,7,12,12 高雄市,2 技職
107,1037,正修科技大學,N 修,2 二專,314,239,75,139,46,100,29,0,0,0,0,0,0,0,0,0,0,0,0,12 高雄市,2 技職
107,1037,正修科技大學,D 日,5 五專,66,51,15,51,15,0,0,0,0,0,0,0,0,0,0,0,0,0,0,12 高雄市,2 技職
107,1038,萬能科技大學,D 日,M 碩士,144,72,72,30,26,25,31,10,9,7,6,0,0,0,0,0,0,0,0,03 桃園市,2 技職
107,1038,萬能科技大學,N 職,M 碩士,121,49,72,29,63,18,8,0,1,2,0,0,0,0,0,0,0,0,0,03 桃園市,2 技職
107,1038,萬能科技大學,D 日,B 四技,6270,3360,2910,1000,842,820,664,689,658,678,673,0,0,0,0,0,0,173,73,03 桃園市,2 技職
107,1038,萬能科技大學,N 修,B 四技,3360,1852,1508,578,426,479,361,458,410,284,279,0,0,0,0,0,0,53,32,03 桃園市,2 技職
107,1038,萬能科技大學,N 修,C 二技,485,248,237,0,0,0,0,206,176,39,54,0,0,0,0,0,0,3,7,03 桃園市,2 技職
107,1039,玄奘大學,D 日,D 博士,5,3,2,0,0,0,0,0,0,0,0,0,0,0,2,3,0,0,0,18 新竹市,1 一般
107,1039,玄奘大學,D 日,M 碩士,290,116,174,36,66,33,38,26,40,21,30,0,0,0,0,0,0,0,0,18 新竹市,1 一般
107,1039,玄奘大學,N 職,M 碩士,172,62,110,13,27,21,33,15,24,6,18,7,8,0,0,0,0,0,0,18 新竹市,1 一般
107,1039,玄奘大學,D 日,B 學士,2859,1186,1673,194,334,251,334,252,404,370,539,0,0,0,0,0,0,119,62,18 新竹市,1 一般
107,1039,玄奘大學,P 進,B 學士,348,141,207,37,53,13,24,27,42,39,65,0,0,0,0,0,0,25,23,18 新竹市,1 一般
107,1040,建國科技大學,D 日,M 碩士,168,94,74,42,39,35,22,10,6,7,7,0,0,0,0,0,0,0,0,07 彰化縣,2 技職
107,1040,建國科技大學,D 日,B 四技,5204,3378,1826,985,473,641,381,734,383,890,528,0,0,0,0,0,0,128,61,07 彰化縣,2 技職
107,1040,建國科技大學,N 修,B 四技,1931,1426,505,450,165,376,113,339,122,221,96,0,0,0,0,0,0,40,9,07 彰化縣,2 技職
107,1040,建國科技大學,D 日,C 二技,1,1,0,0,0,0,0,1,0,0,0,0,0,0,0,0,0,0,0,07 彰化縣,2 技職
107,1040,建國科技大學,N 修,C 二技,241,171,70,0,0,0,0,92,36,78,32,0,0,0,0,0,0,1,2,07 彰化縣,2 技職
107,1041,明志科技大學,D 日,D 博士,14,12,2,8,1,3,1,1,0,0,0,0,0,0,0,0,0,0,0,01 新北市,2 技職
107,1041,明志科技大學,D 日,M 碩士,439,314,125,137,58,120,52,34,10,23,4,0,0,0,1,0,0,0,0,01 新北市,2 技職
107,1041,明志科技大學,N 職,M 碩士,35,27,8,8,6,6,1,8,1,3,0,2,0,0,0,0,0,0,0,01 新北市,2 技職
107,1041,明志科技大學,D 日,B 四技,3587,2580,1007,658,241,622,247,592,246,602,259,0,0,0,0,0,0,106,14,01 新北市,2 技職
107,1041,明志科技大學,N 修,B 四技,483,394,89,130,5,113,16,73,34,49,29,0,0,0,0,0,0,29,5,01 新北市,2 技職
107,1041,明志科技大學,N 修,C 二技,1,0,1,0,0,0,0,0,0,0,1,0,0,0,0,0,0,0,0,01 新北市,2 技職
107,1042,高苑科技大學,D 日,M 碩士,98,74,24,25,12,30,8,14,2,5,2,0,0,0,0,0,0,0,0,12 高雄市,2 技職
107,1042,高苑科技大學,N 職,M 碩士,180,124,56,69,35,38,16,14,4,3,0,0,1,0,0,0,0,0,0,12 高雄市,2 技職
107,1042,高苑科技大學,D 日,B 四技,3067,2257,810,626,202,306,107,492,171,715,294,0,0,0,0,0,0,118,36,12 高雄市,2 技職
107,1042,高苑科技大學,N 修,B 四技,1347,986,361,192,60,225,58,255,90,255,136,0,0,0,0,0,0,59,17,12 高雄市,2 技職
107,1043,大仁科技大學,D 日,M 碩士,66,36,30,28,20,4,8,4,2,0,0,0,0,0,0,0,0,0,0,13 屏東縣,2 技職
107,1043,大仁科技大學,N 職,M 碩士,130,60,70,45,56,13,13,1,1,1,0,0,0,0,0,0,0,0,0,13 屏東縣,2 技職
107,1043,大仁科技大學,D 日,B 四技,4237,2000,2237,456,488,414,462,423,494,525,615,83,121,0,0,0,0,99,57,13 屏東縣,2 技職
107,1043,大仁科技大學,N 修,B 四技,543,315,228,71,38,65,53,73,65,86,63,0,0,0,0,0,0,20,9,13 屏東縣,2 技職
107,1043,大仁科技大學,D 日,C 二技,1,0,1,0,0,0,0,0,0,0,0,0,0,0,0,0,0,0,1,13 屏東縣,2 技職
107,1043,大仁科技大學,N 修,C 二技,1283,373,910,0,0,0,0,231,605,136,277,0,0,0,0,0,0,6,28,13 屏東縣,2 技職
107,1044,聖約翰科技大學,D 日,M 碩士,139,116,23,33,11,44,11,20,1,19,0,0,0,0,0,0,0,0,0,01 新北市,2 技職
107,1044,聖約翰科技大學,N 職,M 碩士,76,57,19,37,13,16,5,1,0,3,1,0,0,0,0,0,0,0,0,01 新北市,2 技職
107,1044,聖約翰科技大學,D 日,B 四技,2979,2038,941,413,195,353,200,519,203,608,290,0,0,0,0,0,0,145,53,01 新北市,2 技職
107,1044,聖約翰科技大學,N 修,B 四技,285,203,82,147,49,5,3,26,11,14,16,0,0,0,0,0,0,11,3,01 新北市,2 技職
107,1044,聖約翰科技大學,D 日,C 二技,1,0,1,0,0,0,0,0,0,0,1,0,0,0,0,0,0,0,0,01 新北市,2 技職
107,1044,聖約翰科技大學,D 日,5 五專,327,246,81,53,13,60,16,71,26,62,26,0,0,0,0,0,0,0,0,01 新北市,2 技職
107,1045,嶺東科技大學,D 日,M 碩士,231,108,123,57,58,35,38,14,19,2,8,0,0,0,0,0,0,0,0,19 臺中市,2 技職
107,1045,嶺東科技大學,N 職,M 碩士,146,98,48,58,29,37,18,1,1,2,0,0,0,0,0,0,0,0,0,19 臺中市,2 技職
107,1045,嶺東科技大學,D 日,B 四技,7276,2793,4483,669,1164,650,1153,695,1053,660,1039,0,0,0,0,0,0,119,74,19 臺中市,2 技職
107,1045,嶺東科技大學,N 修,B 四技,2679,1386,1293,430,373,314,273,278,306,266,288,0,0,0,0,0,0,98,53,19 臺中市,2 技職
107,1045,嶺東科技大學,D 日,C 二技,4,4,0,0,0,0,0,2,0,1,0,0,0,0,0,0,0,1,0,19 臺中市,2 技職
107,1046,中國科技大學,D 日,M 碩士,156,92,64,37,28,32,30,15,3,8,3,0,0,0,0,0,0,0,0,30 臺北市,2 技職
107,1046,中國科技大學,N 職,M 碩士,76,58,18,34,8,20,8,4,2,0,0,0,0,0,0,0,0,0,0,30 臺北市,2 技職
107,1046,中國科技大學,D 日,B 四技,7977,3490,4487,776,965,792,941,857,1171,876,1268,0,0,0,0,0,0,189,142,30 臺北市,2 技職
107,1046,中國科技大學,N 修,B 四技,1624,880,744,184,129,184,116,207,193,241,233,0,0,0,0,0,0,64,73,30 臺北市,2 技職
107,1046,中國科技大學,N 修,C 二技,54,46,8,0,0,0,0,46,8,0,0,0,0,0,0,0,0,0,0,30 臺北市,2 技職
107,1046,中國科技大學,N 修,X 4+X,61,22,39,13,30,8,7,0,0,0,0,0,0,0,0,0,0,1,2,30 臺北市,2 技職
107,1046,中國科技大學,N 修,2 二專,24,23,1,23,1,0,0,0,0,0,0,0,0,0,0,0,0,0,0,30 臺北市,2 技職
107,1047,中臺科技大學,D 日,D 博士,17,14,3,2,1,3,1,4,0,2,0,1,1,2,0,0,0,0,0,19 臺中市,2 技職
107,1047,中臺科技大學,D 日,M 碩士,110,35,75,12,28,13,29,9,10,1,4,0,4,0,0,0,0,0,0,19 臺中市,2 技職
107,1047,中臺科技大學,N 職,M 碩士,304,62,242,29,86,24,79,4,42,5,35,0,0,0,0,0,0,0,0,19 臺中市,2 技職
107,1047,中臺科技大學,D 日,B 四技,5144,2081,3063,508,778,451,692,508,700,486,760,0,0,0,0,0,0,128,133,19 臺中市,2 技職
107,1047,中臺科技大學,N 修,B 四技,1639,587,1052,173,281,124,221,123,249,115,186,14,55,0,0,0,0,38,60,19 臺中市,2 技職
107,1047,中臺科技大學,D 日,C 二技,466,74,392,0,0,0,0,37,188,36,191,0,0,0,0,0,0,1,13,19 臺中市,2 技職
107,1047,中臺科技大學,N 修,C 二技,978,124,854,0,0,0,0,38,312,36,253,47,281,0,0,0,0,3,8,19 臺中市,2 技職
107,1047,中臺科技大學,D 日,2 二專,27,13,14,13,14,0,0,0,0,0,0,0,0,0,0,0,0,0,0,19 臺中市,2 技職
107,1048,亞洲大學,D 日,D 博士,211,132,79,39,24,22,15,26,9,16,12,14,9,10,5,5,5,0,0,06 臺中市,1 一般
107,1048,亞洲大學,D 日,M 碩士,581,252,329,109,153,76,95,41,40,26,40,0,1,0,0,0,0,0,0,06 臺中市,1 一般
107,1048,亞洲大學,N 職,M 碩士,401,190,211,120,140,61,60,6,7,3,4,0,0,0,0,0,0,0,0,06 臺中市,1 一般
107,1048,亞洲大學,D 日,B 學士,9616,3524,6092,825,1509,804,1479,850,1477,847,1490,0,0,0,0,0,0,198,137,06 臺中市,1 一般
107,1048,亞洲大學,P 進,B 學士,970,446,524,118,169,72,70,87,133,95,118,0,0,0,0,0,0,74,34,06 臺中市,1 一般
107,1049,開南大學,D 日,M 碩士,240,122,118,46,60,34,22,19,21,21,15,1,0,1,0,0,0,0,0,03 桃園市,1 一般
107,1049,開南大學,N 職,M 碩士,315,183,132,78,93,58,17,20,7,9,9,10,5,8,1,0,0,0,0,03 桃園市,1 一般
107,1049,開南大學,D 日,B 學士,5119,2508,2611,583,550,499,495,498,600,698,806,0,0,0,0,0,0,230,160,03 桃園市,1 一般
107,1049,開南大學,P 進,B 學士,991,581,410,168,81,102,87,117,116,136,104,0,0,0,0,0,0,58,22,03 桃園市,1 一般
107,1050,佛光大學,D 日,D 博士,59,24,35,3,8,3,7,3,6,6,5,6,3,2,3,1,3,0,0,02 宜蘭縣,1 一般
107,1050,佛光大學,D 日,M 碩士,492,213,279,83,93,53,68,38,56,38,57,0,5,1,0,0,0,0,0,02 宜蘭縣,1 一般
107,1050,佛光大學,N 職,M 碩士,175,90,85,29,53,26,19,15,5,11,5,9,3,0,0,0,0,0,0,02 宜蘭縣,1 一般
107,1050,佛光大學,D 日,B 學士,2970,1380,1590,320,425,322,348,334,374,331,377,0,0,0,0,0,0,73,66,02 宜蘭縣,1 一般
107,1051,台南應用科技大學,D 日,M 碩士,113,28,85,12,31,6,30,4,12,6,12,0,0,0,0,0,0,0,0,11 臺南市,2 技職
107,1051,台南應用科技大學,N 職,M 碩士,109,37,72,14,26,17,19,1,14,5,10,0,3,0,0,0,0,0,0,11 臺南市,2 技職
107,1051,台南應用科技大學,D 日,B 四技,8040,2324,5716,568,1453,581,1440,577,1340,527,1388,0,0,0,0,0,0,71,95,11 臺南市,2 技職
107,1051,台南應用科技大學,N 修,B 四技,2516,912,1604,354,531,178,324,182,344,151,340,0,0,0,0,0,0,47,65,11 臺南市,2 技職
107,1051,台南應用科技大學,D 日,C 二技,573,130,443,0,0,0,0,58,222,60,199,0,0,0,0,0,0,12,22,11 臺南市,2 技職
107,1051,台南應用科技大學,N 修,C 二技,265,34,231,0,0,0,0,16,105,17,121,0,0,0,0,0,0,1,5,11 臺南市,2 技職
107,1051,台南應用科技大學,D 日,5 五專,1115,227,888,50,152,50,185,47,199,45,180,35,172,0,0,0,0,0,0,11 臺南市,2 技職
107,1052,遠東科技大學,D 日,M 碩士,217,120,97,47,56,50,38,17,1,6,2,0,0,0,0,0,0,0,0,11 臺南市,2 技職
107,1052,遠東科技大學,N 職,M 碩士,33,31,2,11,2,8,0,2,0,3,0,4,0,3,0,0,0,0,0,11 臺南市,2 技職
107,1052,遠東科技大學,D 日,B 四技,4552,2920,1632,690,385,632,297,611,340,812,536,0,0,0,0,0,0,175,74,11 臺南市,2 技職
107,1052,遠東科技大學,N 修,B 四技,638,436,202,115,54,97,39,115,51,91,53,0,0,0,0,0,0,18,5,11 臺南市,2 技職
107,1052,遠東科技大學,N 修,C 二技,76,73,3,0,0,0,0,41,1,31,2,0,0,0,0,0,0,1,0,11 臺南市,2 技職
107,1052,遠東科技大學,N 修,2 二專,37,35,2,19,1,16,1,0,0,0,0,0,0,0,0,0,0,0,0,11 臺南市,2 技職
107,1053,元培醫事科技大學,D 日,M 碩士,225,109,116,52,38,34,49,19,16,4,13,0,0,0,0,0,0,0,0,18 新竹市,2 技職
107,1053,元培醫事科技大學,N 職,M 碩士,42,14,28,6,14,5,10,3,4,0,0,0,0,0,0,0,0,0,0,18 新竹市,2 技職
107,1053,元培醫事科技大學,D 日,B 四技,4354,1974,2380,505,664,365,447,393,540,553,641,0,0,0,0,0,0,158,88,18 新竹市,2 技職
107,1053,元培醫事科技大學,N 修,B 四技,1007,516,491,173,163,136,148,105,126,66,36,0,0,0,0,0,0,36,18,18 新竹市,2 技職
107,1053,元培醫事科技大學,D 日,C 二技,99,5,94,0,0,0,0,3,48,2,46,0,0,0,0,0,0,0,0,18 新竹市,2 技職
107,1053,元培醫事科技大學,N 修,C 二技,526,127,399,0,0,0,0,63,128,59,260,0,5,0,0,0,0,5,6,18 新竹市,2 技職
107,1053,元培醫事科技大學,D 日,2 二專,39,31,8,31,8,0,0,0,0,0,0,0,0,0,0,0,0,0,0,18 新竹市,2 技職
107,1054,景文科技大學,D 日,M 碩士,53,38,15,19,8,14,6,1,1,4,0,0,0,0,0,0,0,0,0,01 新北市,2 技職
107,1054,景文科技大學,N 職,M 碩士,67,47,20,15,5,23,13,5,1,4,1,0,0,0,0,0,0,0,0,01 新北市,2 技職
107,1054,景文科技大學,D 日,B 四技,5178,2350,2828,578,725,575,641,451,549,521,683,0,0,0,0,0,0,225,230,01 新北市,2 技職
107,1054,景文科技大學,N 修,B 四技,1482,752,730,244,210,142,157,190,166,139,168,0,0,0,0,0,0,37,29,01 新北市,2 技職
107,1054,景文科技大學,D 日,C 二技,3,1,2,0,0,0,0,1,1,0,1,0,0,0,0,0,0,0,0,01 新北市,2 技職
107,1054,景文科技大學,N 修,C 二技,278,92,186,0,0,0,0,51,95,35,85,0,0,0,0,0,0,6,6,01 新北市,2 技職
107,1055,中華醫事科技大學,D 日,M 碩士,95,46,49,21,27,19,19,4,3,2,0,0,0,0,0,0,0,0,0,11 臺南市,2 技職
107,1055,中華醫事科技大學,N 職,M 碩士,20,13,7,7,5,4,2,2,0,0,0,0,0,0,0,0,0,0,0,11 臺南市,2 技職
107,1055,中華醫事科技大學,D 日,B 四技,3964,1712,2252,416,587,383,538,366,475,444,584,0,0,0,0,0,0,103,68,11 臺南市,2 技職
107,1055,中華醫事科技大學,N 修,B 四技,759,320,439,90,137,68,77,59,98,71,75,14,30,0,0,0,0,18,22,11 臺南市,2 技職
107,1055,中華醫事科技大學,D 日,C 二技,679,176,503,0,0,0,0,94,252,81,246,0,0,0,0,0,0,1,5,11 臺南市,2 技職
107,1055,中華醫事科技大學,N 修,C 二技,683,180,503,0,0,0,0,88,251,71,183,18,54,0,0,0,0,3,15,11 臺南市,2 技職
107,1055,中華醫事科技大學,D 日,2 二專,85,56,29,35,13,21,16,0,0,0,0,0,0,0,0,0,0,0,0,11 臺南市,2 技職
107,1055,中華醫事科技大學,D 日,5 五專,2877,612,2265,117,486,156,540,139,495,121,419,62,303,0,0,0,0,17,22,11 臺南市,2 技職
107,1056,東南科技大學,D 日,M 碩士,133,98,35,38,21,45,11,9,1,6,2,0,0,0,0,0,0,0,0,01 新北市,2 技職
107,1056,東南科技大學,N 職,M 碩士,55,47,8,21,4,24,2,2,1,0,1,0,0,0,0,0,0,0,0,01 新北市,2 技職
107,1056,東南科技大學,D 日,B 四技,5209,3459,1750,955,496,701,357,696,383,873,448,0,0,0,0,0,0,234,66,01 新北市,2 技職
107,1056,東南科技大學,N 修,B 四技,537,434,103,171,52,90,15,59,11,82,20,0,0,0,0,0,0,32,5,01 新北市,2 技職
107,1056,東南科技大學,N 修,C 二技,1,0,1,0,0,0,0,0,0,0,0,0,0,0,0,0,0,0,1,01 新北市,2 技職
107,1057,德明財經科技大學,D 日,M 碩士,57,31,26,12,12,10,9,5,4,4,1,0,0,0,0,0,0,0,0,30 臺北市,2 技職
107,1057,德明財經科技大學,N 職,M 碩士,55,32,23,12,6,11,10,5,6,4,1,0,0,0,0,0,0,0,0,30 臺北市,2 技職
107,1057,德明財經科技大學,D 日,B 四技,7079,2846,4233,741,1074,625,874,656,1000,633,1062,0,0,0,0,0,0,191,223,30 臺北市,2 技職
107,1057,德明財經科技大學,N 修,B 四技,788,396,392,65,51,76,52,114,111,104,150,0,0,0,0,0,0,37,28,30 臺北市,2 技職
107,1057,德明財經科技大學,D 日,C 二技,154,32,122,0,0,0,0,22,49,9,71,0,0,0,0,0,0,1,2,30 臺北市,2 技職
107,1057,德明財經科技大學,N 修,C 二技,53,16,37,0,0,0,0,5,14,9,23,0,0,0,0,0,0,2,0,30 臺北市,2 技職
107,1058,明道大學,D 日,D 博士,26,14,12,4,3,2,4,2,2,3,3,3,0,0,0,0,0,0,0,07 彰化縣,1 一般
107,1058,明道大學,D 日,M 碩士,182,98,84,48,38,22,28,18,12,10,6,0,0,0,0,0,0,0,0,07 彰化縣,1 一般
107,1058,明道大學,N 職,M 碩士,80,28,52,19,32,7,19,2,0,0,1,0,0,0,0,0,0,0,0,07 彰化縣,1 一般
107,1058,明道大學,D 日,B 學士,2819,1608,1211,385,272,275,224,385,292,478,403,0,0,0,0,0,0,85,20,07 彰化縣,1 一般
107,1058,明道大學,P 進,B 學士,806,514,292,125,78,135,68,98,64,138,73,0,0,0,0,0,0,18,9,07 彰化縣,1 一般
107,1060,南開科技大學,D 日,M 碩士,105,66,39,26,16,25,19,11,2,4,2,0,0,0,0,0,0,0,0,08 南投縣,2 技職
107,1060,南開科技大學,N 職,M 碩士,99,33,66,12,29,14,23,4,7,3,7,0,0,0,0,0,0,0,0,08 南投縣,2 技職
107,1060,南開科技大學,D 日,B 四技,2924,1949,975,407,242,375,205,487,218,565,276,0,0,0,0,0,0,115,34,08 南投縣,2 技職
107,1060,南開科技大學,N 修,B 四技,756,483,273,125,61,95,51,99,68,131,78,0,0,0,0,0,0,33,15,08 南投縣,2 技職
107,1060,南開科技大學,D 日,C 二技,29,20,9,0,0,0,0,0,0,20,9,0,0,0,0,0,0,0,0,08 南投縣,2 技職
107,1060,南開科技大學,D 日,5 五專,813,662,151,93,21,126,23,157,36,179,37,100,29,0,0,0,0,7,5,08 南投縣,2 技職
107,1061,中華科技大學,D 日,M 碩士,200,144,56,61,28,68,22,9,4,6,2,0,0,0,0,0,0,0,0,30 臺北市,2 技職
107,1061,中華科技大學,N 職,M 碩士,97,75,22,37,14,35,7,2,1,1,0,0,0,0,0,0,0,0,0,30 臺北市,2 技職
107,1061,中華科技大學,D 日,B 四技,4344,2908,1436,601,291,577,269,664,337,816,451,0,0,0,0,0,0,250,88,30 臺北市,2 技職
107,1061,中華科技大學,N 修,B 四技,824,671,153,204,53,125,26,169,27,132,34,0,0,0,0,0,0,41,13,30 臺北市,2 技職
107,1061,中華科技大學,D 日,C 二技,27,7,20,0,0,0,0,2,6,5,13,0,0,0,0,0,0,0,1,30 臺北市,2 技職
107,1061,中華科技大學,N 修,C 二技,318,169,149,0,0,0,0,90,92,77,56,0,0,0,0,0,0,2,1,30 臺北市,2 技職
107,1062,僑光科技大學,D 日,M 碩士,50,26,24,15,15,8,7,1,2,2,0,0,0,0,0,0,0,0,0,19 臺中市,2 技職
107,1062,僑光科技大學,N 職,M 碩士,35,22,13,8,8,12,5,1,0,1,0,0,0,0,0,0,0,0,0,19 臺中市,2 技職
107,1062,僑光科技大學,D 日,B 四技,6530,2633,3897,646,968,702,935,634,962,588,993,0,0,0,0,0,0,63,39,19 臺中市,2 技職
107,1062,僑光科技大學,N 修,B 四技,4333,2354,1979,648,556,601,462,582,474,444,429,0,0,0,0,0,0,79,58,19 臺中市,2 技職
107,1062,僑光科技大學,D 日,C 二技,1,0,1,0,0,0,0,0,1,0,0,0,0,0,0,0,0,0,0,19 臺中市,2 技職
107,1062,僑光科技大學,N 修,C 二技,1,1,0,0,0,0,0,0,0,0,0,0,0,0,0,0,0,1,0,19 臺中市,2 技職
107,1062,僑光科技大學,N 修,X 4+X,15,9,6,9,6,0,0,0,0,0,0,0,0,0,0,0,0,0,0,19 臺中市,2 技職
107,1062,僑光科技大學,N 修,2 二專,5,3,2,0,0,0,0,0,0,0,0,0,0,0,0,0,0,3,2,19 臺中市,2 技職
107,1063,育達科技大學,D 日,M 碩士,183,91,92,46,42,25,37,11,9,9,4,0,0,0,0,0,0,0,0,05 苗栗縣,2 技職
107,1063,育達科技大學,N 職,M 碩士,205,115,90,70,60,29,28,10,2,6,0,0,0,0,0,0,0,0,0,05 苗栗縣,2 技職
107,1063,育達科技大學,D 日,B 四技,2445,1164,1281,267,345,217,230,251,255,321,377,0,0,0,0,0,0,108,74,05 苗栗縣,2 技職
107,1063,育達科技大學,N 修,B 四技,1174,692,482,186,151,166,108,142,110,160,95,0,0,0,0,0,0,38,18,05 苗栗縣,2 技職
107,1063,育達科技大學,D 日,C 二技,1,0,1,0,0,0,0,0,0,0,0,0,0,0,0,0,0,0,1,05 苗栗縣,2 技職
107,1063,育達科技大學,N 修,C 二技,817,253,564,0,0,0,0,130,309,116,248,0,0,0,0,0,0,7,7,05 苗栗縣,2 技職
107,1063,育達科技大學,N 修,2 二專,15,0,15,0,0,0,15,0,0,0,0,0,0,0,0,0,0,0,0,05 苗栗縣,2 技職
107,1064,美和科技大學,D 日,M 碩士,140,52,88,28,38,15,33,8,14,1,3,0,0,0,0,0,0,0,0,13 屏東縣,2 技職
107,1064,美和科技大學,N 職,M 碩士,226,78,148,35,55,26,70,14,17,3,6,0,0,0,0,0,0,0,0,13 屏東縣,2 技職
107,1064,美和科技大學,D 日,B 四技,3009,1290,1719,273,394,314,438,307,410,343,439,0,0,0,0,0,0,53,38,13 屏東縣,2 技職
107,1064,美和科技大學,N 修,B 四技,825,317,508,110,167,52,129,63,125,69,73,0,0,0,0,0,0,23,14,13 屏東縣,2 技職
107,1064,美和科技大學,D 日,C 二技,383,47,336,0,0,0,0,25,168,22,168,0,0,0,0,0,0,0,0,13 屏東縣,2 技職
107,1064,美和科技大學,N 修,C 二技,795,92,703,0,0,0,0,51,334,36,346,0,0,0,0,0,0,5,23,13 屏東縣,2 技職
107,1064,美和科技大學,N 修,2 二專,33,10,23,6,12,2,11,0,0,0,0,0,0,0,0,0,0,2,0,13 屏東縣,2 技職
107,1064,美和科技大學,D 日,5 五專,1992,264,1728,44,306,47,335,79,365,51,378,37,317,0,0,0,0,6,27,13 屏東縣,2 技職
107,1065,吳鳳科技大學,D 日,M 碩士,64,37,27,15,14,16,11,3,0,3,2,0,0,0,0,0,0,0,0,10 嘉義縣,2 技職
107,1065,吳鳳科技大學,N 職,M 碩士,67,29,38,20,22,6,14,2,0,0,1,1,0,0,1,0,0,0,0,10 嘉義縣,2 技職
107,1065,吳鳳科技大學,D 日,B 四技,3388,2333,1055,630,264,493,213,523,265,611,293,0,0,0,0,0,0,76,20,10 嘉義縣,2 技職
107,1065,吳鳳科技大學,N 修,B 四技,841,612,229,168,66,128,55,119,38,176,64,0,0,0,0,0,0,21,6,10 嘉義縣,2 技職
107,1066,環球科技大學,D 日,M 碩士,149,61,88,25,46,25,30,7,8,3,3,1,1,0,0,0,0,0,0,09 雲林縣,2 技職
107,1066,環球科技大學,N 職,M 碩士,50,29,21,15,14,13,4,1,2,0,1,0,0,0,0,0,0,0,0,09 雲林縣,2 技職
107,1066,環球科技大學,D 日,B 四技,3010,1449,1561,308,347,335,328,305,383,418,452,0,0,0,0,0,0,83,51,09 雲林縣,2 技職
107,1066,環球科技大學,N 修,B 四技,977,471,506,141,157,74,81,107,102,133,151,0,0,0,0,0,0,16,15,09 雲林縣,2 技職
107,1066,環球科技大學,N 修,C 二技,384,132,252,0,0,0,0,97,150,34,102,0,0,0,0,0,0,1,0,09 雲林縣,2 技職
107,1066,環球科技大學,N 修,2 二專,206,104,102,46,56,51,46,0,0,0,0,0,0,0,0,0,0,7,0,09 雲林縣,2 技職
107,1067,台灣首府大學,D 日,M 碩士,67,25,42,12,24,11,16,0,2,2,0,0,0,0,0,0,0,0,0,11 臺南市,1 一般
107,1067,台灣首府大學,D 日,B 學士,1758,877,881,220,208,154,158,156,180,266,289,0,0,0,0,0,0,81,46,11 臺南市,1 一般
107,1067,台灣首府大學,P 進,B 學士,369,231,138,48,26,52,21,41,44,71,36,0,0,0,0,0,0,19,11,11 臺南市,1 一般
107,1068,中州科技大學,D 日,M 碩士,32,23,9,8,2,6,0,5,6,1,0,1,1,2,0,0,0,0,0,07 彰化縣,2 技職
107,1068,中州科技大學,N 職,M 碩士,42,30,12,27,8,1,4,1,0,0,0,0,0,1,0,0,0,0,0,07 彰化縣,2 技職
107,1068,中州科技大學,D 日,B 四技,1485,851,634,115,103,145,107,192,164,360,238,0,0,0,0,0,0,39,22,07 彰化縣,2 技職
107,1068,中州科技大學,N 修,B 四技,932,615,317,173,75,154,69,127,69,137,98,0,0,0,0,0,0,24,6,07 彰化縣,2 技職
107,1068,中州科技大學,N 修,C 二技,783,198,585,0,0,0,0,172,348,26,235,0,0,0,0,0,0,0,2,07 彰化縣,2 技職
107,1069,修平科技大學,D 日,M 碩士,57,41,16,25,7,13,7,3,2,0,0,0,0,0,0,0,0,0,0,06 臺中市,2 技職
107,1069,修平科技大學,N 職,M 碩士,9,8,1,4,0,3,1,1,0,0,0,0,0,0,0,0,0,0,0,06 臺中市,2 技職
107,1069,修平科技大學,D 日,B 四技,3746,2480,1266,660,270,420,188,555,312,698,431,0,0,0,0,0,0,147,65,06 臺中市,2 技職
107,1069,修平科技大學,N 修,B 四技,1065,932,133,396,42,195,30,148,35,130,24,0,0,0,0,0,0,63,2,06 臺中市,2 技職
107,1070,長庚科技大學,D 日,M 碩士,59,2,57,2,27,0,23,0,6,0,1,0,0,0,0,0,0,0,0,03 桃園市,2 技職
107,1070,長庚科技大學,N 職,M 碩士,106,3,103,1,44,1,26,0,26,0,5,1,1,0,1,0,0,0,0,03 桃園市,2 技職
107,1070,長庚科技大學,D 日,B 四技,3450,460,2990,121,788,114,777,128,765,93,648,0,0,0,0,0,0,4,12,03 桃園市,2 技職
107,1070,長庚科技大學,D 日,C 二技,1434,66,1368,0,0,0,0,34,672,31,685,0,0,0,0,0,0,1,11,03 桃園市,2 技職
107,1070,長庚科技大學,N 修,C 二技,1251,84,1167,0,0,0,0,43,520,37,581,3,61,0,0,0,0,1,5,03 桃園市,2 技職
107,1070,長庚科技大學,D 日,5 五專,335,25,310,0,0,0,0,0,0,7,107,17,193,0,0,0,0,1,10,03 桃園市,2 技職
107,1071,臺北城市科技大學,D 日,M 碩士,83,69,14,29,7,27,2,9,4,4,1,0,0,0,0,0,0,0,0,30 臺北市,2 技職
107,1071,臺北城市科技大學,D 日,B 四技,7159,4422,2737,1092,719,1010,611,1024,600,1002,663,0,0,0,0,0,0,294,144,30 臺北市,2 技職
107,1071,臺北城市科技大學,N 修,B 四技,852,622,230,232,109,123,33,119,51,113,27,0,0,0,0,0,0,35,10,30 臺北市,2 技職
107,1071,臺北城市科技大學,D 日,C 二技,3,1,2,0,0,0,0,0,1,0,0,0,0,0,0,0,0,1,1,30 臺北市,2 技職
107,1071,臺北城市科技大學,N 修,2 二專,12,7,5,0,0,4,5,0,0,0,0,0,0,0,0,0,0,3,0,30 臺北市,2 技職
107,1071,臺北城市科技大學,D 日,5 五專,1249,878,371,120,69,155,65,239,85,211,87,126,63,0,0,0,0,27,2,30 臺北市,2 技職
107,1072,大華科技大學,D 日,M 碩士,9,9,0,0,0,1,0,1,0,7,0,0,0,0,0,0,0,0,0,04 新竹縣,2 技職
107,1072,大華科技大學,D 日,B 四技,588,366,222,12,6,43,33,83,57,148,93,0,0,0,0,0,0,80,33,04 新竹縣,2 技職
107,1072,大華科技大學,N 修,B 四技,360,248,112,32,21,87,24,68,31,44,32,0,0,0,0,0,0,17,4,04 新竹縣,2 技職
107,1072,大華科技大學,D 日,C 二技,41,24,17,0,0,0,0,7,0,15,13,0,0,0,0,0,0,2,4,04 新竹縣,2 技職
107,1072,大華科技大學,N 修,C 二技,437,295,142,0,0,0,0,72,53,211,89,0,0,0,0,0,0,12,0,04 新竹縣,2 技職
107,1072,大華科技大學,N 修,2 二專,66,48,18,45,18,0,0,0,0,0,0,0,0,0,0,0,0,3,0,04 新竹縣,2 技職
107,1072,大華科技大學,D 日,5 五專,518,307,211,21,19,69,39,58,51,85,48,60,47,0,0,0,0,14,7,04 新竹縣,2 技職
107,1073,醒吾科技大學,D 日,M 碩士,65,39,26,15,17,14,9,10,0,0,0,0,0,0,0,0,0,0,0,01 新北市,2 技職
107,1073,醒吾科技大學,N 職,M 碩士,106,66,40,39,26,9,9,9,0,4,1,1,4,4,0,0,0,0,0,01 新北市,2 技職
107,1073,醒吾科技大學,D 日,B 四技,5795,2425,3370,655,824,662,852,480,761,538,851,0,0,0,0,0,0,90,82,01 新北市,2 技職
107,1073,醒吾科技大學,N 修,B 四技,1325,569,756,257,365,85,145,112,142,97,95,0,0,0,0,0,0,18,9,01 新北市,2 技職
107,1073,醒吾科技大學,D 日,5 五專,806,303,503,31,55,65,96,81,114,80,151,44,86,0,0,0,0,2,1,01 新北市,2 技職
107,1074,南榮科技大學,D 日,M 碩士,27,18,9,10,5,4,2,3,1,1,1,0,0,0,0,0,0,0,0,11 臺南市,2 技職
107,1074,南榮科技大學,N 職,M 碩士,28,12,16,4,9,5,7,3,0,0,0,0,0,0,0,0,0,0,0,11 臺南市,2 技職
107,1074,南榮科技大學,D 日,B 四技,698,432,266,70,14,54,33,91,60,179,142,0,0,0,0,0,0,38,17,11 臺南市,2 技職
107,1074,南榮科技大學,N 修,B 四技,680,476,204,165,60,45,20,131,66,107,48,0,0,0,0,0,0,28,10,11 臺南市,2 技職
107,1074,南榮科技大學,D 日,C 二技,8,8,0,0,0,0,0,0,0,8,0,0,0,0,0,0,0,0,0,11 臺南市,2 技職
107,1074,南榮科技大學,N 修,C 二技,40,27,13,0,0,0,0,0,0,27,13,0,0,0,0,0,0,0,0,11 臺南市,2 技職
107,1074,南榮科技大學,N 修,2 二專,61,39,22,0,0,36,22,0,0,0,0,0,0,0,0,0,0,3,0,11 臺南市,2 技職
107,1074,南榮科技大學,D 日,5 五專,108,79,29,6,1,10,0,21,9,21,9,16,7,0,0,0,0,5,3,11 臺南市,2 技職
107,1075,文藻外語大學,D 日,M 碩士,174,43,131,13,51,14,25,12,29,4,26,0,0,0,0,0,0,0,0,50 高雄市,2 技職
107,1075,文藻外語大學,N 職,M 碩士,53,15,38,4,11,3,12,3,8,1,5,3,2,1,0,0,0,0,0,50 高雄市,2 技職
107,1075,文藻外語大學,D 日,B 四技,5289,1297,3992,374,895,282,965,303,896,269,965,0,0,0,0,0,0,69,271,50 高雄市,2 技職
107,1075,文藻外語大學,N 修,B 四技,1839,598,1241,219,348,136,260,106,263,89,236,0,0,0,0,0,0,48,134,50 高雄市,2 技職
107,1075,文藻外語大學,D 日,C 二技,264,39,225,0,0,0,0,16,98,16,101,0,0,0,0,0,0,7,26,50 高雄市,2 技職
107,1075,文藻外語大學,N 修,C 二技,193,52,141,0,0,0,0,25,67,23,59,0,0,0,0,0,0,4,15,50 高雄市,2 技職
107,1075,文藻外語大學,D 日,5 五專,1625,280,1345,58,255,52,261,49,249,63,277,51,274,0,0,0,0,7,29,50 高雄市,2 技職
107,1076,華夏科技大學,D 日,M 碩士,41,35,6,12,6,12,0,9,0,2,0,0,0,0,0,0,0,0,0,01 新北市,2 技職
107,1076,華夏科技大學,N 職,M 碩士,66,48,18,25,11,14,6,4,1,4,0,1,0,0,0,0,0,0,0,01 新北市,2 技職
107,1076,華夏科技大學,D 日,B 四技,2188,1383,805,288,206,269,150,313,193,445,216,0,0,0,0,0,0,68,40,01 新北市,2 技職
107,1076,華夏科技大學,N 修,B 四技,741,451,290,71,73,110,64,97,69,132,70,0,0,0,0,0,0,41,14,01 新北市,2 技職
107,1076,華夏科技大學,D 日,C 二技,83,66,17,0,0,0,0,31,8,34,9,0,0,0,0,0,0,1,0,01 新北市,2 技職
107,1076,華夏科技大學,N 修,C 二技,410,209,201,0,0,0,0,108,102,94,99,0,0,0,0,0,0,7,0,01 新北市,2 技職
107,1076,華夏科技大學,N 修,2 二專,234,102,132,25,56,70,73,0,0,0,0,0,0,0,0,0,0,7,3,01 新北市,2 技職
107,1076,華夏科技大學,D 日,5 五專,603,525,78,109,23,100,14,154,14,95,16,63,11,0,0,0,0,4,0,01 新北市,2 技職
107,1077,慈濟科技大學,D 日,M 碩士,39,16,23,7,9,5,12,4,1,0,1,0,0,0,0,0,0,0,0,15 花蓮縣,2 技職
107,1077,慈濟科技大學,D 日,B 四技,1271,544,727,118,208,120,199,126,167,128,127,0,0,0,0,0,0,52,26,15 花蓮縣,2 技職
107,1077,慈濟科技大學,D 日,C 二技,280,22,258,0,0,0,0,11,131,11,127,0,0,0,0,0,0,0,0,15 花蓮縣,2 技職
107,1077,慈濟科技大學,N 修,C 二技,96,9,87,0,0,0,0,3,53,3,27,0,0,0,0,0,0,3,7,15 花蓮縣,2 技職
107,1077,慈濟科技大學,D 日,5 五專,1293,166,1127,38,221,38,219,32,224,24,218,27,210,0,0,0,0,7,35,15 花蓮縣,2 技職
107,1078,致理科技大學,D 日,M 碩士,47,10,37,3,14,4,12,3,8,0,3,0,0,0,0,0,0,0,0,01 新北市,2 技職
107,1078,致理科技大學,N 職,M 碩士,50,15,35,9,7,4,11,1,9,1,3,0,5,0,0,0,0,0,0,01 新北市,2 技職
107,1078,致理科技大學,D 日,B 四技,6313,1990,4323,447,1075,480,1039,457,1015,474,1036,0,0,0,0,0,0,132,158,01 新北市,2 技職
107,1078,致理科技大學,N 修,B 四技,3187,1222,1965,368,500,276,468,216,448,264,436,0,0,0,0,0,0,98,113,01 新北市,2 技職
107,1078,致理科技大學,D 日,C 二技,271,43,228,0,0,0,0,13,101,27,120,0,0,0,0,0,0,3,7,01 新北市,2 技職
107,1078,致理科技大學,N 修,C 二技,26,12,14,0,0,0,0,0,0,0,2,0,0,0,0,0,0,12,12,01 新北市,2 技職
107,1078,致理科技大學,D 日,2 二專,1,0,1,0,0,0,0,0,0,0,0,0,0,0,0,0,0,0,1,01 新北市,2 技職
107,1078,致理科技大學,D 日,5 五專,1614,325,1289,81,253,53,265,67,257,56,253,61,241,0,0,0,0,7,20,01 新北市,2 技職
107,1079,康寧大學,D 日,M 碩士,96,28,68,13,36,11,26,3,4,0,2,1,0,0,0,0,0,0,0,30 臺北市,1 一般
107,1079,康寧大學,N 職,M 碩士,121,42,79,18,33,10,36,9,8,2,2,3,0,0,0,0,0,0,0,30 臺北市,1 一般
107,1079,康寧大學,D 日,B 學士,607,287,320,30,85,66,68,35,64,115,94,0,0,0,0,0,0,41,9,30 臺北市,1 一般
107,1079,康寧大學,P 進,B 學士,311,220,91,41,7,43,18,48,10,79,54,0,0,0,0,0,0,9,2,30 臺北市,1 一般
107,1079,康寧大學,N 修,C 二技,32,2,30,0,0,0,0,2,30,0,0,0,0,0,0,0,0,0,0,30 臺北市,2 技職
107,1079,康寧大學,D 日,2 二專,1,0,1,0,0,0,0,0,0,0,0,0,0,0,0,0,0,0,1,30 臺北市,2 技職
107,1079,康寧大學,N 修,2 二專,273,61,212,32,102,28,108,0,0,0,0,0,0,0,0,0,0,1,2,30 臺北市,2 技職
107,1079,康寧大學,D 日,5 五專,2863,637,2226,120,444,145,407,141,469,116,477,105,401,0,0,0,0,10,28,30 臺北市,2 技職
107,1080,宏國德霖科技大學,D 日,B 四技,2601,1571,1030,425,280,316,217,376,213,390,287,0,0,0,0,0,0,64,33,01 新北市,2 技職
107,1080,宏國德霖科技大學,N 修,B 四技,1462,908,554,314,157,163,131,223,132,168,119,0,0,0,0,0,0,40,15,01 新北市,2 技職
107,1080,宏國德霖科技大學,D 日,C 二技,84,26,58,0,0,0,0,17,24,7,34,0,0,0,0,0,0,2,0,01 新北市,2 技職
107,1080,宏國德霖科技大學,N 修,C 二技,680,415,265,0,0,0,0,220,126,186,135,0,0,0,0,0,0,9,4,01 新北市,2 技職
107,1080,宏國德霖科技大學,N 修,2 二專,185,89,96,40,52,47,42,0,0,0,0,0,0,0,0,0,0,2,2,01 新北市,2 技職
107,1080,宏國德霖科技大學,D 日,5 五專,1332,812,520,139,102,148,94,215,117,161,103,137,94,0,0,0,0,12,10,01 新北市,2 技職
107,1081,東方設計大學,D 日,D 博士,31,18,13,5,2,4,4,5,6,3,1,1,0,0,0,0,0,0,0,12 高雄市,2 技職
107,1081,東方設計大學,D 日,M 碩士,125,53,72,22,34,18,20,8,12,5,6,0,0,0,0,0,0,0,0,12 高雄市,2 技職
107,1081,東方設計大學,N 職,M 碩士,39,12,27,7,21,3,5,2,1,0,0,0,0,0,0,0,0,0,0,12 高雄市,2 技職
107,1081,東方設計大學,D 日,B 四技,1212,655,557,89,85,176,96,139,150,202,186,0,0,0,0,0,0,49,40,12 高雄市,2 技職
107,1081,東方設計大學,N 修,B 四技,182,87,95,29,7,12,28,22,38,21,21,0,0,0,0,0,0,3,1,12 高雄市,2 技職
107,1081,東方設計大學,D 日,C 二技,50,26,24,0,0,0,0,7,13,15,10,0,0,0,0,0,0,4,1,12 高雄市,2 技職
107,1081,東方設計大學,D 日,5 五專,1193,547,646,53,67,101,139,136,152,154,163,94,119,0,0,0,0,9,6,12 高雄市,2 技職
107,1082,崇右影藝科技大學,D 日,M 碩士,86,45,41,22,20,19,17,3,3,1,1,0,0,0,0,0,0,0,0,17 基隆市,2 技職
107,1082,崇右影藝科技大學,D 日,B 四技,2174,985,1189,227,278,201,309,198,208,241,313,0,0,0,0,0,0,118,81,17 基隆市,2 技職
107,1082,崇右影藝科技大學,D 日,5 五專,155,71,84,0,0,0,0,34,34,27,34,6,9,0,0,0,0,4,7,17 基隆市,2 技職
107,1083,台北海洋科技大學,D 日,M 碩士,133,74,59,38,36,29,19,6,4,1,0,0,0,0,0,0,0,0,0,01 新北市,2 技職
107,1083,台北海洋科技大學,D 日,B 四技,2999,1604,1395,346,306,332,278,364,308,417,410,0,0,0,0,0,0,145,93,01 新北市,2 技職
107,1083,台北海洋科技大學,N 修,B 四技,158,74,84,38,20,10,18,9,30,13,13,0,0,0,0,0,0,4,3,01 新北市,2 技職
107,1083,台北海洋科技大學,D 日,C 二技,216,147,69,0,0,0,0,59,27,74,40,0,0,0,0,0,0,14,2,01 新北市,2 技職
107,1083,台北海洋科技大學,N 修,C 二技,105,33,72,0,0,0,0,23,45,9,27,0,0,0,0,0,0,1,0,01 新北市,2 技職
107,1083,台北海洋科技大學,D 日,X 4+X,29,25,4,25,4,0,0,0,0,0,0,0,0,0,0,0,0,0,0,01 新北市,2 技職
107,1083,台北海洋科技大學,D 日,2 二專,73,69,4,27,2,37,1,0,0,0,0,0,0,0,0,0,0,5,1,01 新北市,2 技職
107,1083,台北海洋科技大學,N 修,2 二專,85,78,7,37,3,37,4,0,0,0,0,0,0,0,0,0,0,4,0,01 新北市,2 技職
107,1083,台北海洋科技大學,D 日,5 五專,1058,645,413,82,63,127,58,149,98,128,92,122,87,0,0,0,0,37,15,01 新北市,2 技職
107,1125,中信金融管理學院,D 日,M 碩士,73,38,35,26,19,12,16,0,0,0,0,0,0,0,0,0,0,0,0,21 臺南市,1 一般
107,1125,中信金融管理學院,D 日,B 學士,588,292,296,113,84,53,70,68,67,58,75,0,0,0,0,0,0,0,0,21 臺南市,1 一般
107,1148,大漢技術學院,D 日,M 碩士,86,62,24,24,15,25,8,13,1,0,0,0,0,0,0,0,0,0,0,15 花蓮縣,2 技職
107,1148,大漢技術學院,D 日,B 四技,326,197,129,40,47,49,29,43,20,51,28,0,0,0,0,0,0,14,5,15 花蓮縣,2 技職
107,1148,大漢技術學院,N 修,B 四技,318,198,120,61,45,44,26,40,22,45,24,0,0,0,0,0,0,8,3,15 花蓮縣,2 技職
107,1148,大漢技術學院,N 修,C 二技,291,165,126,0,0,0,0,89,56,75,69,0,0,0,0,0,0,1,1,15 花蓮縣,2 技職
107,1148,大漢技術學院,N 修,2 二專,142,74,68,43,36,30,31,0,0,0,0,0,0,0,0,0,0,1,1,15 花蓮縣,2 技職
107,1159,和春技術學院,D 日,M 碩士,15,14,1,0,0,8,1,4,0,2,0,0,0,0,0,0,0,0,0,12 高雄市,2 技職
107,1159,和春技術學院,D 日,B 四技,378,262,116,46,6,40,17,58,34,73,31,0,0,0,0,0,0,45,28,12 高雄市,2 技職
107,1159,和春技術學院,N 修,B 四技,266,177,89,27,13,21,12,30,30,80,30,0,0,0,0,0,0,19,4,12 高雄市,2 技職
107,1159,和春技術學院,D 日,C 二技,20,12,8,0,0,0,0,9,4,2,4,0,0,0,0,0,0,1,0,12 高雄市,2 技職
107,1159,和春技術學院,N 修,C 二技,336,204,132,0,0,0,0,68,34,132,96,0,0,0,0,0,0,4,2,12 高雄市,2 技職
107,1159,和春技術學院,N 修,2 二專,241,171,70,58,24,84,37,0,0,0,0,0,0,0,0,0,0,29,9,12 高雄市,2 技職
107,1159,和春技術學院,D 日,5 五專,190,106,84,6,13,10,19,34,22,24,15,28,10,0,0,0,0,4,5,12 高雄市,2 技職
107,1166,亞東技術學院,D 日,M 碩士,43,31,12,14,7,12,4,4,1,1,0,0,0,0,0,0,0,0,0,01 新北市,2 技職
107,1166,亞東技術學院,D 日,B 四技,4187,3022,1165,797,293,699,306,709,252,703,282,0,0,0,0,0,0,114,32,01 新北市,2 技職
107,1166,亞東技術學院,N 修,B 四技,1,1,0,0,0,0,0,0,0,0,0,0,0,0,0,0,0,1,0,01 新北市,2 技職
107,1166,亞東技術學院,D 日,C 二技,180,10,170,0,0,0,0,6,84,4,84,0,0,0,0,0,0,0,2,01 新北市,2 技職
107,1166,亞東技術學院,N 修,C 二技,111,1,110,0,0,0,0,0,46,0,41,1,23,0,0,0,0,0,0,01 新北市,2 技職
107,1168,南亞技術學院,D 日,M 碩士,26,21,5,11,1,7,1,1,3,2,0,0,0,0,0,0,0,0,0,03 桃園市,2 技職
107,1168,南亞技術學院,D 日,B 四技,1763,1015,748,253,148,167,140,218,177,269,229,0,0,0,0,0,0,108,54,03 桃園市,2 技職
107,1168,南亞技術學院,N 修,B 四技,820,572,248,142,73,107,42,154,57,140,59,0,0,0,0,0,0,29,17,03 桃園市,2 技職
107,1168,南亞技術學院,N 修,C 二技,37,26,11,0,0,0,0,26,11,0,0,0,0,0,0,0,0,0,0,03 桃園市,2 技職
107,1168,南亞技術學院,N 修,2 二專,37,29,8,15,3,10,4,0,0,0,0,0,0,0,0,0,0,4,1,03 桃園市,2 技職
107,1168,南亞技術學院,D 日,5 五專,327,181,146,26,33,44,22,55,47,56,44,0,0,0,0,0,0,0,0,03 桃園市,2 技職
107,1176,稻江科技暨管理學院,D 日,M 碩士,85,42,43,20,18,15,18,2,5,4,2,0,0,1,0,0,0,0,0,10 嘉義縣,1 一般
107,1176,稻江科技暨管理學院,N 職,M 碩士,55,34,21,16,13,13,5,4,3,1,0,0,0,0,0,0,0,0,0,10 嘉義縣,1 一般
107,1176,稻江科技暨管理學院,D 日,B 學士,1455,773,682,231,229,228,146,176,189,120,109,0,0,0,0,0,0,18,9,10 嘉義縣,1 一般
107,1176,稻江科技暨管理學院,P 進,B 學士,607,228,379,53,78,66,94,42,101,52,95,0,0,0,0,0,0,15,11,10 嘉義縣,1 一般
107,1176,稻江科技暨管理學院,N 修,C 二技,132,25,107,0,0,0,0,13,53,12,51,0,0,0,0,0,0,0,3,10 嘉義縣,2 技職
107,1182,蘭陽技術學院,D 日,B 四技,515,301,214,77,55,47,34,65,60,89,57,0,0,0,0,0,0,23,8,02 宜蘭縣,2 技職
107,1182,蘭陽技術學院,D 日,C 二技,1,1,0,0,0,0,0,0,0,0,0,0,0,0,0,0,0,1,0,02 宜蘭縣,2 技職
107,1182,蘭陽技術學院,D 日,5 五專,405,239,166,37,28,34,24,78,46,64,51,23,12,0,0,0,0,3,5,02 宜蘭縣,2 技職
107,1183,黎明技術學院,D 日,B 四技,3326,1771,1555,541,500,394,391,389,318,367,303,0,0,0,0,0,0,80,43,01 新北市,2 技職
107,1183,黎明技術學院,N 修,B 四技,845,565,280,201,153,138,54,97,40,112,31,0,0,0,0,0,0,17,2,01 新北市,2 技職
107,1183,黎明技術學院,N 修,C 二技,109,11,98,0,0,0,0,6,56,5,39,0,0,0,0,0,0,0,3,01 新北市,2 技職
107,1183,黎明技術學院,N 修,2 二專,62,2,60,2,51,0,8,0,0,0,0,0,0,0,0,0,0,0,1,01 新北市,2 技職
107,1183,黎明技術學院,D 日,5 五專,583,494,89,65,14,82,21,91,22,115,10,118,20,0,0,0,0,23,2,01 新北市,2 技職
107,1185,經國管理暨健康學院,D 日,M 碩士,26,6,20,1,9,5,5,0,1,0,5,0,0,0,0,0,0,0,0,17 基隆市,2 技職
107,1185,經國管理暨健康學院,N 職,M 碩士,45,8,37,3,17,3,15,1,1,1,4,0,0,0,0,0,0,0,0,17 基隆市,2 技職
107,1185,經國管理暨健康學院,D 日,B 四技,1890,691,1199,212,352,168,266,137,264,113,280,0,0,0,0,0,0,61,37,17 基隆市,2 技職
107,1185,經國管理暨健康學院,N 修,B 四技,154,71,83,0,0,9,6,24,12,32,57,0,0,0,0,0,0,6,8,17 基隆市,2 技職
107,1185,經國管理暨健康學院,D 日,C 二技,169,12,157,0,0,0,0,7,86,5,70,0,0,0,0,0,0,0,1,17 基隆市,2 技職
107,1185,經國管理暨健康學院,N 修,C 二技,143,7,136,0,0,0,0,4,82,3,52,0,0,0,0,0,0,0,2,17 基隆市,2 技職
107,1185,經國管理暨健康學院,D 日,5 五專,1305,346,959,75,160,62,167,71,194,79,209,48,188,0,0,0,0,11,41,17 基隆市,2 技職
107,1188,大同技術學院,D 日,B 四技,1110,519,591,132,122,90,133,116,158,165,168,0,0,0,0,0,0,16,10,20 嘉義市,2 技職
107,1188,大同技術學院,N 修,B 四技,252,99,153,47,58,9,28,19,25,18,34,0,0,0,0,0,0,6,8,20 嘉義市,2 技職
107,1188,大同技術學院,N 修,C 二技,300,78,222,0,0,0,0,44,126,30,94,0,0,0,0,0,0,4,2,20 嘉義市,2 技職
107,1188,大同技術學院,N 修,2 二專,6,3,3,0,0,3,3,0,0,0,0,0,0,0,0,0,0,0,0,20 嘉義市,2 技職
107,1188,大同技術學院,D 日,5 五專,135,76,59,4,11,10,8,25,14,16,15,13,10,0,0,0,0,8,1,20 嘉義市,2 技職
107,1192,臺灣觀光學院,D 日,M 碩士,28,13,15,7,9,4,2,2,1,0,3,0,0,0,0,0,0,0,0,15 花蓮縣,2 技職
107,1192,臺灣觀光學院,D 日,B 四技,411,217,194,40,42,16,14,42,45,71,67,0,0,0,0,0,0,48,26,15 花蓮縣,2 技職
107,1192,臺灣觀光學院,N 修,B 四技,84,34,50,13,17,6,12,6,12,8,9,0,0,0,0,0,0,1,0,15 花蓮縣,2 技職
107,1192,臺灣觀光學院,D 日,C 二技,2,0,2,0,0,0,0,0,0,0,0,0,0,0,0,0,0,0,2,15 花蓮縣,2 技職
107,1192,臺灣觀光學院,N 修,C 二技,53,20,33,0,0,0,0,9,21,10,12,0,0,0,0,0,0,1,0,15 花蓮縣,2 技職
107,1192,臺灣觀光學院,D 日,2 二專,1,1,0,0,0,0,0,0,0,0,0,0,0,0,0,0,0,1,0,15 花蓮縣,2 技職
107,1192,臺灣觀光學院,N 修,2 二專,39,15,24,10,20,4,4,0,0,0,0,0,0,0,0,0,0,1,0,15 花蓮縣,2 技職
107,1192,臺灣觀光學院,D 日,5 五專,133,51,82,2,2,4,10,17,17,16,31,9,20,0,0,0,0,3,2,15 花蓮縣,2 技職
107,1195,馬偕醫學院,D 日,M 碩士,47,19,28,5,6,9,7,3,11,2,4,0,0,0,0,0,0,0,0,01 新北市,1 一般
107,1195,馬偕醫學院,D 日,B 學士,661,254,407,48,111,40,79,45,77,45,78,19,23,33,14,19,22,5,3,01 新北市,1 一般
107,1196,法鼓文理學院,D 日,D 博士,17,7,10,2,1,1,3,0,0,3,3,1,3,0,0,0,0,0,0,01 新北市,1 一般
107,1196,法鼓文理學院,D 日,M 碩士,206,54,152,17,43,13,36,15,36,9,37,0,0,0,0,0,0,0,0,01 新北市,1 一般
107,1196,法鼓文理學院,D 日,B 學士,57,21,36,4,11,7,10,6,6,4,9,0,0,0,0,0,0,0,0,01 新北市,1 一般
107,1282,馬偕醫護管理專科學校,D 日,2 二專,42,19,23,14,13,5,9,0,0,0,0,0,0,0,0,0,0,0,1,30 臺北市,2 技職
107,1282,馬偕醫護管理專科學校,N 修,2 二專,302,148,154,111,105,33,47,0,0,0,0,0,0,0,0,0,0,4,2,30 臺北市,2 技職
107,1282,馬偕醫護管理專科學校,D 日,5 五專,3932,448,3484,95,686,96,687,99,692,77,697,68,658,0,0,0,0,13,64,30 臺北市,2 技職
107,1283,仁德醫護管理專科學校,N 修,2 二專,352,202,150,138,94,59,50,0,0,0,0,0,0,0,0,0,0,5,6,05 苗栗縣,2 技職
107,1283,仁德醫護管理專科學校,D 日,5 五專,6073,1308,4765,238,905,272,974,272,973,235,896,182,807,0,0,0,0,109,210,05 苗栗縣,2 技職
107,1284,樹人醫護管理專科學校,N 修,2 二專,529,340,189,145,79,137,77,18,16,32,16,0,0,0,0,0,0,8,1,12 高雄市,2 技職
107,1284,樹人醫護管理專科學校,D 日,5 五專,6620,1548,5072,339,1150,324,1039,316,1029,288,946,216,761,0,0,0,0,65,147,12 高雄市,2 技職
107,1285,慈惠醫護管理專科學校,D 日,2 二專,96,36,60,13,23,22,31,0,0,0,0,0,0,0,0,0,0,1,6,13 屏東縣,2 技職
107,1285,慈惠醫護管理專科學校,N 修,2 二專,267,97,170,57,80,16,56,3,7,11,8,0,0,0,0,0,0,10,19,13 屏東縣,2 技職
107,1285,慈惠醫護管理專科學校,D 日,5 五專,4677,1059,3618,171,580,168,620,214,807,245,776,197,640,0,0,0,0,64,195,13 屏東縣,2 技職
107,1286,耕莘健康管理專科學校,N 修,2 二專,106,1,105,1,61,0,43,0,0,0,0,0,0,0,0,0,0,0,1,01 新北市,2 技職
107,1286,耕莘健康管理專科學校,D 日,5 五專,4987,506,4481,100,835,102,918,96,924,91,845,100,815,0,0,0,0,17,144,01 新北市,2 技職
107,1287,敏惠醫護管理專科學校,D 日,5 五專,3869,470,3399,97,706,84,710,101,684,83,629,72,607,0,0,0,0,33,63,11 臺南市,2 技職
107,1289,育英醫護管理專科學校,D 日,5 五專,2013,202,1811,41,351,47,374,42,379,37,348,32,323,0,0,0,0,3,36,50 高雄市,2 技職
107,1291,聖母醫護管理專科學校,D 日,5 五專,2777,588,2189,85,358,96,444,154,486,143,461,99,425,0,0,0,0,11,15,02 宜蘭縣,2 技職
107,1292,新生醫護管理專科學校,N 修,2 二專,94,35,59,19,32,15,27,0,0,0,0,0,0,0,0,0,0,1,0,03 桃園市,2 技職
107,1292,新生醫護管理專科學校,D 日,5 五專,5964,723,5241,136,1108,157,1058,162,1099,138,1022,107,825,0,0,0,0,23,129,03 桃園市,2 技職
107,1293,崇仁醫護管理專科學校,D 日,5 五專,3392,418,2974,89,550,89,610,81,620,74,581,70,560,0,0,0,0,15,53,10 嘉義縣,2 技職
107,3002,臺北市立大學,D 日,D 博士,247,103,144,14,20,16,14,17,18,12,20,13,22,9,12,22,38,0,0,30 臺北市,1 一般
107,3002,臺北市立大學,D 日,M 碩士,1187,388,799,124,252,112,228,82,134,48,112,10,39,12,34,0,0,0,0,30 臺北市,1 一般
107,3002,臺北市立大學,N 職,M 碩士,1036,287,749,98,271,87,237,44,119,25,71,19,23,14,28,0,0,0,0,30 臺北市,1 一般
107,3002,臺北市立大學,D 日,B 學士,5304,2373,2931,566,725,524,682,583,692,535,693,0,0,0,0,0,0,165,139,30 臺北市,1 一般
108,0001,國立政治大學,D 日,D 博士,995,561,434,90,85,87,77,84,74,89,53,70,48,61,55,80,42,0,0,30 臺北市,1 一般
108,0001,國立政治大學,D 日,M 碩士,4023,1861,2162,644,745,593,702,372,451,252,264,0,0,0,0,0,0,0,0,30 臺北市,1 一般
108,0001,國立政治大學,N 職,M 碩士,1787,929,858,298,273,266,233,185,190,110,96,70,66,0,0,0,0,0,0,30 臺北市,1 一般
108,0001,國立政治大學,D 日,B 學士,9585,3912,5673,896,1289,906,1309,883,1319,882,1333,0,0,0,0,0,0,345,423,30 臺北市,1 一般
108,0002,國立清華大學,D 日,D 博士,1656,1211,445,241,85,206,90,179,64,163,60,140,43,122,44,160,59,0,0,18 新竹市,1 一般
108,0002,國立清華大學,D 日,M 碩士,5190,3221,1969,1299,754,1231,659,475,321,209,211,3,14,4,10,0,0,0,0,18 新竹市,1 一般
108,0002,國立清華大學,N 職,M 碩士,1293,479,814,191,269,170,217,35,114,26,92,23,43,9,29,25,50,0,0,18 新竹市,1 一般
108,0002,國立清華大學,D 日,B 學士,8500,4658,3842,1105,925,1093,843,1075,945,1123,975,0,0,0,0,0,0,262,154,18 新竹市,1 一般
108,0002,國立清華大學,D 日,X 4+X,39,25,14,3,2,20,12,0,0,0,0,0,0,0,0,0,0,2,0,18 新竹市,1 一般
108,0003,國立臺灣大學,D 日,D 博士,3433,2405,1028,467,185,361,179,347,163,355,132,292,130,240,105,343,134,0,0,30 臺北市,1 一般
108,0003,國立臺灣大學,D 日,M 碩士,10335,6241,4094,2483,1615,2302,1457,970,622,486,400,0,0,0,0,0,0,0,0,30 臺北市,1 一般
108,0003,國立臺灣大學,N 職,M 碩士,1562,949,613,328,236,331,235,165,92,62,22,35,18,28,10,0,0,0,0,30 臺北市,1 一般
108,0003,國立臺灣大學,D 日,B 學士,16614,9431,7183,2105,1592,2165,1592,2083,1653,2037,1608,167,111,145,71,1,4,728,552,30 臺北市,1 一般
108,0003,國立臺灣大學,P 進,B 學士,1,1,0,0,0,0,0,0,0,0,0,0,0,0,0,0,0,1,0,30 臺北市,1 一般
108,0004,國立臺灣師範大學,D 日,D 博士,1353,662,691,108,117,97,104,121,114,93,106,91,104,73,65,79,81,0,0,30 臺北市,3 師範
108,0004,國立臺灣師範大學,D 日,M 碩士,4196,1794,2402,657,807,558,724,345,514,234,357,0,0,0,0,0,0,0,0,30 臺北市,3 師範
108,0004,國立臺灣師範大學,N 職,M 碩士,2063,599,1464,192,457,178,440,99,267,67,142,33,90,30,68,0,0,0,0,30 臺北市,3 師範
108,0004,國立臺灣師範大學,D 日,B 學士,8104,3603,4501,875,1084,830,1072,811,1057,820,1023,0,0,0,0,0,0,267,265,30 臺北市,3 師範
108,0005,國立成功大學,D 日,D 博士,1829,1261,568,264,138,215,92,202,88,162,82,158,67,123,50,137,51,0,0,21 臺南市,1 一般
108,0005,國立成功大學,D 日,M 碩士,6833,4290,2543,1910,1064,1738,1015,492,342,148,120,1,2,1,0,0,0,0,0,21 臺南市,1 一般
108,0005,國立成功大學,N 職,M 碩士,1446,900,546,303,192,269,171,177,106,95,51,55,26,1,0,0,0,0,0,21 臺南市,1 一般
108,0005,國立成功大學,D 日,B 學士,11348,7046,4302,1677,1011,1658,1007,1602,1024,1631,981,79,59,51,37,1,3,347,180,21 臺南市,1 一般
108,0006,國立中興大學,D 日,D 博士,944,658,286,103,46,108,57,97,44,97,40,75,30,75,25,103,44,0,0,19 臺中市,1 一般
108,0006,國立中興大學,D 日,M 碩士,3447,2054,1393,854,601,849,555,244,161,106,75,1,1,0,0,0,0,0,0,19 臺中市,1 一般
108,0006,國立中興大學,N 職,M 碩士,1625,1106,519,401,212,329,176,179,67,113,34,84,30,0,0,0,0,0,0,19 臺中市,1 一般
108,0006,國立中興大學,D 日,B 學士,8020,4619,3401,1065,810,1085,782,1093,840,1112,825,34,46,0,0,0,0,230,98,19 臺中市,1 一般
108,0006,國立中興大學,P 進,B 學士,947,416,531,110,107,76,121,68,120,93,115,52,58,0,0,0,0,17,10,19 臺中市,1 一般
108,0007,國立交通大學,D 日,D 博士,1765,1379,386,281,97,274,77,209,58,189,40,153,49,111,29,162,36,0,0,18 新竹市,1 一般
108,0007,國立交通大學,D 日,M 碩士,5754,3913,1841,1503,718,1370,630,831,369,209,122,0,2,0,0,0,0,0,0,18 新竹市,1 一般
108,0007,國立交通大學,N 職,M 碩士,1596,1053,543,340,207,324,195,189,71,113,36,87,34,0,0,0,0,0,0,18 新竹市,1 一般
108,0007,國立交通大學,D 日,B 學士,5627,3840,1787,1028,513,894,418,887,410,874,389,0,0,0,0,0,0,157,57,18 新竹市,1 一般
108,0008,國立中央大學,D 日,D 博士,1019,730,289,144,59,135,51,116,49,113,46,83,37,67,25,72,22,0,0,03 桃園市,1 一般
108,0008,國立中央大學,D 日,M 碩士,3504,2324,1180,992,522,946,445,280,145,105,68,1,0,0,0,0,0,0,0,03 桃園市,1 一般
108,0008,國立中央大學,N 職,M 碩士,1343,854,489,310,221,333,151,99,56,72,35,40,26,0,0,0,0,0,0,03 桃園市,1 一般
108,0008,國立中央大學,D 日,B 學士,5956,3755,2201,878,545,909,551,919,534,890,518,0,0,0,0,0,0,159,53,03 桃園市,1 一般
108,0009,國立中山大學,D 日,D 博士,779,542,237,116,49,104,42,87,45,88,29,50,33,48,20,49,19,0,0,50 高雄市,1 一般
108,0009,國立中山大學,D 日,M 碩士,2975,1906,1069,788,443,702,354,285,180,131,92,0,0,0,0,0,0,0,0,50 高雄市,1 一般
108,0009,國立中山大學,N 職,M 碩士,1068,539,529,225,197,181,170,78,86,55,76,0,0,0,0,0,0,0,0,50 高雄市,1 一般
108,0009,國立中山大學,D 日,B 學士,4741,2919,1822,642,450,696,401,729,431,675,451,0,0,0,0,0,0,177,89,50 高雄市,1 一般
108,0012,國立臺灣海洋大學,D 日,D 博士,332,247,85,40,23,53,16,37,17,34,3,23,10,24,6,36,10,0,0,17 基隆市,1 一般
108,0012,國立臺灣海洋大學,D 日,M 碩士,1462,947,515,423,226,341,193,115,61,47,14,13,11,5,7,3,3,0,0,17 基隆市,1 一般
108,0012,國立臺灣海洋大學,N 職,M 碩士,577,353,224,143,94,104,83,49,23,32,13,15,2,5,7,5,2,0,0,17 基隆市,1 一般
108,0012,國立臺灣海洋大學,D 日,B 學士,5850,4039,1811,999,459,945,460,951,456,921,403,0,0,0,0,0,0,223,33,17 基隆市,1 一般
108,0012,國立臺灣海洋大學,P 進,B 學士,494,288,206,79,45,60,56,44,40,67,54,0,0,0,0,0,0,38,11,17 基隆市,1 一般
108,0012,國立臺灣海洋大學,N 修,X 4+X,123,102,21,42,10,56,11,0,0,0,0,0,0,0,0,0,0,4,0,17 基隆市,1 一般
108,0013,國立中正大學,D 日,D 博士,607,403,204,69,42,59,31,58,35,61,27,59,27,46,19,51,23,0,0,10 嘉義縣,1 一般
108,0013,國立中正大學,D 日,M 碩士,2796,1744,1052,710,387,648,369,267,198,118,92,1,6,0,0,0,0,0,0,10 嘉義縣,1 一般
108,0013,國立中正大學,N 職,M 碩士,1369,625,744,216,293,202,242,99,107,66,58,42,44,0,0,0,0,0,0,10 嘉義縣,1 一般
108,0013,國立中正大學,D 日,B 學士,6433,3504,2929,827,697,833,735,818,722,859,706,0,0,0,0,0,0,167,69,10 嘉義縣,1 一般
108,0014,國立高雄師範大學,D 日,D 博士,450,215,235,31,42,33,29,42,34,37,40,24,37,22,27,26,26,0,0,50 高雄市,3 師範
108,0014,國立高雄師範大學,D 日,M 碩士,1385,517,868,167,272,154,245,115,181,69,142,9,20,3,7,0,1,0,0,50 高雄市,3 師範
108,0014,國立高雄師範大學,N 職,M 碩士,1331,449,882,150,287,143,248,90,178,32,74,23,47,11,48,0,0,0,0,50 高雄市,3 師範
108,0014,國立高雄師範大學,D 日,B 學士,3524,1731,1793,468,430,437,430,372,451,399,435,0,0,0,0,0,0,55,47,50 高雄市,3 師範
108,0015,國立彰化師範大學,D 日,D 博士,494,297,197,51,35,49,27,52,35,48,24,35,28,28,25,34,23,0,0,07 彰化縣,3 師範
108,0015,國立彰化師範大學,D 日,M 碩士,1600,815,785,315,279,279,245,151,151,68,106,2,4,0,0,0,0,0,0,07 彰化縣,3 師範
108,0015,國立彰化師範大學,N 職,M 碩士,1362,565,797,199,253,181,233,60,130,48,87,33,43,44,51,0,0,0,0,07 彰化縣,3 師範
108,0015,國立彰化師範大學,D 日,B 學士,4929,2591,2338,637,559,600,556,623,575,574,580,0,0,0,0,0,0,157,68,07 彰化縣,3 師範
108,0016,國立陽明大學,D 日,D 博士,878,516,362,93,83,90,61,71,55,83,46,67,47,51,33,61,37,0,0,30 臺北市,1 一般
108,0016,國立陽明大學,D 日,M 碩士,1304,532,772,213,356,232,280,57,100,29,30,1,6,0,0,0,0,0,0,30 臺北市,1 一般
108,0016,國立陽明大學,N 職,M 碩士,150,46,104,17,35,16,31,10,21,2,12,1,5,0,0,0,0,0,0,30 臺北市,1 一般
108,0016,國立陽明大學,D 日,B 學士,2004,1095,909,199,221,222,177,211,181,217,183,122,68,102,63,2,0,20,16,30 臺北市,1 一般
108,0017,國立臺北大學,D 日,D 博士,214,142,72,33,8,22,13,18,13,25,11,13,11,9,8,22,8,0,0,01 新北市,1 一般
108,0017,國立臺北大學,D 日,M 碩士,1354,708,646,273,232,234,239,115,105,77,64,9,6,0,0,0,0,0,0,01 新北市,1 一般
108,0017,國立臺北大學,N 職,M 碩士,522,268,254,117,104,94,95,33,33,20,15,4,7,0,0,0,0,0,0,01 新北市,1 一般
108,0017,國立臺北大學,D 日,B 學士,5819,2629,3190,626,759,606,771,635,768,624,761,0,0,0,0,0,0,138,131,01 新北市,1 一般
108,0017,國立臺北大學,P 進,B 學士,2045,766,1279,224,346,179,300,155,270,148,288,0,1,0,0,0,0,60,74,01 新北市,1 一般
108,0018,國立嘉義大學,D 日,D 博士,205,117,88,21,16,23,11,18,12,21,10,13,10,9,12,12,17,0,0,20 嘉義市,1 一般
108,0018,國立嘉義大學,D 日,M 碩士,1309,624,685,235,252,204,207,93,116,92,110,0,0,0,0,0,0,0,0,20 嘉義市,1 一般
108,0018,國立嘉義大學,N 職,M 碩士,890,338,552,120,192,126,154,44,101,48,105,0,0,0,0,0,0,0,0,20 嘉義市,1 一般
108,0018,國立嘉義大學,D 日,B 學士,7495,3787,3708,905,917,908,897,892,883,916,886,24,37,0,0,0,0,142,88,20 嘉義市,1 一般
108,0018,國立嘉義大學,P 進,B 學士,1986,1249,737,342,185,281,176,286,173,249,163,0,0,0,0,0,0,91,40,20 嘉義市,1 一般
108,0019,國立高雄大學,D 日,D 博士,30,27,3,5,1,6,1,5,0,5,0,3,0,0,0,3,1,0,0,50 高雄市,1 一般
108,0019,國立高雄大學,D 日,M 碩士,635,417,218,161,88,150,78,67,32,39,20,0,0,0,0,0,0,0,0,50 高雄市,1 一般
108,0019,國立高雄大學,N 職,M 碩士,486,299,187,94,80,91,42,51,33,35,14,18,12,10,6,0,0,0,0,50 高雄市,1 一般
108,0019,國立高雄大學,D 日,B 學士,4345,2526,1819,658,447,626,453,553,439,569,421,0,0,0,0,0,0,120,59,50 高雄市,1 一般
108,0019,國立高雄大學,N 修,C 二技,167,110,57,0,0,0,0,42,25,31,16,0,0,0,0,0,0,37,16,50 高雄市,2 技職
108,0020,國立東華大學,D 日,D 博士,390,238,152,44,32,46,34,36,19,34,19,18,15,24,12,36,21,0,0,15 花蓮縣,1 一般
108,0020,國立東華大學,D 日,M 碩士,1422,718,704,262,234,206,206,120,128,112,112,13,14,5,10,0,0,0,0,15 花蓮縣,1 一般
108,0020,國立東華大學,N 職,M 碩士,536,237,299,84,73,70,111,35,45,25,34,13,12,10,24,0,0,0,0,15 花蓮縣,1 一般
108,0020,國立東華大學,D 日,B 學士,7559,3600,3959,878,996,787,944,858,929,808,937,0,0,0,0,0,0,269,153,15 花蓮縣,1 一般
108,0021,國立暨南國際大學,D 日,D 博士,336,170,166,33,28,21,30,31,26,29,24,14,17,14,20,28,21,0,0,08 南投縣,1 一般
108,0021,國立暨南國際大學,D 日,M 碩士,858,411,447,148,137,123,139,81,91,47,64,2,8,10,8,0,0,0,0,08 南投縣,1 一般
108,0021,國立暨南國際大學,N 職,M 碩士,424,175,249,56,92,55,63,26,39,23,30,10,13,5,12,0,0,0,0,08 南投縣,1 一般
108,0021,國立暨南國際大學,D 日,B 學士,4490,2037,2453,490,544,454,611,496,587,493,614,0,0,0,0,0,0,104,97,08 南投縣,1 一般
108,0022,國立臺灣科技大學,D 日,D 博士,1037,805,232,203,69,165,50,158,43,104,32,63,14,54,12,58,12,0,0,30 臺北市,2 技職
108,0022,國立臺灣科技大學,N 職,D 博士,1,1,0,0,0,0,0,0,0,0,0,0,0,0,0,1,0,0,0,30 臺北市,2 技職
108,0022,國立臺灣科技大學,D 日,M 碩士,3632,2486,1146,1178,542,1010,448,236,129,62,27,0,0,0,0,0,0,0,0,30 臺北市,2 技職
108,0022,國立臺灣科技大學,N 職,M 碩士,798,517,281,217,131,182,105,66,26,46,17,4,2,2,0,0,0,0,0,30 臺北市,2 技職
108,0022,國立臺灣科技大學,D 日,B 四技,5629,3955,1674,940,435,944,383,937,405,944,376,0,0,0,0,0,0,190,75,30 臺北市,2 技職
108,0022,國立臺灣科技大學,D 日,C 二技,177,78,99,0,0,0,0,33,39,42,54,0,0,0,0,0,0,3,6,30 臺北市,2 技職
108,0023,國立雲林科技大學,D 日,D 博士,407,261,146,58,23,46,25,39,26,36,23,37,19,27,16,18,14,0,0,09 雲林縣,2 技職
108,0023,國立雲林科技大學,D 日,M 碩士,1933,1227,706,540,294,461,275,168,101,58,36,0,0,0,0,0,0,0,0,09 雲林縣,2 技職
108,0023,國立雲林科技大學,N 職,M 碩士,746,412,334,178,137,133,114,56,41,35,30,10,12,0,0,0,0,0,0,09 雲林縣,2 技職
108,0023,國立雲林科技大學,D 日,B 四技,6264,3764,2500,943,596,891,618,869,619,904,604,0,0,0,0,0,0,157,63,09 雲林縣,2 技職
108,0023,國立雲林科技大學,N 修,B 四技,126,52,74,18,26,15,25,19,23,0,0,0,0,0,0,0,0,0,0,09 雲林縣,2 技職
108,0023,國立雲林科技大學,D 日,C 二技,240,93,147,0,0,0,0,42,69,45,69,0,0,0,0,0,0,6,9,09 雲林縣,2 技職
108,0024,國立屏東科技大學,D 日,D 博士,259,168,91,29,24,27,13,22,13,25,14,14,9,19,7,32,11,0,0,13 屏東縣,2 技職
108,0024,國立屏東科技大學,D 日,M 碩士,1128,645,483,282,199,244,201,87,56,28,25,2,2,2,0,0,0,0,0,13 屏東縣,2 技職
108,0024,國立屏東科技大學,N 職,M 碩士,303,210,93,70,40,75,42,33,6,16,2,7,1,9,2,0,0,0,0,13 屏東縣,2 技職
108,0024,國立屏東科技大學,D 日,B 四技,7724,4112,3612,982,910,952,811,964,854,922,865,48,53,0,0,0,0,244,119,13 屏東縣,2 技職
108,0024,國立屏東科技大學,N 修,B 四技,1445,852,593,235,139,191,116,166,164,175,142,0,0,0,0,0,0,85,32,13 屏東縣,2 技職
108,0024,國立屏東科技大學,D 日,C 二技,4,2,2,0,0,0,0,0,0,1,2,0,0,0,0,0,0,1,0,13 屏東縣,2 技職
108,0025,國立臺北科技大學,D 日,D 博士,760,596,164,112,36,113,29,85,21,76,22,60,15,55,15,95,26,0,0,30 臺北市,2 技職
108,0025,國立臺北科技大學,D 日,M 碩士,2950,2144,806,940,378,947,342,209,64,48,22,0,0,0,0,0,0,0,0,30 臺北市,2 技職
108,0025,國立臺北科技大學,N 職,M 碩士,1503,1067,436,379,186,366,157,165,56,102,22,32,9,23,6,0,0,0,0,30 臺北市,2 技職
108,0025,國立臺北科技大學,D 日,B 四技,6074,4228,1846,1135,463,1027,461,1043,477,988,432,0,0,0,0,0,0,35,13,30 臺北市,2 技職
108,0025,國立臺北科技大學,N 修,B 四技,1871,1585,286,369,61,378,64,424,80,368,75,0,0,0,0,0,0,46,6,30 臺北市,2 技職
108,0025,國立臺北科技大學,D 日,C 二技,151,65,86,0,0,0,0,33,43,32,43,0,0,0,0,0,0,0,0,30 臺北市,2 技職
108,0025,國立臺北科技大學,N 修,C 二技,91,61,30,0,0,0,0,1,1,36,9,6,9,0,0,0,0,18,11,30 臺北市,2 技職
108,0025,國立臺北科技大學,D 日,5 五專,64,50,14,24,8,26,6,0,0,0,0,0,0,0,0,0,0,0,0,30 臺北市,2 技職
108,0028,國立臺北藝術大學,D 日,D 博士,96,36,60,9,12,6,13,9,9,2,8,3,9,3,4,4,5,0,0,30 臺北市,1 一般
108,0028,國立臺北藝術大學,D 日,M 碩士,979,354,625,98,183,99,177,82,152,75,113,0,0,0,0,0,0,0,0,30 臺北市,1 一般
108,0028,國立臺北藝術大學,N 職,M 碩士,170,58,112,20,35,13,31,10,33,10,10,5,3,0,0,0,0,0,0,30 臺北市,1 一般
108,0028,國立臺北藝術大學,D 日,B 學士,1719,628,1091,141,252,128,232,140,228,122,264,0,0,0,0,0,0,97,115,30 臺北市,1 一般
108,0028,國立臺北藝術大學,D 日,X 4+X,60,42,18,21,9,19,6,0,0,0,0,0,0,0,0,0,0,2,3,30 臺北市,1 一般
108,0028,國立臺北藝術大學,D 日,5 七年,74,27,47,14,16,7,16,6,15,0,0,0,0,0,0,0,0,0,0,30 臺北市,1 一般
108,0029,國立臺灣藝術大學,D 日,D 博士,141,67,74,17,23,19,17,13,12,7,7,4,5,4,4,3,6,0,0,01 新北市,1 一般
108,0029,國立臺灣藝術大學,D 日,M 碩士,727,266,461,72,154,73,135,72,103,49,69,0,0,0,0,0,0,0,0,01 新北市,1 一般
108,0029,國立臺灣藝術大學,N 職,M 碩士,385,150,235,38,70,35,60,28,48,30,30,9,12,10,15,0,0,0,0,01 新北市,1 一般
108,0029,國立臺灣藝術大學,D 日,B 學士,2402,674,1728,144,395,148,376,136,394,152,391,0,0,0,0,0,0,94,172,01 新北市,1 一般
108,0029,國立臺灣藝術大學,P 進,B 學士,1561,495,1066,103,276,111,238,116,238,106,228,0,0,0,0,0,0,59,86,01 新北市,1 一般
108,0029,國立臺灣藝術大學,N 修,C 二技,385,95,290,0,0,0,0,41,122,36,115,0,0,0,0,0,0,18,53,01 新北市,2 技職
108,0030,國立臺東大學,D 日,D 博士,49,19,30,3,3,5,5,2,6,1,7,5,3,1,4,2,2,0,0,14 臺東縣,1 一般
108,0030,國立臺東大學,D 日,M 碩士,343,144,199,55,67,39,58,29,46,18,23,3,5,0,0,0,0,0,0,14 臺東縣,1 一般
108,0030,國立臺東大學,N 職,M 碩士,549,136,413,54,160,39,145,18,54,6,26,11,12,7,10,1,6,0,0,14 臺東縣,1 一般
108,0030,國立臺東大學,D 日,B 學士,3489,1731,1758,438,455,433,427,415,399,363,406,0,0,0,0,0,0,82,71,14 臺東縣,1 一般
108,0030,國立臺東大學,P 進,B 學士,252,105,147,47,78,20,17,19,32,16,18,0,0,0,0,0,0,3,2,14 臺東縣,1 一般
108,0030,國立臺東大學,N 修,C 二技,40,28,12,0,0,0,0,22,5,6,7,0,0,0,0,0,0,0,0,14 臺東縣,2 技職
108,0031,國立宜蘭大學,D 日,D 博士,8,5,3,2,1,1,2,0,0,2,0,0,0,0,0,0,0,0,0,02 宜蘭縣,1 一般
108,0031,國立宜蘭大學,D 日,M 碩士,454,295,159,127,60,99,57,50,35,16,7,3,0,0,0,0,0,0,0,02 宜蘭縣,1 一般
108,0031,國立宜蘭大學,N 職,M 碩士,217,154,63,56,23,55,25,20,7,11,4,6,1,6,3,0,0,0,0,02 宜蘭縣,1 一般
108,0031,國立宜蘭大學,D 日,B 學士,4356,2791,1565,663,409,647,410,682,359,698,362,0,0,0,0,0,0,101,25,02 宜蘭縣,1 一般
108,0031,國立宜蘭大學,P 進,B 學士,384,252,132,67,38,69,31,53,30,45,31,0,0,0,0,0,0,18,2,02 宜蘭縣,1 一般
108,0032,國立聯合大學,D 日,D 博士,14,14,0,3,0,3,0,2,0,3,0,1,0,1,0,1,0,0,0,05 苗栗縣,1 一般
108,0032,國立聯合大學,D 日,M 碩士,453,330,123,131,46,124,41,47,22,24,11,4,3,0,0,0,0,0,0,05 苗栗縣,1 一般
108,0032,國立聯合大學,N 職,M 碩士,22,8,14,7,12,1,2,0,0,0,0,0,0,0,0,0,0,0,0,05 苗栗縣,1 一般
108,0032,國立聯合大學,D 日,B 學士,5881,4020,1861,1004,440,984,466,932,448,907,450,19,21,0,0,0,0,174,36,05 苗栗縣,1 一般
108,0032,國立聯合大學,P 進,B 學士,1218,790,428,210,95,233,87,140,108,146,114,0,0,0,0,0,0,61,24,05 苗栗縣,1 一般
108,0033,國立虎尾科技大學,D 日,D 博士,37,33,4,7,0,9,0,7,1,5,1,2,1,1,0,2,1,0,0,09 雲林縣,2 技職
108,0033,國立虎尾科技大學,D 日,M 碩士,859,693,166,341,76,291,76,41,10,20,4,0,0,0,0,0,0,0,0,09 雲林縣,2 技職
108,0033,國立虎尾科技大學,N 職,M 碩士,182,125,57,51,24,36,26,18,5,10,1,10,1,0,0,0,0,0,0,09 雲林縣,2 技職
108,0033,國立虎尾科技大學,D 日,B 四技,7216,5521,1695,1367,427,1351,403,1340,405,1257,423,0,0,0,0,0,0,206,37,09 雲林縣,2 技職
108,0033,國立虎尾科技大學,N 修,B 四技,2026,1620,406,547,123,362,112,324,80,328,77,0,0,0,0,0,0,59,14,09 雲林縣,2 技職
108,0033,國立虎尾科技大學,D 日,C 二技,212,170,42,0,0,0,0,78,19,85,22,0,0,0,0,0,0,7,1,09 雲林縣,2 技職
108,0033,國立虎尾科技大學,N 修,C 二技,96,48,48,0,0,0,0,28,28,18,18,0,0,0,0,0,0,2,2,09 雲林縣,2 技職
108,0033,國立虎尾科技大學,D 日,2 二專,30,28,2,28,2,0,0,0,0,0,0,0,0,0,0,0,0,0,0,09 雲林縣,2 技職
108,0033,國立虎尾科技大學,D 日,5 五專,91,79,12,36,5,43,7,0,0,0,0,0,0,0,0,0,0,0,0,09 雲林縣,2 技職
108,0035,國立臺南藝術大學,D 日,D 博士,40,20,20,4,4,4,2,5,1,2,3,1,2,0,3,4,5,0,0,11 臺南市,1 一般
108,0035,國立臺南藝術大學,D 日,M 碩士,560,184,376,50,94,38,107,44,83,52,88,0,2,0,1,0,1,0,0,11 臺南市,1 一般
108,0035,國立臺南藝術大學,N 職,M 碩士,53,17,36,3,10,1,4,1,6,5,7,6,3,0,4,1,2,0,0,11 臺南市,1 一般
108,0035,國立臺南藝術大學,D 日,B 學士,789,248,541,56,129,59,125,56,124,57,136,0,0,0,0,0,0,20,27,11 臺南市,1 一般
108,0035,國立臺南藝術大學,D 日,5 七年,165,60,105,24,34,20,34,16,37,0,0,0,0,0,0,0,0,0,0,11 臺南市,1 一般
108,0036,國立臺南大學,D 日,D 博士,172,73,99,12,18,6,16,13,16,8,15,14,17,11,3,9,14,0,0,21 臺南市,1 一般
108,0036,國立臺南大學,D 日,M 碩士,896,386,510,151,164,117,149,68,103,50,88,0,6,0,0,0,0,0,0,21 臺南市,1 一般
108,0036,國立臺南大學,N 職,M 碩士,661,219,442,74,148,77,142,41,70,20,54,4,23,3,4,0,1,0,0,21 臺南市,1 一般
108,0036,國立臺南大學,D 日,B 學士,3826,1783,2043,428,497,425,485,427,505,429,499,0,0,0,0,0,0,74,57,21 臺南市,1 一般
108,0036,國立臺南大學,P 進,B 學士,112,58,54,29,11,19,20,1,9,2,7,0,0,0,0,0,0,7,7,21 臺南市,1 一般
108,0037,國立臺北教育大學,D 日,D 博士,147,71,76,12,12,9,13,16,13,7,9,10,11,5,10,12,8,0,0,30 臺北市,3 師範
108,0037,國立臺北教育大學,D 日,M 碩士,1286,417,869,128,265,108,241,91,190,75,138,7,24,8,11,0,0,0,0,30 臺北市,3 師範
108,0037,國立臺北教育大學,N 職,M 碩士,970,230,740,95,262,67,228,27,127,34,88,4,30,3,3,0,2,0,0,30 臺北市,3 師範
108,0037,國立臺北教育大學,D 日,B 學士,3387,1118,2269,245,559,264,553,276,536,266,532,0,0,0,0,0,0,67,89,30 臺北市,3 師範
108,0039,國立臺中教育大學,D 日,D 博士,114,45,69,4,13,4,12,7,8,7,9,10,7,4,7,9,13,0,0,19 臺中市,3 師範
108,0039,國立臺中教育大學,D 日,M 碩士,821,273,548,91,175,81,171,42,109,52,65,3,19,4,9,0,0,0,0,19 臺中市,3 師範
108,0039,國立臺中教育大學,N 職,M 碩士,765,180,585,47,199,50,178,36,95,28,78,12,21,6,14,1,0,0,0,19 臺中市,3 師範
108,0039,國立臺中教育大學,D 日,B 學士,3229,1169,2060,291,486,268,504,287,511,275,503,0,0,0,0,0,0,48,56,19 臺中市,3 師範
108,0042,國立澎湖科技大學,D 日,M 碩士,66,37,29,18,19,11,6,5,3,3,1,0,0,0,0,0,0,0,0,16 澎湖縣,2 技職
108,0042,國立澎湖科技大學,N 職,M 碩士,38,22,16,12,11,7,4,2,1,1,0,0,0,0,0,0,0,0,0,16 澎湖縣,2 技職
108,0042,國立澎湖科技大學,D 日,B 四技,2639,1559,1080,406,262,367,265,368,240,348,295,0,0,0,0,0,0,70,18,16 澎湖縣,2 技職
108,0042,國立澎湖科技大學,N 修,B 四技,283,143,140,45,34,46,38,26,38,20,27,0,0,0,0,0,0,6,3,16 澎湖縣,2 技職
108,0042,國立澎湖科技大學,D 日,5 五專,25,21,4,11,2,10,2,0,0,0,0,0,0,0,0,0,0,0,0,16 澎湖縣,2 技職
108,0043,國立勤益科技大學,D 日,D 博士,27,22,5,9,2,1,1,1,1,3,0,2,1,3,0,3,0,0,0,06 臺中市,2 技職
108,0043,國立勤益科技大學,D 日,M 碩士,583,460,123,214,52,180,53,52,16,14,2,0,0,0,0,0,0,0,0,06 臺中市,2 技職
108,0043,國立勤益科技大學,N 職,M 碩士,297,240,57,111,23,88,26,26,5,8,1,3,2,4,0,0,0,0,0,06 臺中市,2 技職
108,0043,國立勤益科技大學,D 日,B 四技,6600,4525,2075,1153,520,1132,530,1046,502,1002,486,0,0,0,0,0,0,192,37,06 臺中市,2 技職
108,0043,國立勤益科技大學,N 修,B 四技,3507,2920,587,811,141,654,139,680,144,620,119,0,0,0,0,0,0,155,44,06 臺中市,2 技職
108,0043,國立勤益科技大學,D 日,C 二技,106,87,19,0,0,0,0,46,15,38,4,0,0,0,0,0,0,3,0,06 臺中市,2 技職
108,0043,國立勤益科技大學,N 修,C 二技,10,6,4,0,0,0,0,0,0,6,4,0,0,0,0,0,0,0,0,06 臺中市,2 技職
108,0044,國立體育大學,D 日,D 博士,149,109,40,18,7,22,3,20,7,14,9,21,6,9,3,5,5,0,0,03 桃園市,1 一般
108,0044,國立體育大學,D 日,M 碩士,349,187,162,67,72,68,38,36,31,16,21,0,0,0,0,0,0,0,0,03 桃園市,1 一般
108,0044,國立體育大學,N 職,M 碩士,204,131,73,42,24,51,26,14,13,17,6,6,4,1,0,0,0,0,0,03 桃園市,1 一般
108,0044,國立體育大學,D 日,B 學士,1736,1075,661,264,162,255,151,234,157,221,150,0,0,0,0,0,0,101,41,03 桃園市,1 一般
108,0044,國立體育大學,N 修,C 二年制,87,57,30,0,0,0,0,26,20,24,9,0,0,0,0,0,0,7,1,03 桃園市,1 一般
108,0046,國立臺北護理健康大學,D 日,D 博士,67,7,60,3,12,1,12,3,15,0,7,0,7,0,4,0,3,0,0,30 臺北市,2 技職
108,0046,國立臺北護理健康大學,D 日,M 碩士,537,91,446,35,151,29,144,18,87,9,64,0,0,0,0,0,0,0,0,30 臺北市,2 技職
108,0046,國立臺北護理健康大學,N 職,M 碩士,195,29,166,9,53,10,53,6,35,4,25,0,0,0,0,0,0,0,0,30 臺北市,2 技職
108,0046,國立臺北護理健康大學,D 日,B 四技,2837,726,2111,192,513,205,505,143,513,157,497,0,0,0,0,0,0,29,83,30 臺北市,2 技職
108,0046,國立臺北護理健康大學,D 日,C 二技,870,78,792,0,0,0,0,45,398,31,379,0,0,0,0,0,0,2,15,30 臺北市,2 技職
108,0046,國立臺北護理健康大學,N 修,C 二技,721,32,689,0,0,0,0,12,234,11,214,9,214,0,0,0,0,0,27,30 臺北市,2 技職
108,0047,國立高雄餐旅大學,D 日,D 博士,38,18,20,7,4,2,5,1,4,3,0,1,1,3,5,1,1,0,0,50 高雄市,2 技職
108,0047,國立高雄餐旅大學,D 日,M 碩士,167,56,111,22,48,23,41,7,18,3,4,1,0,0,0,0,0,0,0,50 高雄市,2 技職
108,0047,國立高雄餐旅大學,N 職,M 碩士,43,20,23,7,10,5,10,3,1,1,1,4,1,0,0,0,0,0,0,50 高雄市,2 技職
108,0047,國立高雄餐旅大學,D 日,B 四技,3109,933,2176,240,539,244,537,217,533,221,557,0,0,0,0,0,0,11,10,50 高雄市,2 技職
108,0047,國立高雄餐旅大學,N 修,B 四技,1093,336,757,79,148,89,194,94,246,72,160,0,0,0,0,0,0,2,9,50 高雄市,2 技職
108,0047,國立高雄餐旅大學,D 日,C 二技,82,16,66,0,0,0,0,8,31,8,34,0,0,0,0,0,0,0,1,50 高雄市,2 技職
108,0047,國立高雄餐旅大學,N 修,C 二技,252,68,184,0,0,0,0,32,77,35,106,0,0,0,0,0,0,1,1,50 高雄市,2 技職
108,0047,國立高雄餐旅大學,N 修,X 4+X,1,0,1,0,0,0,0,0,0,0,0,0,0,0,0,0,0,0,1,50 高雄市,2 技職
108,0047,國立高雄餐旅大學,N 修,2 二專,1,1,0,0,0,0,0,0,0,0,0,0,0,0,0,0,0,1,0,50 高雄市,2 技職
108,0047,國立高雄餐旅大學,D 日,5 五專,250,103,147,22,30,22,30,18,29,20,28,19,29,0,0,0,0,2,1,50 高雄市,2 技職
108,0048,國立金門大學,D 日,M 碩士,210,136,74,73,29,29,27,21,13,13,5,0,0,0,0,0,0,0,0,71 金門縣,1 一般
108,0048,國立金門大學,N 職,M 碩士,99,77,22,32,11,39,9,5,1,1,1,0,0,0,0,0,0,0,0,71 金門縣,1 一般
108,0048,國立金門大學,D 日,B 學士,3194,1640,1554,436,371,356,389,374,331,353,395,20,17,0,0,0,0,101,51,71 金門縣,1 一般
108,0048,國立金門大學,P 進,B 學士,884,521,363,166,98,123,91,108,80,90,77,0,0,0,0,0,0,34,17,71 金門縣,1 一般
108,0049,國立臺灣體育運動大學,D 日,M 碩士,245,128,117,46,37,38,39,22,23,16,14,4,2,2,1,0,1,0,0,19 臺中市,1 一般
108,0049,國立臺灣體育運動大學,N 職,M 碩士,117,67,50,21,20,22,17,12,10,8,1,1,2,2,0,1,0,0,0,19 臺中市,1 一般
108,0049,國立臺灣體育運動大學,D 日,B 學士,2371,1363,1008,349,242,299,254,304,234,303,222,0,0,0,0,0,0,108,56,19 臺中市,1 一般
108,0049,國立臺灣體育運動大學,P 進,B 學士,374,269,105,78,21,52,28,63,27,59,26,0,0,0,0,0,0,17,3,19 臺中市,1 一般
108,0050,國立臺中科技大學,D 日,M 碩士,400,176,224,79,98,70,87,15,25,12,14,0,0,0,0,0,0,0,0,19 臺中市,2 技職
108,0050,國立臺中科技大學,N 職,M 碩士,201,91,110,43,52,37,47,9,6,2,5,0,0,0,0,0,0,0,0,19 臺中市,2 技職
108,0050,國立臺中科技大學,D 日,B 四技,5355,1637,3718,417,883,392,899,364,917,402,947,0,0,0,0,0,0,62,72,19 臺中市,2 技職
108,0050,國立臺中科技大學,N 修,B 四技,2148,702,1446,187,362,161,363,147,363,167,281,0,0,0,0,0,0,40,77,19 臺中市,2 技職
108,0050,國立臺中科技大學,D 日,C 二技,1434,305,1129,0,0,0,0,138,525,145,545,0,0,0,0,0,0,22,59,19 臺中市,2 技職
108,0050,國立臺中科技大學,N 修,C 二技,375,112,263,0,0,0,0,50,112,50,126,0,0,0,0,0,0,12,25,19 臺中市,2 技職
108,0050,國立臺中科技大學,N 修,2 二專,1,0,1,0,0,0,0,0,0,0,0,0,0,0,0,0,0,0,1,19 臺中市,2 技職
108,0050,國立臺中科技大學,D 日,5 五專,3453,839,2614,218,550,174,525,158,492,134,473,117,530,0,0,0,0,38,44,19 臺中市,2 技職
108,0051,國立臺北商業大學,D 日,D 博士,3,3,0,3,0,0,0,0,0,0,0,0,0,0,0,0,0,0,0,30 臺北市,2 技職
108,0051,國立臺北商業大學,D 日,M 碩士,256,98,158,38,68,51,77,8,10,1,3,0,0,0,0,0,0,0,0,30 臺北市,2 技職
108,0051,國立臺北商業大學,N 職,M 碩士,44,21,23,12,12,7,8,2,3,0,0,0,0,0,0,0,0,0,0,30 臺北市,2 技職
108,0051,國立臺北商業大學,D 日,B 四技,2454,748,1706,195,423,188,398,183,443,166,412,0,0,0,0,0,0,16,30,30 臺北市,2 技職
108,0051,國立臺北商業大學,N 修,B 四技,736,242,494,82,152,57,119,52,104,36,105,0,0,0,0,0,0,15,14,30 臺北市,2 技職
108,0051,國立臺北商業大學,D 日,C 二技,773,181,592,0,0,0,0,93,270,83,299,0,0,0,0,0,0,5,23,30 臺北市,2 技職
108,0051,國立臺北商業大學,N 修,C 二技,667,195,472,0,0,0,0,109,220,70,224,0,0,0,0,0,0,16,28,30 臺北市,2 技職
108,0051,國立臺北商業大學,D 日,5 五專,1828,500,1328,96,260,115,229,90,266,77,265,97,274,0,0,0,0,25,34,30 臺北市,2 技職
108,0052,國立屏東大學,D 日,D 博士,48,21,27,5,5,3,5,4,5,4,2,1,7,2,2,2,1,0,0,13 屏東縣,1 一般
108,0052,國立屏東大學,D 日,M 碩士,832,342,490,108,189,113,144,79,76,41,79,1,2,0,0,0,0,0,0,13 屏東縣,1 一般
108,0052,國立屏東大學,N 職,M 碩士,677,228,449,88,152,78,119,39,94,12,52,10,32,1,0,0,0,0,0,13 屏東縣,1 一般
108,0052,國立屏東大學,D 日,B 學士,6658,2712,3946,652,924,629,970,649,972,662,965,0,0,0,0,0,0,120,115,13 屏東縣,1 一般
108,0052,國立屏東大學,P 進,B 學士,749,339,410,88,138,95,84,80,79,56,86,0,0,0,0,0,0,20,23,13 屏東縣,1 一般
108,0053,國立高雄科技大學,D 日,D 博士,548,447,101,91,28,75,13,72,20,53,19,60,13,41,3,55,5,0,0,50 高雄市,2 技職
108,0053,國立高雄科技大學,D 日,M 碩士,2409,1613,796,679,326,704,292,156,123,71,54,3,1,0,0,0,0,0,0,50 高雄市,2 技職
108,0053,國立高雄科技大學,N 職,M 碩士,2132,1422,710,596,347,520,276,149,38,92,25,35,18,30,6,0,0,0,0,50 高雄市,2 技職
108,0053,國立高雄科技大學,D 日,B 四技,17287,10636,6651,2574,1664,2628,1547,2510,1613,2473,1668,0,0,0,0,0,0,451,159,50 高雄市,2 技職
108,0053,國立高雄科技大學,N 修,B 四技,3703,2507,1196,679,342,588,306,602,261,470,232,0,0,0,0,0,0,168,55,50 高雄市,2 技職
108,0053,國立高雄科技大學,D 日,C 二技,402,250,152,0,0,0,0,107,65,109,76,0,0,0,0,0,0,34,11,50 高雄市,2 技職
108,0053,國立高雄科技大學,N 修,C 二技,119,69,50,0,0,0,0,24,24,42,23,0,0,0,0,0,0,3,3,50 高雄市,2 技職
108,0053,國立高雄科技大學,D 日,X 4+X,1,1,0,0,0,0,0,0,0,0,0,0,0,0,0,0,0,1,0,50 高雄市,2 技職
108,0053,國立高雄科技大學,D 日,5 五專,701,583,118,150,33,181,35,80,18,78,16,78,15,0,0,0,0,16,1,50 高雄市,2 技職
108,0144,國立臺灣戲曲學院,D 日,B 四技,576,191,385,44,100,49,92,40,93,43,89,0,0,0,0,0,0,15,11,30 臺北市,2 技職
108,0144,國立臺灣戲曲學院,N 修,B 四技,19,9,10,0,0,0,0,4,3,5,7,0,0,0,0,0,0,0,0,30 臺北市,2 技職
108,0221,國立臺南護理專科學校,D 日,2 二專,117,6,111,4,52,2,58,0,0,0,0,0,0,0,0,0,0,0,1,21 臺南市,2 技職
108,0221,國立臺南護理專科學校,N 修,2 二專,25,2,23,1,0,1,23,0,0,0,0,0,0,0,0,0,0,0,0,21 臺南市,2 技職
108,0221,國立臺南護理專科學校,D 日,5 五專,1797,135,1662,34,330,29,322,29,333,19,328,22,331,0,0,0,0,2,18,21 臺南市,2 技職
108,0222,國立臺東專科學校,D 日,2 二專,589,434,155,218,76,199,78,0,0,0,0,0,0,0,0,0,0,17,1,14 臺東縣,2 技職
108,0222,國立臺東專科學校,N 修,2 二專,117,68,49,45,30,20,13,0,0,0,0,0,0,0,0,0,0,3,6,14 臺東縣,2 技職
108,0222,國立臺東專科學校,D 日,5 五專,414,187,227,34,21,23,34,27,56,35,58,55,50,0,0,0,0,13,8,14 臺東縣,2 技職
108,1001,東海大學,D 日,D 博士,264,153,111,23,25,29,17,26,15,18,13,23,15,15,8,19,18,0,0,19 臺中市,1 一般
108,1001,東海大學,D 日,M 碩士,1234,614,620,228,247,179,176,116,119,85,75,2,0,4,3,0,0,0,0,19 臺中市,1 一般
108,1001,東海大學,N 職,M 碩士,741,359,382,128,142,107,113,38,52,33,27,28,24,25,24,0,0,0,0,19 臺中市,1 一般
108,1001,東海大學,D 日,B 學士,12993,5742,7251,1308,1851,1394,1794,1369,1687,1351,1686,19,15,0,0,0,0,301,218,19 臺中市,1 一般
108,1001,東海大學,P 進,B 學士,519,266,253,37,40,59,54,51,51,54,48,34,46,0,0,0,0,31,14,19 臺中市,1 一般
108,1002,輔仁大學,D 日,D 博士,429,236,193,47,35,38,32,40,34,33,23,29,26,22,21,27,22,0,0,01 新北市,1 一般
108,1002,輔仁大學,D 日,M 碩士,2008,842,1166,312,443,262,341,164,205,101,173,1,1,2,3,0,0,0,0,01 新北市,1 一般
108,1002,輔仁大學,N 職,M 碩士,1412,583,829,228,314,194,273,64,109,33,55,34,41,29,37,1,0,0,0,01 新北市,1 一般
108,1002,輔仁大學,D 日,B 學士,17528,7402,10126,1669,2382,1733,2524,1743,2390,1733,2413,33,18,27,19,3,1,461,379,01 新北市,1 一般
108,1002,輔仁大學,P 進,B 學士,4272,1643,2629,410,642,355,604,341,552,352,590,0,0,0,0,0,0,185,241,01 新北市,1 一般
108,1002,輔仁大學,N 修,C 二技,60,1,59,0,0,0,0,0,33,1,26,0,0,0,0,0,0,0,0,01 新北市,2 技職
108,1003,東吳大學,D 日,D 博士,121,64,57,10,12,7,5,11,8,11,9,7,9,9,8,9,6,0,0,30 臺北市,1 一般
108,1003,東吳大學,D 日,M 碩士,1252,541,711,162,241,165,190,108,140,102,133,4,7,0,0,0,0,0,0,30 臺北市,1 一般
108,1003,東吳大學,N 職,M 碩士,1194,553,641,152,197,108,160,106,92,59,82,73,54,55,56,0,0,0,0,30 臺北市,1 一般
108,1003,東吳大學,D 日,B 學士,11810,4648,7162,1094,1705,1047,1603,1037,1698,1044,1685,122,126,0,0,0,0,304,345,30 臺北市,1 一般
108,1003,東吳大學,P 進,B 學士,1066,365,701,101,165,87,128,63,122,59,136,39,121,0,0,0,0,16,29,30 臺北市,1 一般
108,1003,東吳大學,D 日,X 4+X,1,0,1,0,0,0,1,0,0,0,0,0,0,0,0,0,0,0,0,30 臺北市,1 一般
108,1004,中原大學,D 日,D 博士,362,248,114,53,25,56,22,27,21,42,18,25,11,23,8,22,9,0,0,03 桃園市,1 一般
108,1004,中原大學,D 日,M 碩士,1591,912,679,401,287,337,220,113,91,60,79,1,1,0,1,0,0,0,0,03 桃園市,1 一般
108,1004,中原大學,N 職,M 碩士,843,501,342,164,136,135,120,87,37,53,16,35,16,27,17,0,0,0,0,03 桃園市,1 一般
108,1004,中原大學,D 日,B 學士,13421,7183,6238,1615,1521,1666,1479,1702,1404,1576,1447,72,89,0,0,0,0,552,298,03 桃園市,1 一般
108,1005,淡江大學,D 日,D 博士,413,275,138,49,25,41,32,50,17,41,25,39,12,23,14,32,13,0,0,01 新北市,1 一般
108,1005,淡江大學,D 日,M 碩士,1671,976,695,402,250,340,237,150,123,84,85,0,0,0,0,0,0,0,0,01 新北市,1 一般
108,1005,淡江大學,N 職,M 碩士,849,443,406,147,139,159,139,51,48,41,33,22,24,23,23,0,0,0,0,01 新北市,1 一般
108,1005,淡江大學,D 日,B 學士,20273,10310,9963,2471,2333,2462,2394,2303,2379,2297,2458,31,28,0,0,0,0,746,371,01 新北市,1 一般
108,1005,淡江大學,P 進,B 學士,1428,761,667,185,142,169,154,127,108,157,156,0,0,0,0,0,0,123,107,01 新北市,1 一般
108,1005,淡江大學,N 修,C 二技,1,0,1,0,0,0,0,0,0,0,0,0,1,0,0,0,0,0,0,01 新北市,2 技職
108,1006,中國文化大學,D 日,D 博士,529,336,193,40,23,38,18,38,28,44,21,36,28,41,25,99,50,0,0,30 臺北市,1 一般
108,1006,中國文化大學,D 日,M 碩士,1625,874,751,216,227,186,194,154,130,137,93,98,59,83,48,0,0,0,0,30 臺北市,1 一般
108,1006,中國文化大學,N 職,M 碩士,720,281,439,66,107,67,128,49,63,38,55,31,52,30,34,0,0,0,0,30 臺北市,1 一般
108,1006,中國文化大學,D 日,B 學士,20411,9930,10481,2368,2426,2178,2425,2131,2266,2183,2465,33,27,0,0,0,0,1037,872,30 臺北市,1 一般
108,1006,中國文化大學,P 進,B 學士,1742,763,979,243,295,145,227,118,177,122,162,0,0,0,0,0,0,135,118,30 臺北市,1 一般
108,1006,中國文化大學,N 修,C 二技,159,51,108,0,0,0,0,18,32,27,62,0,13,0,0,0,0,6,1,30 臺北市,2 技職
108,1007,逢甲大學,D 日,D 博士,413,309,104,51,14,52,21,60,22,52,16,37,15,23,11,34,5,0,0,19 臺中市,1 一般
108,1007,逢甲大學,D 日,M 碩士,1505,1021,484,436,211,403,201,133,46,48,26,1,0,0,0,0,0,0,0,19 臺中市,1 一般
108,1007,逢甲大學,N 職,M 碩士,1033,665,368,254,142,222,154,75,30,63,29,44,11,7,2,0,0,0,0,19 臺中市,1 一般
108,1007,逢甲大學,D 日,B 學士,16756,10042,6714,2293,1722,2423,1671,2469,1583,2383,1564,62,58,0,0,0,0,412,116,19 臺中市,1 一般
108,1007,逢甲大學,P 進,B 學士,837,505,332,108,60,117,86,114,72,110,78,0,0,0,0,0,0,56,36,19 臺中市,1 一般
108,1008,靜宜大學,D 日,D 博士,48,22,26,3,7,3,9,3,3,6,3,2,3,2,1,3,0,0,0,06 臺中市,1 一般
108,1008,靜宜大學,D 日,M 碩士,576,216,360,104,173,50,103,33,47,25,36,2,0,2,0,0,1,0,0,06 臺中市,1 一般
108,1008,靜宜大學,N 職,M 碩士,315,122,193,44,49,30,59,14,40,12,19,17,9,5,16,0,1,0,0,06 臺中市,1 一般
108,1008,靜宜大學,D 日,B 學士,11067,4197,6870,937,1686,996,1614,966,1633,954,1646,0,0,0,0,0,0,344,291,06 臺中市,1 一般
108,1008,靜宜大學,P 進,B 學士,1,1,0,0,0,0,0,0,0,0,0,0,0,0,0,0,0,1,0,06 臺中市,1 一般
108,1009,長庚大學,D 日,D 博士,472,325,147,53,19,37,25,44,22,47,22,41,19,35,16,68,24,0,0,03 桃園市,1 一般
108,1009,長庚大學,D 日,M 碩士,1074,551,523,249,204,182,169,78,80,38,51,2,10,2,9,0,0,0,0,03 桃園市,1 一般
108,1009,長庚大學,N 職,M 碩士,193,95,98,33,40,31,31,12,7,3,3,6,12,10,5,0,0,0,0,03 桃園市,1 一般
108,1009,長庚大學,D 日,B 學士,5095,2510,2585,557,606,558,591,567,613,507,563,88,51,98,54,24,30,111,77,03 桃園市,1 一般
108,1010,元智大學,D 日,D 博士,271,194,77,40,17,37,14,34,12,25,14,25,9,18,7,15,4,0,0,03 桃園市,1 一般
108,1010,元智大學,D 日,M 碩士,807,533,274,225,125,192,90,75,44,41,15,0,0,0,0,0,0,0,0,03 桃園市,1 一般
108,1010,元智大學,N 職,M 碩士,625,410,215,134,72,121,79,43,23,47,22,32,9,33,10,0,0,0,0,03 桃園市,1 一般
108,1010,元智大學,D 日,B 學士,7000,3956,3044,954,739,943,730,907,724,922,737,0,0,0,0,0,0,230,114,03 桃園市,1 一般
108,1011,中華大學,D 日,D 博士,87,61,26,12,5,9,6,8,5,6,3,11,2,9,4,6,1,0,0,18 新竹市,1 一般
108,1011,中華大學,D 日,M 碩士,438,263,175,146,122,68,31,33,11,16,10,0,1,0,0,0,0,0,0,18 新竹市,1 一般
108,1011,中華大學,N 職,M 碩士,162,106,56,61,38,26,12,8,2,10,4,1,0,0,0,0,0,0,0,18 新竹市,1 一般
108,1011,中華大學,D 日,B 學士,4397,2818,1579,688,354,722,412,455,287,632,417,23,23,0,0,0,0,298,86,18 新竹市,1 一般
108,1011,中華大學,P 進,B 學士,199,131,68,60,30,21,9,12,4,21,18,0,0,0,0,0,0,17,7,18 新竹市,1 一般
108,1011,中華大學,N 修,C 二技,188,141,47,0,0,0,0,40,4,99,42,0,0,0,0,0,0,2,1,18 新竹市,2 技職
108,1012,大葉大學,D 日,D 博士,126,92,34,20,9,15,4,19,5,17,8,10,3,5,2,6,3,0,0,07 彰化縣,1 一般
108,1012,大葉大學,D 日,M 碩士,610,336,274,168,154,91,68,49,33,25,19,3,0,0,0,0,0,0,0,07 彰化縣,1 一般
108,1012,大葉大學,N 職,M 碩士,376,140,236,91,171,32,42,5,13,7,4,2,3,3,3,0,0,0,0,07 彰化縣,1 一般
108,1012,大葉大學,D 日,B 學士,7122,3755,3367,810,750,861,827,864,711,1007,948,0,0,0,0,0,0,213,131,07 彰化縣,1 一般
108,1012,大葉大學,P 進,B 學士,834,458,376,117,98,71,63,88,85,144,114,0,0,0,0,0,0,38,16,07 彰化縣,1 一般
108,1012,大葉大學,N 修,C 二技,98,2,96,0,0,0,0,0,27,2,68,0,0,0,0,0,0,0,1,07 彰化縣,2 技職
108,1013,華梵大學,D 日,D 博士,69,42,27,7,5,8,4,8,3,4,5,4,4,6,3,5,3,0,0,01 新北市,1 一般
108,1013,華梵大學,D 日,M 碩士,226,113,113,30,37,24,18,33,24,26,34,0,0,0,0,0,0,0,0,01 新北市,1 一般
108,1013,華梵大學,N 職,M 碩士,167,84,83,58,44,7,11,5,7,0,5,6,4,8,12,0,0,0,0,01 新北市,1 一般
108,1013,華梵大學,D 日,B 學士,1056,591,465,73,51,147,121,105,89,149,153,0,0,0,0,0,0,117,51,01 新北市,1 一般
108,1014,義守大學,D 日,D 博士,154,114,40,11,9,22,8,25,9,18,5,11,5,16,2,11,2,0,0,12 高雄市,1 一般
108,1014,義守大學,D 日,M 碩士,388,227,161,85,62,75,61,33,24,34,14,0,0,0,0,0,0,0,0,12 高雄市,1 一般
108,1014,義守大學,N 職,M 碩士,369,264,105,108,48,65,39,58,9,18,3,7,2,8,4,0,0,0,0,12 高雄市,1 一般
108,1014,義守大學,D 日,B 學士,12238,6148,6090,1581,1518,1417,1555,1316,1395,1415,1395,28,21,0,0,0,0,391,206,12 高雄市,1 一般
108,1014,義守大學,P 進,B 學士,1603,1114,489,292,162,210,67,315,122,247,123,0,0,0,0,0,0,50,15,12 高雄市,1 一般
108,1014,義守大學,N 修,C 二技,181,36,145,0,0,0,0,17,62,18,78,0,0,0,0,0,0,1,5,12 高雄市,2 技職
108,1015,世新大學,D 日,D 博士,102,49,53,9,13,12,11,10,5,4,6,5,7,2,5,7,6,0,0,30 臺北市,1 一般
108,1015,世新大學,D 日,M 碩士,545,257,288,99,118,66,81,48,53,44,36,0,0,0,0,0,0,0,0,30 臺北市,1 一般
108,1015,世新大學,N 職,M 碩士,744,396,348,116,97,107,109,43,53,51,39,32,21,47,29,0,0,0,0,30 臺北市,1 一般
108,1015,世新大學,D 日,B 學士,9548,3406,6142,864,1451,803,1479,767,1536,798,1509,0,0,0,0,0,0,174,167,30 臺北市,1 一般
108,1015,世新大學,P 進,B 學士,448,174,274,37,76,59,72,45,53,26,51,0,0,0,0,0,0,7,22,30 臺北市,1 一般
108,1016,銘傳大學,D 日,D 博士,74,31,43,7,9,3,9,4,6,8,7,6,4,1,4,2,4,0,0,30 臺北市,1 一般
108,1016,銘傳大學,D 日,M 碩士,711,298,413,114,169,94,134,50,64,40,46,0,0,0,0,0,0,0,0,30 臺北市,1 一般
108,1016,銘傳大學,N 職,M 碩士,806,371,435,126,154,129,170,50,63,31,25,26,7,9,16,0,0,0,0,30 臺北市,1 一般
108,1016,銘傳大學,D 日,B 學士,17200,6759,10441,1620,2562,1605,2448,1478,2498,1524,2503,31,22,0,0,0,0,501,408,30 臺北市,1 一般
108,1017,實踐大學,D 日,D 博士,25,8,17,1,6,2,2,2,5,1,2,2,1,0,1,0,0,0,0,30 臺北市,1 一般
108,1017,實踐大學,D 日,M 碩士,410,188,222,66,65,58,69,36,48,27,40,1,0,0,0,0,0,0,0,30 臺北市,1 一般
108,1017,實踐大學,N 職,M 碩士,117,43,74,12,24,13,28,10,10,5,10,3,2,0,0,0,0,0,0,30 臺北市,1 一般
108,1017,實踐大學,D 日,B 學士,10867,3498,7369,835,1873,770,1778,781,1607,809,1797,18,29,0,0,0,0,285,285,30 臺北市,1 一般
108,1017,實踐大學,P 進,B 學士,2014,644,1370,188,350,137,274,128,294,133,336,0,0,0,0,0,0,58,116,30 臺北市,1 一般
108,1017,實踐大學,N 修,C 二技,122,24,98,0,0,0,0,16,44,8,41,0,0,0,0,0,0,0,13,30 臺北市,2 技職
108,1018,朝陽科技大學,D 日,D 博士,113,81,32,24,11,14,8,12,4,12,2,11,2,5,1,3,4,0,0,06 臺中市,2 技職
108,1018,朝陽科技大學,D 日,M 碩士,658,363,295,135,123,117,89,111,83,0,0,0,0,0,0,0,0,0,0,06 臺中市,2 技職
108,1018,朝陽科技大學,N 職,M 碩士,368,193,175,60,51,57,43,76,81,0,0,0,0,0,0,0,0,0,0,06 臺中市,2 技職
108,1018,朝陽科技大學,D 日,B 四技,11259,4757,6502,1136,1571,1209,1669,1113,1514,1110,1594,0,0,0,0,0,0,189,154,06 臺中市,2 技職
108,1018,朝陽科技大學,N 修,B 四技,2888,1536,1352,413,367,364,306,309,293,348,312,0,0,0,0,0,0,102,74,06 臺中市,2 技職
108,1018,朝陽科技大學,D 日,C 二技,78,26,52,0,0,0,0,17,37,7,15,0,0,0,0,0,0,2,0,06 臺中市,2 技職
108,1019,高雄醫學大學,D 日,D 博士,321,171,150,38,35,24,28,28,31,30,28,23,11,20,11,8,6,0,0,50 高雄市,1 一般
108,1019,高雄醫學大學,D 日,M 碩士,669,207,462,92,185,76,168,27,71,12,37,0,1,0,0,0,0,0,0,50 高雄市,1 一般
108,1019,高雄醫學大學,N 職,M 碩士,213,79,134,34,51,25,60,8,14,8,8,4,1,0,0,0,0,0,0,50 高雄市,1 一般
108,1019,高雄醫學大學,D 日,B 學士,5259,2266,2993,500,679,469,708,471,661,466,689,145,107,148,88,1,0,66,61,50 高雄市,1 一般
108,1019,高雄醫學大學,N 修,C 二技,25,0,25,0,0,0,0,0,0,0,12,0,12,0,0,0,0,0,1,50 高雄市,2 技職
108,1020,南華大學,D 日,D 博士,46,28,18,7,5,7,4,4,6,5,1,2,1,2,0,1,1,0,0,10 嘉義縣,1 一般
108,1020,南華大學,D 日,M 碩士,621,255,366,106,175,91,121,34,41,23,26,1,3,0,0,0,0,0,0,10 嘉義縣,1 一般
108,1020,南華大學,N 職,M 碩士,396,142,254,60,121,38,72,24,25,15,22,5,14,0,0,0,0,0,0,10 嘉義縣,1 一般
108,1020,南華大學,D 日,B 學士,4297,2050,2247,537,626,545,625,406,489,413,451,0,0,0,0,0,0,149,56,10 嘉義縣,1 一般
108,1020,南華大學,P 進,B 學士,330,204,126,70,34,42,25,44,30,34,31,0,0,0,0,0,0,14,6,10 嘉義縣,1 一般
108,1021,真理大學,D 日,M 碩士,121,83,38,34,15,28,11,11,7,10,4,0,1,0,0,0,0,0,0,01 新北市,1 一般
108,1021,真理大學,N 職,M 碩士,19,12,7,3,2,6,3,3,0,0,2,0,0,0,0,0,0,0,0,01 新北市,1 一般
108,1021,真理大學,D 日,B 學士,5345,2595,2750,661,720,618,788,510,472,579,665,0,0,0,0,0,0,227,105,01 新北市,1 一般
108,1021,真理大學,P 進,B 學士,102,71,31,0,0,9,3,20,7,22,14,0,0,0,0,0,0,20,7,01 新北市,1 一般
108,1022,大同大學,D 日,D 博士,109,65,44,16,7,9,13,12,4,8,6,5,5,9,6,6,3,0,0,30 臺北市,1 一般
108,1022,大同大學,D 日,M 碩士,289,230,59,89,26,93,28,31,4,17,1,0,0,0,0,0,0,0,0,30 臺北市,1 一般
108,1022,大同大學,N 職,M 碩士,197,146,51,37,10,35,16,26,10,24,8,24,7,0,0,0,0,0,0,30 臺北市,1 一般
108,1022,大同大學,D 日,B 學士,3572,2128,1444,528,331,509,354,473,363,490,357,0,0,0,0,0,0,128,39,30 臺北市,1 一般
108,1023,南臺科技大學,D 日,D 博士,99,77,22,15,5,18,7,15,4,10,2,3,2,7,1,9,1,0,0,11 臺南市,2 技職
108,1023,南臺科技大學,D 日,M 碩士,847,487,360,204,139,165,112,68,47,30,39,15,17,5,6,0,0,0,0,11 臺南市,2 技職
108,1023,南臺科技大學,N 職,M 碩士,356,177,179,74,71,51,77,25,17,12,6,12,3,3,5,0,0,0,0,11 臺南市,2 技職
108,1023,南臺科技大學,D 日,B 四技,12720,7186,5534,1767,1327,1712,1381,1697,1318,1647,1327,0,0,0,0,0,0,363,181,11 臺南市,2 技職
108,1023,南臺科技大學,N 修,B 四技,4116,2587,1529,686,406,598,357,549,332,571,327,0,0,0,0,0,0,183,107,11 臺南市,2 技職
108,1023,南臺科技大學,D 日,C 二技,123,39,84,0,0,0,0,6,32,31,49,0,0,0,0,0,0,2,3,11 臺南市,2 技職
108,1023,南臺科技大學,N 修,C 二技,125,56,69,0,0,0,0,14,35,38,28,0,0,0,0,0,0,4,6,11 臺南市,2 技職
108,1023,南臺科技大學,D 日,5 五專,177,160,17,63,8,67,6,0,0,10,2,18,1,0,0,0,0,2,0,11 臺南市,2 技職
108,1024,崑山科技大學,D 日,D 博士,37,29,8,5,3,6,1,5,3,5,1,3,0,3,0,2,0,0,0,11 臺南市,2 技職
108,1024,崑山科技大學,D 日,M 碩士,327,200,127,104,67,72,45,15,12,9,3,0,0,0,0,0,0,0,0,11 臺南市,2 技職
108,1024,崑山科技大學,N 職,M 碩士,162,114,48,64,21,44,23,3,1,3,3,0,0,0,0,0,0,0,0,11 臺南市,2 技職
108,1024,崑山科技大學,D 日,B 四技,7588,4536,3052,1147,798,1114,798,980,669,1002,669,0,0,0,0,0,0,293,118,11 臺南市,2 技職
108,1024,崑山科技大學,N 修,B 四技,2927,1951,976,485,236,410,172,424,260,474,254,0,0,0,0,0,0,158,54,11 臺南市,2 技職
108,1024,崑山科技大學,D 日,C 二技,22,16,6,0,0,0,0,16,5,0,1,0,0,0,0,0,0,0,0,11 臺南市,2 技職
108,1024,崑山科技大學,N 修,C 二技,207,122,85,0,0,0,0,63,58,57,27,0,0,0,0,0,0,2,0,11 臺南市,2 技職
108,1025,嘉南藥理大學,D 日,M 碩士,205,96,109,39,53,42,47,14,9,1,0,0,0,0,0,0,0,0,0,11 臺南市,2 技職
108,1025,嘉南藥理大學,N 職,M 碩士,229,97,132,45,64,37,54,12,6,3,6,0,1,0,1,0,0,0,0,11 臺南市,2 技職
108,1025,嘉南藥理大學,D 日,B 四技,10134,4236,5898,930,1413,957,1459,1082,1373,1097,1547,0,0,0,0,0,0,170,106,11 臺南市,2 技職
108,1025,嘉南藥理大學,N 修,B 四技,2156,1049,1107,351,323,214,246,209,244,190,230,0,0,0,0,0,0,85,64,11 臺南市,2 技職
108,1025,嘉南藥理大學,D 日,C 二技,99,15,84,0,0,0,0,8,34,7,49,0,0,0,0,0,0,0,1,11 臺南市,2 技職
108,1025,嘉南藥理大學,N 修,C 二技,312,67,245,0,0,0,0,30,132,33,110,0,0,0,0,0,0,4,3,11 臺南市,2 技職
108,1025,嘉南藥理大學,D 日,5 五專,4,2,2,0,0,0,0,0,0,2,2,0,0,0,0,0,0,0,0,11 臺南市,2 技職
108,1026,樹德科技大學,D 日,D 博士,36,16,20,3,3,4,0,0,2,0,6,9,9,0,0,0,0,0,0,12 高雄市,2 技職
108,1026,樹德科技大學,D 日,M 碩士,242,114,128,53,63,35,26,13,12,13,27,0,0,0,0,0,0,0,0,12 高雄市,2 技職
108,1026,樹德科技大學,N 職,M 碩士,446,202,244,113,128,40,53,28,28,21,35,0,0,0,0,0,0,0,0,12 高雄市,2 技職
108,1026,樹德科技大學,D 日,B 四技,7658,3216,4442,772,1095,857,1193,667,1003,738,1015,0,0,0,0,0,0,182,136,12 高雄市,2 技職
108,1026,樹德科技大學,N 修,B 四技,1515,881,634,372,226,194,133,152,117,117,127,0,0,0,0,0,0,46,31,12 高雄市,2 技職
108,1026,樹德科技大學,D 日,C 二技,19,4,15,0,0,0,0,3,4,1,11,0,0,0,0,0,0,0,0,12 高雄市,2 技職
108,1026,樹德科技大學,N 修,C 二技,576,227,349,0,0,0,0,101,173,116,166,0,0,0,0,0,0,10,10,12 高雄市,2 技職
108,1027,慈濟大學,D 日,D 博士,107,56,51,11,13,5,5,10,3,13,10,8,9,6,8,3,3,0,0,15 花蓮縣,1 一般
108,1027,慈濟大學,D 日,M 碩士,332,106,226,35,85,38,59,18,46,15,36,0,0,0,0,0,0,0,0,15 花蓮縣,1 一般
108,1027,慈濟大學,N 職,M 碩士,39,7,32,3,5,2,9,1,9,0,1,1,8,0,0,0,0,0,0,15 花蓮縣,1 一般
108,1027,慈濟大學,D 日,B 學士,2895,1109,1786,270,442,250,417,213,409,229,384,52,38,24,31,0,0,71,65,15 花蓮縣,1 一般
108,1028,臺北醫學大學,D 日,D 博士,512,285,227,66,52,66,54,43,35,50,36,27,19,14,15,19,16,0,0,30 臺北市,1 一般
108,1028,臺北醫學大學,D 日,M 碩士,642,240,402,107,173,100,152,23,49,10,28,0,0,0,0,0,0,0,0,30 臺北市,1 一般
108,1028,臺北醫學大學,N 職,M 碩士,287,90,197,40,73,28,59,16,40,6,25,0,0,0,0,0,0,0,0,30 臺北市,1 一般
108,1028,臺北醫學大學,D 日,B 學士,4470,1868,2602,381,559,351,587,386,561,368,554,161,126,160,133,2,0,59,82,30 臺北市,1 一般
108,1028,臺北醫學大學,D 日,X 4+X,35,22,13,19,10,0,0,0,0,0,0,0,0,0,0,0,0,3,3,30 臺北市,1 一般
108,1029,中山醫學大學,D 日,D 博士,189,115,74,22,14,19,15,24,14,15,12,11,8,14,5,10,6,0,0,19 臺中市,1 一般
108,1029,中山醫學大學,D 日,M 碩士,496,163,333,83,135,52,113,14,48,14,36,0,1,0,0,0,0,0,0,19 臺中市,1 一般
108,1029,中山醫學大學,N 職,M 碩士,202,48,154,16,54,22,63,5,19,4,16,1,2,0,0,0,0,0,0,19 臺中市,1 一般
108,1029,中山醫學大學,D 日,B 學士,5910,2155,3755,466,912,436,850,430,874,475,885,118,88,154,71,4,2,72,73,19 臺中市,1 一般
108,1029,中山醫學大學,N 修,C 二技,116,35,81,0,0,0,0,12,28,9,24,10,26,0,0,0,0,4,3,19 臺中市,2 技職
108,1030,龍華科技大學,D 日,M 碩士,267,196,71,76,28,67,25,27,9,26,9,0,0,0,0,0,0,0,0,03 桃園市,2 技職
108,1030,龍華科技大學,N 職,M 碩士,110,85,25,39,11,22,9,8,1,16,4,0,0,0,0,0,0,0,0,03 桃園市,2 技職
108,1030,龍華科技大學,D 日,B 四技,6831,4443,2388,1094,597,1101,639,1044,530,957,526,0,0,0,0,0,0,247,96,03 桃園市,2 技職
108,1030,龍華科技大學,N 修,B 四技,3685,2777,908,777,272,666,186,577,199,568,199,0,0,0,0,0,0,189,52,03 桃園市,2 技職
108,1030,龍華科技大學,D 日,C 二技,40,21,19,0,0,0,0,21,14,0,4,0,0,0,0,0,0,0,1,03 桃園市,2 技職
108,1030,龍華科技大學,D 日,5 五專,397,344,53,140,16,125,17,19,4,32,12,28,4,0,0,0,0,0,0,03 桃園市,2 技職
108,1031,輔英科技大學,D 日,M 碩士,138,47,91,22,38,17,29,5,19,3,4,0,1,0,0,0,0,0,0,12 高雄市,2 技職
108,1031,輔英科技大學,N 職,M 碩士,117,8,109,0,24,5,38,3,37,0,6,0,4,0,0,0,0,0,0,12 高雄市,2 技職
108,1031,輔英科技大學,D 日,B 四技,3677,1480,2197,375,575,370,584,312,479,337,480,0,0,0,0,0,0,86,79,12 高雄市,2 技職
108,1031,輔英科技大學,N 修,B 四技,607,424,183,150,94,113,25,88,20,50,35,0,0,0,0,0,0,23,9,12 高雄市,2 技職
108,1031,輔英科技大學,D 日,C 二技,1556,170,1386,0,0,0,0,91,689,71,671,0,0,0,0,0,0,8,26,12 高雄市,2 技職
108,1031,輔英科技大學,N 修,C 二技,778,156,622,0,0,0,0,69,309,57,238,14,21,0,0,0,0,16,54,12 高雄市,2 技職
108,1031,輔英科技大學,D 日,5 五專,2659,305,2354,72,484,76,490,55,478,41,453,50,417,0,0,0,0,11,32,12 高雄市,2 技職
108,1032,明新科技大學,D 日,M 碩士,236,157,79,61,36,47,24,36,9,13,10,0,0,0,0,0,0,0,0,04 新竹縣,2 技職
108,1032,明新科技大學,N 職,M 碩士,345,253,92,89,55,82,27,37,4,21,4,16,1,8,1,0,0,0,0,04 新竹縣,2 技職
108,1032,明新科技大學,D 日,B 四技,8117,5011,3106,1078,709,1415,937,1127,699,1117,678,0,0,0,0,0,0,274,83,04 新竹縣,2 技職
108,1032,明新科技大學,N 修,B 四技,3089,1929,1160,495,297,459,251,411,259,376,273,0,0,0,0,0,0,188,80,04 新竹縣,2 技職
108,1032,明新科技大學,D 日,C 二技,21,10,11,0,0,0,0,0,0,10,11,0,0,0,0,0,0,0,0,04 新竹縣,2 技職
108,1032,明新科技大學,N 修,C 二技,277,125,152,0,0,0,0,80,127,45,25,0,0,0,0,0,0,0,0,04 新竹縣,2 技職
108,1032,明新科技大學,D 日,2 二專,34,31,3,24,2,7,1,0,0,0,0,0,0,0,0,0,0,0,0,04 新竹縣,2 技職
108,1032,明新科技大學,N 修,2 二專,38,24,14,9,4,14,9,0,0,0,0,0,0,0,0,0,0,1,1,04 新竹縣,2 技職
108,1033,長榮大學,D 日,D 博士,38,27,11,7,2,4,3,7,1,6,0,3,2,0,2,0,1,0,0,11 臺南市,1 一般
108,1033,長榮大學,D 日,M 碩士,324,112,212,35,72,36,55,25,35,15,43,1,7,0,0,0,0,0,0,11 臺南市,1 一般
108,1033,長榮大學,N 職,M 碩士,99,50,49,35,26,9,12,3,6,3,0,0,5,0,0,0,0,0,0,11 臺南市,1 一般
108,1033,長榮大學,D 日,B 學士,7576,3202,4374,767,1065,762,1207,722,904,765,1080,0,0,0,0,0,0,186,118,11 臺南市,1 一般
108,1033,長榮大學,P 進,B 學士,572,362,210,184,116,50,24,59,28,56,37,0,0,0,0,0,0,13,5,11 臺南市,1 一般
108,1034,弘光科技大學,D 日,D 博士,13,1,12,0,3,0,3,1,3,0,3,0,0,0,0,0,0,0,0,06 臺中市,2 技職
108,1034,弘光科技大學,D 日,M 碩士,184,53,131,19,51,20,43,12,17,2,20,0,0,0,0,0,0,0,0,06 臺中市,2 技職
108,1034,弘光科技大學,N 職,M 碩士,96,18,78,4,24,7,19,3,20,4,9,0,6,0,0,0,0,0,0,06 臺中市,2 技職
108,1034,弘光科技大學,D 日,B 四技,7294,2662,4632,619,1157,667,1161,618,1104,611,1081,0,0,0,0,0,0,147,129,06 臺中市,2 技職
108,1034,弘光科技大學,N 修,B 四技,3314,1500,1814,421,496,337,428,320,382,306,400,9,23,0,0,0,0,107,85,06 臺中市,2 技職
108,1034,弘光科技大學,D 日,C 二技,707,32,675,0,0,0,0,17,334,14,339,0,0,0,0,0,0,1,2,06 臺中市,2 技職
108,1034,弘光科技大學,N 修,C 二技,765,44,721,0,0,0,0,15,260,20,311,9,144,0,0,0,0,0,6,06 臺中市,2 技職
108,1034,弘光科技大學,N 修,2 二專,150,24,126,9,65,13,52,0,0,0,0,0,0,0,0,0,0,2,9,06 臺中市,2 技職
108,1034,弘光科技大學,D 日,5 五專,256,27,229,9,43,9,43,3,49,3,48,3,45,0,0,0,0,0,1,06 臺中市,2 技職
108,1035,中國醫藥大學,D 日,D 博士,390,228,162,46,34,44,28,44,30,39,27,23,18,15,14,17,11,0,0,19 臺中市,1 一般
108,1035,中國醫藥大學,D 日,M 碩士,491,186,305,80,151,78,110,21,30,7,14,0,0,0,0,0,0,0,0,19 臺中市,1 一般
108,1035,中國醫藥大學,N 職,M 碩士,90,31,59,14,26,12,27,4,5,1,1,0,0,0,0,0,0,0,0,19 臺中市,1 一般
108,1035,中國醫藥大學,D 日,B 學士,6228,2730,3498,477,763,519,725,505,726,544,725,331,294,180,135,115,71,59,59,19 臺中市,1 一般
108,1035,中國醫藥大學,N 修,C 二技,13,1,12,0,0,0,0,0,0,0,0,1,10,0,0,0,0,0,2,19 臺中市,2 技職
108,1036,健行科技大學,D 日,M 碩士,287,193,94,106,63,66,19,11,4,9,8,1,0,0,0,0,0,0,0,03 桃園市,2 技職
108,1036,健行科技大學,N 職,M 碩士,45,30,15,12,8,10,4,3,1,4,2,1,0,0,0,0,0,0,0,03 桃園市,2 技職
108,1036,健行科技大學,D 日,B 四技,6933,4646,2287,1188,517,1392,665,968,520,847,498,0,0,0,0,0,0,251,87,03 桃園市,2 技職
108,1036,健行科技大學,N 修,B 四技,3774,2406,1368,670,475,618,317,620,332,398,206,0,0,0,0,0,0,100,38,03 桃園市,2 技職
108,1036,健行科技大學,D 日,C 二技,57,28,29,0,0,0,0,4,6,23,21,0,0,0,0,0,0,1,2,03 桃園市,2 技職
108,1036,健行科技大學,N 修,C 二技,148,74,74,0,0,0,0,42,34,30,38,0,0,0,0,0,0,2,2,03 桃園市,2 技職
108,1036,健行科技大學,D 日,5 五專,25,24,1,0,0,0,0,0,0,0,0,24,1,0,0,0,0,0,0,03 桃園市,2 技職
108,1037,正修科技大學,D 日,D 博士,12,12,0,3,0,3,0,1,0,2,0,2,0,1,0,0,0,0,0,12 高雄市,2 技職
108,1037,正修科技大學,D 日,M 碩士,365,209,156,91,78,81,66,26,12,11,0,0,0,0,0,0,0,0,0,12 高雄市,2 技職
108,1037,正修科技大學,N 職,M 碩士,208,140,68,74,33,59,31,7,4,0,0,0,0,0,0,0,0,0,0,12 高雄市,2 技職
108,1037,正修科技大學,D 日,B 四技,8632,5136,3496,1318,853,1397,906,1109,807,1113,852,0,0,0,0,0,0,199,78,12 高雄市,2 技職
108,1037,正修科技大學,N 修,B 四技,5370,3493,1877,1042,503,803,460,672,396,685,411,0,0,0,0,0,0,291,107,12 高雄市,2 技職
108,1037,正修科技大學,D 日,C 二技,84,54,30,0,0,0,0,54,30,0,0,0,0,0,0,0,0,0,0,12 高雄市,2 技職
108,1037,正修科技大學,N 修,C 二技,1979,1055,924,0,0,0,0,545,479,497,430,0,0,0,0,0,0,13,15,12 高雄市,2 技職
108,1037,正修科技大學,N 修,2 二專,210,145,65,47,27,93,38,0,0,0,0,0,0,0,0,0,0,5,0,12 高雄市,2 技職
108,1037,正修科技大學,D 日,5 五專,129,103,26,51,9,52,17,0,0,0,0,0,0,0,0,0,0,0,0,12 高雄市,2 技職
108,1038,萬能科技大學,D 日,M 碩士,144,68,76,25,31,26,21,15,21,2,3,0,0,0,0,0,0,0,0,03 桃園市,2 技職
108,1038,萬能科技大學,N 職,M 碩士,102,49,53,40,40,5,11,3,1,1,1,0,0,0,0,0,0,0,0,03 桃園市,2 技職
108,1038,萬能科技大學,D 日,B 四技,6150,3319,2831,836,735,912,739,735,627,646,633,0,0,0,0,0,0,190,97,03 桃園市,2 技職
108,1038,萬能科技大學,N 修,B 四技,3064,1706,1358,525,364,410,315,479,367,252,282,0,0,0,0,0,0,40,30,03 桃園市,2 技職
108,1038,萬能科技大學,N 修,C 二技,659,359,300,0,0,0,0,327,258,29,41,0,0,0,0,0,0,3,1,03 桃園市,2 技職
108,1039,玄奘大學,D 日,D 博士,3,1,2,0,0,0,0,0,0,0,0,0,0,0,0,1,2,0,0,18 新竹市,1 一般
108,1039,玄奘大學,D 日,M 碩士,258,94,164,28,58,17,43,27,30,22,31,0,2,0,0,0,0,0,0,18 新竹市,1 一般
108,1039,玄奘大學,N 職,M 碩士,142,48,94,13,24,10,22,12,22,7,14,6,11,0,0,0,1,0,0,18 新竹市,1 一般
108,1039,玄奘大學,D 日,B 學士,2327,991,1336,208,295,198,293,234,300,247,384,0,0,0,0,0,0,104,64,18 新竹市,1 一般
108,1039,玄奘大學,P 進,B 學士,159,67,92,0,0,11,12,12,19,26,43,0,0,0,0,0,0,18,18,18 新竹市,1 一般
108,1040,建國科技大學,D 日,M 碩士,174,104,70,52,32,37,28,11,8,4,2,0,0,0,0,0,0,0,0,07 彰化縣,2 技職
108,1040,建國科技大學,D 日,B 四技,4683,3120,1563,719,348,940,421,630,344,703,377,0,0,0,0,0,0,128,73,07 彰化縣,2 技職
108,1040,建國科技大學,N 修,B 四技,2192,1663,529,555,158,363,126,373,124,325,114,0,0,0,0,0,0,47,7,07 彰化縣,2 技職
108,1040,建國科技大學,D 日,C 二技,1,1,0,0,0,0,0,0,0,1,0,0,0,0,0,0,0,0,0,07 彰化縣,2 技職
108,1040,建國科技大學,N 修,C 二技,223,133,90,0,0,0,0,52,55,80,34,0,0,0,0,0,0,1,1,07 彰化縣,2 技職
108,1041,明志科技大學,D 日,D 博士,18,15,3,5,1,4,0,5,2,1,0,0,0,0,0,0,0,0,0,01 新北市,2 技職
108,1041,明志科技大學,D 日,M 碩士,463,337,126,150,49,129,53,36,18,22,5,0,0,0,0,0,1,0,0,01 新北市,2 技職
108,1041,明志科技大學,N 職,M 碩士,29,21,8,8,2,6,5,3,1,1,0,1,0,2,0,0,0,0,0,01 新北市,2 技職
108,1041,明志科技大學,D 日,B 四技,3574,2581,993,647,252,634,231,606,240,592,246,0,0,0,0,0,0,102,24,01 新北市,2 技職
108,1041,明志科技大學,N 修,B 四技,488,421,67,114,5,115,6,101,16,71,34,0,0,0,0,0,0,20,6,01 新北市,2 技職
108,1042,高苑科技大學,D 日,M 碩士,60,42,18,12,10,19,7,8,1,3,0,0,0,0,0,0,0,0,0,12 高雄市,2 技職
108,1042,高苑科技大學,N 職,M 碩士,162,122,40,56,21,54,15,3,3,7,0,2,0,0,1,0,0,0,0,12 高雄市,2 技職
108,1042,高苑科技大學,D 日,B 四技,2342,1669,673,354,206,466,173,259,94,462,165,0,0,0,0,0,0,128,35,12 高雄市,2 技職
108,1042,高苑科技大學,N 修,B 四技,1152,910,242,210,31,172,44,229,52,228,85,0,0,0,0,0,0,71,30,12 高雄市,2 技職
108,1043,大仁科技大學,D 日,M 碩士,66,29,37,18,19,8,15,1,3,2,0,0,0,0,0,0,0,0,0,13 屏東縣,2 技職
108,1043,大仁科技大學,N 職,M 碩士,143,65,78,42,54,19,18,4,6,0,0,0,0,0,0,0,0,0,0,13 屏東縣,2 技職
108,1043,大仁科技大學,D 日,B 四技,3801,1788,2013,441,469,404,433,366,424,395,480,76,124,0,0,0,0,106,83,13 屏東縣,2 技職
108,1043,大仁科技大學,N 修,B 四技,416,258,158,45,34,58,16,67,42,63,56,0,0,0,0,0,0,25,10,13 屏東縣,2 技職
108,1043,大仁科技大學,N 修,C 二技,1351,461,890,0,0,0,0,274,535,172,332,0,0,0,0,0,0,15,23,13 屏東縣,2 技職
108,1044,聖約翰科技大學,D 日,M 碩士,109,86,23,26,5,35,12,13,4,12,2,0,0,0,0,0,0,0,0,01 新北市,2 技職
108,1044,聖約翰科技大學,N 職,M 碩士,130,92,38,58,24,32,12,2,1,0,1,0,0,0,0,0,0,0,0,01 新北市,2 技職
108,1044,聖約翰科技大學,D 日,B 四技,2113,1430,683,181,107,264,129,342,194,504,194,0,0,0,0,0,0,139,59,01 新北市,2 技職
108,1044,聖約翰科技大學,N 修,B 四技,352,277,75,151,26,85,34,6,3,33,9,0,0,0,0,0,0,2,3,01 新北市,2 技職
108,1044,聖約翰科技大學,N 修,2 二專,29,8,21,8,21,0,0,0,0,0,0,0,0,0,0,0,0,0,0,01 新北市,2 技職
108,1044,聖約翰科技大學,D 日,5 五專,340,267,73,45,8,50,10,56,17,60,19,56,19,0,0,0,0,0,0,01 新北市,2 技職
108,1045,嶺東科技大學,D 日,M 碩士,229,98,131,44,68,38,37,11,21,5,5,0,0,0,0,0,0,0,0,19 臺中市,2 技職
108,1045,嶺東科技大學,N 職,M 碩士,160,111,49,64,37,39,11,8,1,0,0,0,0,0,0,0,0,0,0,19 臺中市,2 技職
108,1045,嶺東科技大學,D 日,B 四技,7328,2766,4562,630,1213,707,1142,617,1099,662,1022,0,0,0,0,0,0,150,86,19 臺中市,2 技職
108,1045,嶺東科技大學,N 修,B 四技,2726,1398,1328,410,385,327,290,308,276,259,302,0,0,0,0,0,0,94,75,19 臺中市,2 技職
108,1045,嶺東科技大學,D 日,C 二技,8,4,4,0,0,0,0,2,4,2,0,0,0,0,0,0,0,0,0,19 臺中市,2 技職
108,1046,中國科技大學,D 日,M 碩士,155,89,66,36,35,31,25,12,4,10,2,0,0,0,0,0,0,0,0,30 臺北市,2 技職
108,1046,中國科技大學,N 職,M 碩士,88,64,24,26,15,34,7,2,1,2,1,0,0,0,0,0,0,0,0,30 臺北市,2 技職
108,1046,中國科技大學,D 日,B 四技,7251,3203,4048,767,926,753,938,715,853,805,1141,0,0,0,0,0,0,163,190,30 臺北市,2 技職
108,1046,中國科技大學,N 修,B 四技,1490,849,641,272,162,139,105,161,117,197,187,0,0,0,0,0,0,80,70,30 臺北市,2 技職
108,1046,中國科技大學,N 修,C 二技,73,65,8,0,0,0,0,22,0,43,8,0,0,0,0,0,0,0,0,30 臺北市,2 技職
108,1046,中國科技大學,N 修,X 4+X,5,0,5,0,0,0,4,0,0,0,0,0,0,0,0,0,0,0,1,30 臺北市,2 技職
108,1046,中國科技大學,N 修,2 二專,22,21,1,0,0,21,1,0,0,0,0,0,0,0,0,0,0,0,0,30 臺北市,2 技職
108,1047,中臺科技大學,D 日,D 博士,14,10,4,1,1,2,1,3,1,1,0,1,0,1,1,1,0,0,0,19 臺中市,2 技職
108,1047,中臺科技大學,D 日,M 碩士,107,28,79,16,38,9,23,1,10,2,7,0,1,0,0,0,0,0,0,19 臺中市,2 技職
108,1047,中臺科技大學,N 職,M 碩士,286,60,226,23,85,25,61,6,48,6,32,0,0,0,0,0,0,0,0,19 臺中市,2 技職
108,1047,中臺科技大學,D 日,B 四技,4931,2038,2893,490,714,495,719,412,655,491,679,0,0,0,0,0,0,150,126,19 臺中市,2 技職
108,1047,中臺科技大學,N 修,B 四技,1640,584,1056,183,299,122,239,107,200,109,217,18,50,0,0,0,0,45,51,19 臺中市,2 技職
108,1047,中臺科技大學,D 日,C 二技,478,77,401,0,0,0,0,41,217,34,180,0,0,0,0,0,0,2,4,19 臺中市,2 技職
108,1047,中臺科技大學,N 修,C 二技,903,103,800,0,0,0,0,34,347,33,253,15,39,0,0,0,0,21,161,19 臺中市,2 技職
108,1047,中臺科技大學,D 日,2 二專,43,19,24,9,11,10,13,0,0,0,0,0,0,0,0,0,0,0,0,19 臺中市,2 技職
108,1048,亞洲大學,D 日,D 博士,241,152,89,41,24,36,21,21,13,26,8,9,8,10,9,9,6,0,0,06 臺中市,1 一般
108,1048,亞洲大學,D 日,M 碩士,640,281,359,139,167,75,106,38,45,29,41,0,0,0,0,0,0,0,0,06 臺中市,1 一般
108,1048,亞洲大學,N 職,M 碩士,408,193,215,118,133,58,60,13,14,4,8,0,0,0,0,0,0,0,0,06 臺中市,1 一般
108,1048,亞洲大學,D 日,B 學士,9490,3376,6114,779,1540,813,1481,804,1468,817,1470,0,0,0,0,0,0,163,155,06 臺中市,1 一般
108,1048,亞洲大學,P 進,B 學士,910,426,484,104,128,102,136,73,71,86,121,0,0,0,0,0,0,61,28,06 臺中市,1 一般
108,1049,開南大學,D 日,M 碩士,220,89,131,29,74,26,29,21,11,13,17,0,0,0,0,0,0,0,0,03 桃園市,1 一般
108,1049,開南大學,N 職,M 碩士,321,173,148,88,98,42,31,19,5,12,4,6,6,6,4,0,0,0,0,03 桃園市,1 一般
108,1049,開南大學,D 日,B 學士,4300,2060,2240,452,537,463,484,457,458,465,572,0,0,0,0,0,0,223,189,03 桃園市,1 一般
108,1049,開南大學,P 進,B 學士,1053,590,463,197,151,123,96,106,97,114,103,0,0,0,0,0,0,50,16,03 桃園市,1 一般
108,1050,佛光大學,D 日,D 博士,65,27,38,5,5,3,9,3,5,2,6,6,5,6,3,2,5,0,0,02 宜蘭縣,1 一般
108,1050,佛光大學,D 日,M 碩士,441,166,275,68,111,35,57,32,42,30,63,1,1,0,1,0,0,0,0,02 宜蘭縣,1 一般
108,1050,佛光大學,N 職,M 碩士,154,90,64,33,34,13,16,14,4,16,5,13,5,1,0,0,0,0,0,02 宜蘭縣,1 一般
108,1050,佛光大學,D 日,B 學士,2890,1338,1552,324,412,299,386,297,333,334,369,0,0,0,0,0,0,84,52,02 宜蘭縣,1 一般
108,1051,台南應用科技大學,D 日,M 碩士,99,28,71,16,19,9,33,2,13,1,6,0,0,0,0,0,0,0,0,11 臺南市,2 技職
108,1051,台南應用科技大學,N 職,M 碩士,115,26,89,8,28,11,32,5,14,0,8,2,7,0,0,0,0,0,0,11 臺南市,2 技職
108,1051,台南應用科技大學,D 日,B 四技,7994,2396,5598,636,1441,599,1412,551,1353,534,1291,0,0,0,0,0,0,76,101,11 臺南市,2 技職
108,1051,台南應用科技大學,N 修,B 四技,2632,987,1645,340,521,239,388,172,325,192,352,0,0,0,0,0,0,44,59,11 臺南市,2 技職
108,1051,台南應用科技大學,D 日,C 二技,538,102,436,0,0,0,0,35,199,57,209,0,0,0,0,0,0,10,28,11 臺南市,2 技職
108,1051,台南應用科技大學,N 修,C 二技,256,42,214,0,0,0,0,23,108,17,93,0,0,0,0,0,0,2,13,11 臺南市,2 技職
108,1051,台南應用科技大學,D 日,5 五專,1080,240,840,54,149,53,164,50,182,45,183,38,162,0,0,0,0,0,0,11 臺南市,2 技職
108,1052,遠東科技大學,D 日,M 碩士,245,134,111,67,39,44,66,16,4,7,2,0,0,0,0,0,0,0,0,11 臺南市,2 技職
108,1052,遠東科技大學,N 職,M 碩士,39,37,2,13,0,11,2,5,0,1,0,2,0,5,0,0,0,0,0,11 臺南市,2 技職
108,1052,遠東科技大學,D 日,B 四技,3748,2504,1244,520,254,604,306,581,259,611,333,0,0,0,0,0,0,188,92,11 臺南市,2 技職
108,1052,遠東科技大學,N 修,B 四技,790,569,221,140,44,118,46,106,40,185,87,0,0,0,0,0,0,20,4,11 臺南市,2 技職
108,1052,遠東科技大學,N 修,C 二技,84,80,4,0,0,0,0,35,3,42,1,0,0,0,0,0,0,3,0,11 臺南市,2 技職
108,1052,遠東科技大學,N 修,2 二專,36,31,5,14,4,17,1,0,0,0,0,0,0,0,0,0,0,0,0,11 臺南市,2 技職
108,1053,元培醫事科技大學,D 日,M 碩士,249,122,127,58,57,35,39,20,23,9,8,0,0,0,0,0,0,0,0,18 新竹市,2 技職
108,1053,元培醫事科技大學,N 職,M 碩士,48,14,34,3,13,5,16,3,3,3,2,0,0,0,0,0,0,0,0,18 新竹市,2 技職
108,1053,元培醫事科技大學,D 日,B 四技,3921,1750,2171,441,576,435,540,355,431,373,533,0,0,0,0,0,0,146,91,18 新竹市,2 技職
108,1053,元培醫事科技大學,N 修,B 四技,1337,707,630,279,209,168,164,126,137,98,116,0,0,0,0,0,0,36,4,18 新竹市,2 技職
108,1053,元培醫事科技大學,D 日,C 二技,96,5,91,0,0,0,0,2,47,3,44,0,0,0,0,0,0,0,0,18 新竹市,2 技職
108,1053,元培醫事科技大學,N 修,C 二技,520,132,388,0,0,0,0,56,153,72,222,0,0,0,0,0,0,4,13,18 新竹市,2 技職
108,1053,元培醫事科技大學,D 日,2 二專,35,27,8,0,0,27,8,0,0,0,0,0,0,0,0,0,0,0,0,18 新竹市,2 技職
108,1054,景文科技大學,D 日,M 碩士,45,32,13,12,5,17,6,2,2,1,0,0,0,0,0,0,0,0,0,01 新北市,2 技職
108,1054,景文科技大學,N 職,M 碩士,47,29,18,14,12,12,5,1,1,2,0,0,0,0,0,0,0,0,0,01 新北市,2 技職
108,1054,景文科技大學,D 日,B 四技,5070,2281,2789,533,782,587,712,550,617,430,521,0,0,0,0,0,0,181,157,01 新北市,2 技職
108,1054,景文科技大學,N 修,B 四技,1343,695,648,254,223,117,115,137,146,162,143,0,0,0,0,0,0,25,21,01 新北市,2 技職
108,1054,景文科技大學,D 日,C 二技,2,1,1,0,0,0,0,0,0,1,1,0,0,0,0,0,0,0,0,01 新北市,2 技職
108,1054,景文科技大學,N 修,C 二技,342,150,192,0,0,0,0,103,107,44,84,0,0,0,0,0,0,3,1,01 新北市,2 技職
108,1055,中華醫事科技大學,D 日,M 碩士,96,48,48,24,24,19,22,5,2,0,0,0,0,0,0,0,0,0,0,11 臺南市,2 技職
108,1055,中華醫事科技大學,N 職,M 碩士,27,14,13,6,8,6,5,0,0,2,0,0,0,0,0,0,0,0,0,11 臺南市,2 技職
108,1055,中華醫事科技大學,D 日,B 四技,3585,1445,2140,224,479,424,628,347,521,347,455,0,0,0,0,0,0,103,57,11 臺南市,2 技職
108,1055,中華醫事科技大學,N 修,B 四技,770,321,449,100,150,64,86,56,78,63,89,4,18,0,0,0,0,34,28,11 臺南市,2 技職
108,1055,中華醫事科技大學,D 日,C 二技,706,188,518,0,0,0,0,93,267,92,249,0,0,0,0,0,0,3,2,11 臺南市,2 技職
108,1055,中華醫事科技大學,N 修,C 二技,656,173,483,0,0,0,0,80,243,79,220,0,0,0,0,0,0,14,20,11 臺南市,2 技職
108,1055,中華醫事科技大學,D 日,2 二專,93,58,35,23,22,35,13,0,0,0,0,0,0,0,0,0,0,0,0,11 臺南市,2 技職
108,1055,中華醫事科技大學,D 日,5 五專,3057,685,2372,137,487,150,491,150,529,130,458,108,382,0,0,0,0,10,25,11 臺南市,2 技職
108,1056,東南科技大學,D 日,M 碩士,129,91,38,40,16,40,22,5,0,6,0,0,0,0,0,0,0,0,0,01 新北市,2 技職
108,1056,東南科技大學,N 職,M 碩士,48,40,8,18,4,20,4,1,0,1,0,0,0,0,0,0,0,0,0,01 新北市,2 技職
108,1056,東南科技大學,D 日,B 四技,4757,3141,1616,858,446,821,405,630,310,635,367,0,0,0,0,0,0,197,88,01 新北市,2 技職
108,1056,東南科技大學,N 修,B 四技,640,497,143,170,73,147,39,90,16,67,8,0,0,0,0,0,0,23,7,01 新北市,2 技職
108,1056,東南科技大學,N 修,C 二技,1,0,1,0,0,0,0,0,0,0,0,0,0,0,0,0,0,0,1,01 新北市,2 技職
108,1057,德明財經科技大學,D 日,M 碩士,44,27,17,6,4,8,10,6,1,7,2,0,0,0,0,0,0,0,0,30 臺北市,2 技職
108,1057,德明財經科技大學,N 職,M 碩士,48,30,18,5,8,10,5,6,3,5,2,3,0,1,0,0,0,0,0,30 臺北市,2 技職
108,1057,德明財經科技大學,D 日,B 四技,6905,2843,4062,721,1047,739,1033,550,814,634,978,0,0,0,0,0,0,199,190,30 臺北市,2 技職
108,1057,德明財經科技大學,N 修,B 四技,655,351,304,72,67,51,35,81,60,113,105,0,0,0,0,0,0,34,37,30 臺北市,2 技職
108,1057,德明財經科技大學,D 日,C 二技,127,41,86,0,0,0,0,16,38,25,47,0,0,0,0,0,0,0,1,30 臺北市,2 技職
108,1057,德明財經科技大學,N 修,C 二技,47,20,27,0,0,0,0,15,14,5,12,0,0,0,0,0,0,0,1,30 臺北市,2 技職
108,1058,明道大學,D 日,D 博士,29,19,10,6,1,4,3,2,2,2,2,3,2,2,0,0,0,0,0,07 彰化縣,1 一般
108,1058,明道大學,D 日,M 碩士,162,90,72,37,29,24,22,18,19,11,2,0,0,0,0,0,0,0,0,07 彰化縣,1 一般
108,1058,明道大學,N 職,M 碩士,60,25,35,15,18,4,4,4,12,2,1,0,0,0,0,0,0,0,0,07 彰化縣,1 一般
108,1058,明道大學,D 日,B 學士,2250,1310,940,249,199,345,233,253,198,369,286,0,0,0,0,0,0,94,24,07 彰化縣,1 一般
108,1058,明道大學,P 進,B 學士,761,482,279,144,87,107,65,120,68,94,55,0,0,0,0,0,0,17,4,07 彰化縣,1 一般
108,1060,南開科技大學,D 日,M 碩士,99,56,43,16,21,24,15,7,5,9,2,0,0,0,0,0,0,0,0,08 南投縣,2 技職
108,1060,南開科技大學,N 職,M 碩士,92,30,62,14,23,11,28,3,6,2,5,0,0,0,0,0,0,0,0,08 南投縣,2 技職
108,1060,南開科技大學,D 日,B 四技,2476,1641,835,294,178,373,221,384,199,489,207,0,0,0,0,0,0,101,30,08 南投縣,2 技職
108,1060,南開科技大學,N 修,B 四技,723,481,242,138,54,108,59,106,51,101,63,0,0,0,0,0,0,28,15,08 南投縣,2 技職
108,1060,南開科技大學,D 日,C 二技,1,1,0,0,0,0,0,0,0,0,0,0,0,0,0,0,0,1,0,08 南投縣,2 技職
108,1060,南開科技大學,D 日,5 五專,715,586,129,66,18,90,20,118,22,143,30,155,34,0,0,0,0,14,5,08 南投縣,2 技職
108,1061,中華科技大學,D 日,M 碩士,205,161,44,95,14,56,22,8,6,2,2,0,0,0,0,0,0,0,0,30 臺北市,2 技職
108,1061,中華科技大學,N 職,M 碩士,105,80,25,45,12,28,11,6,1,1,1,0,0,0,0,0,0,0,0,30 臺北市,2 技職
108,1061,中華科技大學,D 日,B 四技,3693,2523,1170,547,245,563,271,535,248,643,325,0,0,0,0,0,0,235,81,30 臺北市,2 技職
108,1061,中華科技大學,N 修,B 四技,853,695,158,242,76,128,26,124,26,165,25,0,0,0,0,0,0,36,5,30 臺北市,2 技職
108,1061,中華科技大學,D 日,C 二技,19,5,14,0,0,0,0,3,9,2,5,0,0,0,0,0,0,0,0,30 臺北市,2 技職
108,1061,中華科技大學,N 修,C 二技,301,149,152,0,0,0,0,61,81,85,70,0,0,0,0,0,0,3,1,30 臺北市,2 技職
108,1062,僑光科技大學,D 日,M 碩士,54,26,28,16,14,10,14,0,0,0,0,0,0,0,0,0,0,0,0,19 臺中市,2 技職
108,1062,僑光科技大學,N 職,M 碩士,30,18,12,10,6,7,6,1,0,0,0,0,0,0,0,0,0,0,0,19 臺中市,2 技職
108,1062,僑光科技大學,D 日,B 四技,6451,2618,3833,602,936,654,993,678,908,614,953,0,0,0,0,0,0,70,43,19 臺中市,2 技職
108,1062,僑光科技大學,N 修,B 四技,4511,2525,1986,679,519,587,460,611,478,558,468,0,0,0,0,0,0,90,61,19 臺中市,2 技職
108,1062,僑光科技大學,D 日,C 二技,1,0,1,0,0,0,0,0,0,0,1,0,0,0,0,0,0,0,0,19 臺中市,2 技職
108,1062,僑光科技大學,N 修,X 4+X,9,5,4,0,0,5,4,0,0,0,0,0,0,0,0,0,0,0,0,19 臺中市,2 技職
108,1063,育達科技大學,D 日,M 碩士,141,68,73,23,18,27,28,9,21,9,6,0,0,0,0,0,0,0,0,05 苗栗縣,2 技職
108,1063,育達科技大學,N 職,M 碩士,206,127,79,65,31,46,41,10,6,6,1,0,0,0,0,0,0,0,0,05 苗栗縣,2 技職
108,1063,育達科技大學,D 日,B 四技,1980,992,988,203,152,261,319,188,207,238,246,0,0,0,0,0,0,102,64,05 苗栗縣,2 技職
108,1063,育達科技大學,N 修,B 四技,1097,640,457,207,134,128,103,131,98,131,107,0,0,0,0,0,0,43,15,05 苗栗縣,2 技職
108,1063,育達科技大學,N 修,C 二技,801,237,564,0,0,0,0,119,279,111,276,0,0,0,0,0,0,7,9,05 苗栗縣,2 技職
108,1064,美和科技大學,D 日,M 碩士,115,45,70,22,29,18,29,2,8,3,4,0,0,0,0,0,0,0,0,13 屏東縣,2 技職
108,1064,美和科技大學,N 職,M 碩士,190,57,133,16,68,31,47,4,14,6,4,0,0,0,0,0,0,0,0,13 屏東縣,2 技職
108,1064,美和科技大學,D 日,B 四技,2698,1141,1557,260,334,267,396,282,395,296,403,0,0,0,0,0,0,36,29,13 屏東縣,2 技職
108,1064,美和科技大學,N 修,B 四技,718,267,451,75,113,69,110,47,113,58,109,0,0,0,0,0,0,18,6,13 屏東縣,2 技職
108,1064,美和科技大學,D 日,C 二技,367,45,322,0,0,0,0,20,155,24,165,0,0,0,0,0,0,1,2,13 屏東縣,2 技職
108,1064,美和科技大學,N 修,C 二技,667,99,568,0,0,0,0,44,280,44,273,0,0,0,0,0,0,11,15,13 屏東縣,2 技職
108,1064,美和科技大學,N 修,2 二專,14,3,11,0,0,3,11,0,0,0,0,0,0,0,0,0,0,0,0,13 屏東縣,2 技職
108,1064,美和科技大學,D 日,5 五專,1857,252,1605,52,276,44,300,45,316,66,337,36,335,0,0,0,0,9,41,13 屏東縣,2 技職
108,1065,吳鳳科技大學,D 日,M 碩士,53,33,20,19,4,12,12,1,2,1,2,0,0,0,0,0,0,0,0,10 嘉義縣,2 技職
108,1065,吳鳳科技大學,N 職,M 碩士,64,34,30,22,18,11,12,0,0,0,0,0,0,1,0,0,0,0,0,10 嘉義縣,2 技職
108,1065,吳鳳科技大學,D 日,B 四技,3266,2268,998,626,272,607,245,464,212,505,256,0,0,0,0,0,0,66,13,10 嘉義縣,2 技職
108,1065,吳鳳科技大學,N 修,B 四技,843,609,234,193,78,135,57,133,50,116,44,0,0,0,0,0,0,32,5,10 嘉義縣,2 技職
108,1065,吳鳳科技大學,D 日,5 五專,3,0,3,0,0,0,0,0,0,0,0,0,3,0,0,0,0,0,0,10 嘉義縣,2 技職
108,1066,環球科技大學,D 日,M 碩士,149,53,96,25,54,17,30,8,8,2,4,1,0,0,0,0,0,0,0,09 雲林縣,2 技職
108,1066,環球科技大學,N 職,M 碩士,56,20,36,8,22,9,9,3,3,0,2,0,0,0,0,0,0,0,0,09 雲林縣,2 技職
108,1066,環球科技大學,D 日,B 四技,2555,1209,1346,278,322,269,305,313,304,283,365,0,0,0,0,0,0,66,50,09 雲林縣,2 技職
108,1066,環球科技大學,N 修,B 四技,849,394,455,127,147,98,114,64,80,94,93,0,0,0,0,0,0,11,21,09 雲林縣,2 技職
108,1066,環球科技大學,N 修,C 二技,344,121,223,0,0,0,0,55,97,66,126,0,0,0,0,0,0,0,0,09 雲林縣,2 技職
108,1066,環球科技大學,N 修,2 二專,185,83,102,44,54,35,45,0,0,0,0,0,0,0,0,0,0,4,3,09 雲林縣,2 技職
108,1067,台灣首府大學,D 日,M 碩士,45,18,27,12,10,5,17,0,0,0,0,1,0,0,0,0,0,0,0,11 臺南市,1 一般
108,1067,台灣首府大學,D 日,B 學士,1224,605,619,103,121,159,147,130,155,150,172,0,0,0,0,0,0,63,24,11 臺南市,1 一般
108,1067,台灣首府大學,P 進,B 學士,270,162,108,20,22,44,22,40,15,37,39,0,0,0,0,0,0,21,10,11 臺南市,1 一般
108,1068,中州科技大學,D 日,M 碩士,26,14,12,6,9,4,0,2,0,2,3,0,0,0,0,0,0,0,0,07 彰化縣,2 技職
108,1068,中州科技大學,N 職,M 碩士,50,33,17,23,13,8,1,2,3,0,0,0,0,0,0,0,0,0,0,07 彰化縣,2 技職
108,1068,中州科技大學,D 日,B 四技,1405,849,556,176,107,110,86,323,182,198,164,0,0,0,0,0,0,42,17,07 彰化縣,2 技職
108,1068,中州科技大學,N 修,B 四技,838,570,268,178,73,118,50,132,70,123,70,0,0,0,0,0,0,19,5,07 彰化縣,2 技職
108,1068,中州科技大學,N 修,C 二技,742,175,567,0,0,0,0,129,336,46,230,0,0,0,0,0,0,0,1,07 彰化縣,2 技職
108,1069,修平科技大學,D 日,M 碩士,58,36,22,14,12,18,6,4,4,0,0,0,0,0,0,0,0,0,0,06 臺中市,2 技職
108,1069,修平科技大學,N 職,M 碩士,6,6,0,2,0,3,0,1,0,0,0,0,0,0,0,0,0,0,0,06 臺中市,2 技職
108,1069,修平科技大學,D 日,B 四技,3244,2233,1011,555,240,592,232,410,181,533,303,0,0,0,0,0,0,143,55,06 臺中市,2 技職
108,1069,修平科技大學,N 修,B 四技,1276,1132,144,410,48,340,27,191,30,143,33,0,0,0,0,0,0,48,6,06 臺中市,2 技職
108,1070,長庚科技大學,D 日,M 碩士,59,3,56,2,25,1,22,0,4,0,4,0,1,0,0,0,0,0,0,03 桃園市,2 技職
108,1070,長庚科技大學,N 職,M 碩士,129,2,127,1,42,1,43,0,24,0,17,0,1,0,0,0,0,0,0,03 桃園市,2 技職
108,1070,長庚科技大學,D 日,B 四技,3552,460,3092,106,782,122,774,106,760,122,759,0,0,0,0,0,0,4,17,03 桃園市,2 技職
108,1070,長庚科技大學,D 日,C 二技,1418,92,1326,0,0,0,0,57,659,33,664,0,0,0,0,0,0,2,3,03 桃園市,2 技職
108,1070,長庚科技大學,N 修,C 二技,1160,89,1071,0,0,0,0,44,548,41,487,1,29,0,0,0,0,3,7,03 桃園市,2 技職
108,1070,長庚科技大學,D 日,5 五專,119,7,112,0,0,0,0,0,0,0,0,7,104,0,0,0,0,0,8,03 桃園市,2 技職
108,1071,臺北城市科技大學,D 日,M 碩士,88,72,16,31,5,25,6,11,3,5,2,0,0,0,0,0,0,0,0,30 臺北市,2 技職
108,1071,臺北城市科技大學,D 日,B 四技,7197,4448,2749,1138,792,1042,672,981,573,992,571,0,0,0,0,0,0,295,141,30 臺北市,2 技職
108,1071,臺北城市科技大學,N 修,B 四技,851,631,220,265,101,112,33,110,30,116,48,0,0,0,0,0,0,28,8,30 臺北市,2 技職
108,1071,臺北城市科技大學,D 日,C 二技,3,1,2,0,0,0,0,1,1,0,1,0,0,0,0,0,0,0,0,30 臺北市,2 技職
108,1071,臺北城市科技大學,N 修,2 二專,12,10,2,10,1,0,0,0,0,0,0,0,0,0,0,0,0,0,1,30 臺北市,2 技職
108,1071,臺北城市科技大學,D 日,5 五專,1227,850,377,124,71,144,82,151,63,212,76,205,82,0,0,0,0,14,3,30 臺北市,2 技職
108,1072,大華科技大學,D 日,M 碩士,3,3,0,0,0,0,0,1,0,1,0,1,0,0,0,0,0,0,0,04 新竹縣,2 技職
108,1072,大華科技大學,D 日,B 四技,380,237,143,14,6,21,10,65,32,82,62,0,0,0,0,0,0,55,33,04 新竹縣,2 技職
108,1072,大華科技大學,N 修,B 四技,240,152,88,19,14,16,11,86,29,20,24,0,0,0,0,0,0,11,10,04 新竹縣,2 技職
108,1072,大華科技大學,D 日,C 二技,23,15,8,0,0,0,0,6,3,7,1,0,0,0,0,0,0,2,4,04 新竹縣,2 技職
108,1072,大華科技大學,N 修,C 二技,103,86,17,0,0,0,0,59,0,19,11,0,0,0,0,0,0,8,6,04 新竹縣,2 技職
108,1072,大華科技大學,D 日,5 五專,408,233,175,17,25,19,17,61,39,49,46,77,44,0,0,0,0,10,4,04 新竹縣,2 技職
108,1073,醒吾科技大學,D 日,M 碩士,59,29,30,16,15,8,14,5,1,0,0,0,0,0,0,0,0,0,0,01 新北市,2 技職
108,1073,醒吾科技大學,N 職,M 碩士,96,47,49,23,32,18,13,5,2,0,0,0,0,1,2,0,0,0,0,01 新北市,2 技職
108,1073,醒吾科技大學,D 日,B 四技,5624,2428,3196,576,746,654,815,614,790,458,735,0,0,0,0,0,0,126,110,01 新北市,2 技職
108,1073,醒吾科技大學,N 修,B 四技,1044,432,612,137,156,104,186,89,135,84,125,0,0,0,0,0,0,18,10,01 新北市,2 技職
108,1073,醒吾科技大學,D 日,C 二技,42,10,32,0,0,0,0,6,16,4,16,0,0,0,0,0,0,0,0,01 新北市,2 技職
108,1073,醒吾科技大學,D 日,5 五專,698,271,427,24,30,42,76,62,83,69,102,73,133,0,0,0,0,1,3,01 新北市,2 技職
108,1075,文藻外語大學,D 日,M 碩士,175,46,129,16,40,12,50,13,18,5,21,0,0,0,0,0,0,0,0,50 高雄市,2 技職
108,1075,文藻外語大學,N 職,M 碩士,54,11,43,3,12,3,11,2,11,2,5,0,2,1,2,0,0,0,0,50 高雄市,2 技職
108,1075,文藻外語大學,D 日,B 四技,5176,1341,3835,333,914,361,862,272,958,293,886,0,0,0,0,0,0,82,215,50 高雄市,2 技職
108,1075,文藻外語大學,N 修,B 四技,1835,634,1201,211,338,166,259,108,209,97,243,0,0,0,0,0,0,52,152,50 高雄市,2 技職
108,1075,文藻外語大學,D 日,C 二技,284,40,244,0,0,0,0,17,120,16,98,0,0,0,0,0,0,7,26,50 高雄市,2 技職
108,1075,文藻外語大學,N 修,C 二技,186,40,146,0,0,0,0,19,68,15,59,0,0,0,0,0,0,6,19,50 高雄市,2 技職
108,1075,文藻外語大學,D 日,5 五專,1611,277,1334,61,310,58,251,51,255,43,231,59,262,0,0,0,0,5,25,50 高雄市,2 技職
108,1076,華夏科技大學,D 日,M 碩士,39,30,9,16,4,9,5,3,0,2,0,0,0,0,0,0,0,0,0,01 新北市,2 技職
108,1076,華夏科技大學,N 職,M 碩士,73,52,21,22,11,24,10,3,0,3,0,0,0,0,0,0,0,0,0,01 新北市,2 技職
108,1076,華夏科技大學,D 日,B 四技,1772,1076,696,226,180,207,159,272,141,291,182,0,0,0,0,0,0,80,34,01 新北市,2 技職
108,1076,華夏科技大學,N 修,B 四技,718,421,297,101,92,69,50,125,78,91,65,0,0,0,0,0,0,35,12,01 新北市,2 技職
108,1076,華夏科技大學,D 日,C 二技,69,57,12,0,0,0,0,22,2,32,9,0,0,0,0,0,0,3,1,01 新北市,2 技職
108,1076,華夏科技大學,N 修,C 二技,536,297,239,0,0,0,0,188,140,100,92,0,0,0,0,0,0,9,7,01 新北市,2 技職
108,1076,華夏科技大學,N 修,2 二專,242,117,125,32,43,67,75,0,0,0,0,0,0,0,0,0,0,18,7,01 新北市,2 技職
108,1076,華夏科技大學,D 日,5 五專,587,504,83,89,20,106,28,92,13,134,7,81,14,0,0,0,0,2,1,01 新北市,2 技職
108,1077,慈濟科技大學,D 日,M 碩士,37,19,18,9,9,7,8,2,1,1,0,0,0,0,0,0,0,0,0,15 花蓮縣,2 技職
108,1077,慈濟科技大學,D 日,B 四技,1326,536,790,137,214,116,203,109,182,136,169,0,0,0,0,0,0,38,22,15 花蓮縣,2 技職
108,1077,慈濟科技大學,D 日,C 二技,277,26,251,0,0,0,0,16,126,10,125,0,0,0,0,0,0,0,0,15 花蓮縣,2 技職
108,1077,慈濟科技大學,N 修,C 二技,99,6,93,0,0,0,0,3,51,1,39,0,0,0,0,0,0,2,3,15 花蓮縣,2 技職
108,1077,慈濟科技大學,D 日,2 二專,21,9,12,9,12,0,0,0,0,0,0,0,0,0,0,0,0,0,0,15 花蓮縣,2 技職
108,1077,慈濟科技大學,D 日,5 五專,1304,170,1134,40,246,39,217,37,210,29,221,20,209,0,0,0,0,5,31,15 花蓮縣,2 技職
108,1078,致理科技大學,D 日,M 碩士,49,10,39,3,16,3,12,2,8,2,3,0,0,0,0,0,0,0,0,01 新北市,2 技職
108,1078,致理科技大學,N 職,M 碩士,57,18,39,5,13,8,7,4,8,1,5,0,6,0,0,0,0,0,0,01 新北市,2 技職
108,1078,致理科技大學,D 日,B 四技,6255,1952,4303,448,1091,475,1067,465,988,448,998,0,0,0,0,0,0,116,159,01 新北市,2 技職
108,1078,致理科技大學,N 修,B 四技,3192,1257,1935,362,472,320,459,253,448,200,436,0,0,0,0,0,0,122,120,01 新北市,2 技職
108,1078,致理科技大學,D 日,C 二技,226,41,185,0,0,0,0,28,84,11,99,0,0,0,0,0,0,2,2,01 新北市,2 技職
108,1078,致理科技大學,N 修,C 二技,12,7,5,0,0,0,0,0,0,1,1,0,0,0,0,0,0,6,4,01 新北市,2 技職
108,1078,致理科技大學,D 日,5 五專,1578,330,1248,81,252,78,246,52,256,61,244,53,236,0,0,0,0,5,14,01 新北市,2 技職
108,1079,康寧大學,D 日,M 碩士,50,17,33,7,12,5,9,3,11,2,1,0,0,0,0,0,0,0,0,30 臺北市,1 一般
108,1079,康寧大學,N 職,M 碩士,56,18,38,2,10,10,13,3,11,3,4,0,0,0,0,0,0,0,0,30 臺北市,1 一般
108,1079,康寧大學,D 日,B 學士,342,121,221,11,54,11,58,42,45,29,58,0,0,0,0,0,0,28,6,30 臺北市,1 一般
108,1079,康寧大學,P 進,B 學士,86,62,24,1,2,2,1,19,6,27,11,0,0,0,0,0,0,13,4,30 臺北市,1 一般
108,1079,康寧大學,N 修,C 二技,89,7,82,0,0,0,0,5,53,2,29,0,0,0,0,0,0,0,0,30 臺北市,2 技職
108,1079,康寧大學,N 修,2 二專,204,45,159,26,67,19,92,0,0,0,0,0,0,0,0,0,0,0,0,30 臺北市,2 技職
108,1079,康寧大學,D 日,5 五專,2814,645,2169,131,397,117,427,138,402,130,436,110,458,0,0,0,0,19,49,30 臺北市,2 技職
108,1080,宏國德霖科技大學,D 日,B 四技,2244,1361,883,308,239,340,224,298,196,340,192,0,0,0,0,0,0,75,32,01 新北市,2 技職
108,1080,宏國德霖科技大學,N 修,B 四技,1354,857,497,282,147,230,114,154,136,140,84,0,0,0,0,0,0,51,16,01 新北市,2 技職
108,1080,宏國德霖科技大學,D 日,C 二技,76,22,54,0,0,0,0,7,31,15,22,0,0,0,0,0,0,0,1,01 新北市,2 技職
108,1080,宏國德霖科技大學,N 修,C 二技,732,445,287,0,0,0,0,242,169,191,113,0,0,0,0,0,0,12,5,01 新北市,2 技職
108,1080,宏國德霖科技大學,N 修,2 二專,100,46,54,12,14,31,40,0,0,0,0,0,0,0,0,0,0,3,0,01 新北市,2 技職
108,1080,宏國德霖科技大學,D 日,5 五專,1226,740,486,127,86,141,97,135,92,183,106,143,98,0,0,0,0,11,7,01 新北市,2 技職
108,1081,東方設計大學,D 日,D 博士,32,14,18,1,6,5,2,4,5,3,5,1,0,0,0,0,0,0,0,12 高雄市,2 技職
108,1081,東方設計大學,D 日,M 碩士,102,45,57,20,30,10,15,10,6,4,5,1,1,0,0,0,0,0,0,12 高雄市,2 技職
108,1081,東方設計大學,N 職,M 碩士,41,15,26,13,19,2,7,0,0,0,0,0,0,0,0,0,0,0,0,12 高雄市,2 技職
108,1081,東方設計大學,D 日,B 四技,885,495,390,32,38,96,82,190,108,135,144,0,0,0,0,0,0,42,18,12 高雄市,2 技職
108,1081,東方設計大學,N 修,B 四技,156,74,82,17,11,24,4,15,31,17,33,0,0,0,0,0,0,1,3,12 高雄市,2 技職
108,1081,東方設計大學,D 日,C 二技,48,22,26,0,0,0,0,12,12,7,13,0,0,0,0,0,0,3,1,12 高雄市,2 技職
108,1081,東方設計大學,D 日,5 五專,1009,462,547,59,52,53,71,95,129,122,143,124,144,0,0,0,0,9,8,12 高雄市,2 技職
108,1082,崇右影藝科技大學,D 日,M 碩士,76,40,36,19,16,17,18,2,1,2,1,0,0,0,0,0,0,0,0,17 基隆市,2 技職
108,1082,崇右影藝科技大學,D 日,B 四技,1854,833,1021,177,267,211,227,169,260,165,185,0,0,0,0,0,0,111,82,17 基隆市,2 技職
108,1082,崇右影藝科技大學,D 日,5 五專,84,39,45,0,0,0,0,0,0,32,30,6,14,0,0,0,0,1,1,17 基隆市,2 技職
108,1083,台北海洋科技大學,D 日,M 碩士,136,70,66,37,29,28,30,5,5,0,2,0,0,0,0,0,0,0,0,01 新北市,2 技職
108,1083,台北海洋科技大學,D 日,B 四技,2571,1416,1155,334,298,315,257,310,252,326,288,0,0,0,0,0,0,131,60,01 新北市,2 技職
108,1083,台北海洋科技大學,N 修,B 四技,182,83,99,34,27,25,19,9,18,10,30,0,0,0,0,0,0,5,5,01 新北市,2 技職
108,1083,台北海洋科技大學,D 日,C 二技,233,160,73,0,0,0,0,85,38,62,30,0,0,0,0,0,0,13,5,01 新北市,2 技職
108,1083,台北海洋科技大學,N 修,C 二技,175,56,119,0,0,0,0,36,80,19,39,0,0,0,0,0,0,1,0,01 新北市,2 技職
108,1083,台北海洋科技大學,D 日,X 4+X,23,20,3,0,0,0,0,0,0,0,0,0,0,0,0,0,0,20,3,01 新北市,2 技職
108,1083,台北海洋科技大學,D 日,2 二專,54,53,1,21,0,28,1,0,0,0,0,0,0,0,0,0,0,4,0,01 新北市,2 技職
108,1083,台北海洋科技大學,N 修,2 二專,123,112,11,76,10,31,1,0,0,0,0,0,0,0,0,0,0,5,0,01 新北市,2 技職
108,1083,台北海洋科技大學,D 日,5 五專,943,583,360,105,61,87,67,113,57,132,92,119,75,0,0,0,0,27,8,01 新北市,2 技職
108,1125,中信金融管理學院,D 日,M 碩士,83,41,42,23,23,16,15,2,4,0,0,0,0,0,0,0,0,0,0,21 臺南市,1 一般
108,1125,中信金融管理學院,D 日,B 學士,635,350,285,124,79,97,70,52,69,68,66,0,0,0,0,0,0,9,1,21 臺南市,1 一般
108,1148,大漢技術學院,D 日,M 碩士,77,50,27,24,14,19,13,7,0,0,0,0,0,0,0,0,0,0,0,15 花蓮縣,2 技職
108,1148,大漢技術學院,D 日,B 四技,282,165,117,29,23,38,41,48,29,40,18,0,0,0,0,0,0,10,6,15 花蓮縣,2 技職
108,1148,大漢技術學院,N 修,B 四技,298,188,110,75,46,46,21,32,22,34,21,0,0,0,0,0,0,1,0,15 花蓮縣,2 技職
108,1148,大漢技術學院,N 修,C 二技,254,152,102,0,0,0,0,75,49,75,50,0,0,0,0,0,0,2,3,15 花蓮縣,2 技職
108,1148,大漢技術學院,N 修,2 二專,164,89,75,61,40,28,33,0,0,0,0,0,0,0,0,0,0,0,2,15 花蓮縣,2 技職
108,1159,和春技術學院,D 日,M 碩士,8,7,1,0,0,0,0,7,1,0,0,0,0,0,0,0,0,0,0,12 高雄市,2 技職
108,1159,和春技術學院,D 日,B 四技,250,179,71,26,8,43,7,32,11,48,29,0,1,0,0,0,0,30,15,12 高雄市,2 技職
108,1159,和春技術學院,N 修,B 四技,142,95,47,19,9,7,4,18,7,28,21,0,0,0,0,0,0,23,6,12 高雄市,2 技職
108,1159,和春技術學院,D 日,C 二技,20,15,5,0,0,0,0,8,1,7,3,0,0,0,0,0,0,0,1,12 高雄市,2 技職
108,1159,和春技術學院,N 修,C 二技,252,158,94,0,0,0,0,90,54,61,32,0,0,0,0,0,0,7,8,12 高雄市,2 技職
108,1159,和春技術學院,N 修,2 二專,181,126,55,70,28,49,19,0,0,0,0,0,0,0,0,0,0,7,8,12 高雄市,2 技職
108,1159,和春技術學院,D 日,5 五專,126,72,54,3,2,5,8,11,16,33,16,20,11,0,0,0,0,0,1,12 高雄市,2 技職
108,1166,亞東技術學院,D 日,M 碩士,45,35,10,16,2,13,6,4,2,2,0,0,0,0,0,0,0,0,0,01 新北市,2 技職
108,1166,亞東技術學院,D 日,B 四技,4137,2985,1152,743,301,774,278,666,290,697,248,0,0,0,0,0,0,105,35,01 新北市,2 技職
108,1166,亞東技術學院,D 日,C 二技,179,15,164,0,0,0,0,8,83,7,81,0,0,0,0,0,0,0,0,01 新北市,2 技職
108,1166,亞東技術學院,N 修,C 二技,136,1,135,0,0,0,0,1,50,0,44,0,41,0,0,0,0,0,0,01 新北市,2 技職
108,1168,南亞技術學院,D 日,M 碩士,18,15,3,5,1,10,0,0,0,0,2,0,0,0,0,0,0,0,0,03 桃園市,2 技職
108,1168,南亞技術學院,D 日,B 四技,1403,850,553,215,95,209,124,159,126,192,171,0,0,0,0,0,0,75,37,03 桃園市,2 技職
108,1168,南亞技術學院,N 修,B 四技,775,537,238,178,70,85,49,95,48,137,51,0,0,0,0,0,0,42,20,03 桃園市,2 技職
108,1168,南亞技術學院,N 修,C 二技,153,113,40,0,0,0,0,92,30,21,10,0,0,0,0,0,0,0,0,03 桃園市,2 技職
108,1168,南亞技術學院,N 修,2 二專,9,8,1,0,0,8,1,0,0,0,0,0,0,0,0,0,0,0,0,03 桃園市,2 技職
108,1168,南亞技術學院,D 日,5 五專,331,186,145,24,14,28,25,40,20,41,48,53,38,0,0,0,0,0,0,03 桃園市,2 技職
108,1176,稻江科技暨管理學院,D 日,M 碩士,76,32,44,6,21,16,15,7,5,3,3,0,0,0,0,0,0,0,0,10 嘉義縣,1 一般
108,1176,稻江科技暨管理學院,N 職,M 碩士,45,31,14,14,2,11,11,2,0,4,1,0,0,0,0,0,0,0,0,10 嘉義縣,1 一般
108,1176,稻江科技暨管理學院,D 日,B 學士,1106,593,513,58,37,145,158,194,126,170,182,0,0,0,0,0,0,26,10,10 嘉義縣,1 一般
108,1176,稻江科技暨管理學院,P 進,B 學士,502,230,272,76,33,46,46,63,83,37,99,0,0,0,0,0,0,8,11,10 嘉義縣,1 一般
108,1176,稻江科技暨管理學院,N 修,C 二技,126,24,102,0,0,0,0,11,47,11,54,0,0,0,0,0,0,2,1,10 嘉義縣,2 技職
108,1182,蘭陽技術學院,D 日,B 四技,346,189,157,17,9,62,47,38,34,59,54,0,0,0,0,0,0,13,13,02 宜蘭縣,2 技職
108,1182,蘭陽技術學院,D 日,5 五專,321,184,137,10,11,30,23,33,20,55,33,54,45,0,0,0,0,2,5,02 宜蘭縣,2 技職
108,1183,黎明技術學院,D 日,B 四技,3421,1797,1624,452,497,526,450,392,335,352,293,0,0,0,0,0,0,75,49,01 新北市,2 技職
108,1183,黎明技術學院,N 修,B 四技,1080,679,401,296,196,142,103,135,63,89,37,0,0,0,0,0,0,17,2,01 新北市,2 技職
108,1183,黎明技術學院,N 修,C 二技,91,8,83,0,0,0,0,2,45,6,38,0,0,0,0,0,0,0,0,01 新北市,2 技職
108,1183,黎明技術學院,N 修,2 二專,4,1,3,0,0,0,0,0,0,0,0,0,0,0,0,0,0,1,3,01 新北市,2 技職
108,1183,黎明技術學院,D 日,5 五專,464,397,67,39,11,74,11,82,18,87,21,106,5,0,0,0,0,9,1,01 新北市,2 技職
108,1185,經國管理暨健康學院,D 日,M 碩士,35,6,29,2,18,1,7,3,3,0,1,0,0,0,0,0,0,0,0,17 基隆市,2 技職
108,1185,經國管理暨健康學院,N 職,M 碩士,45,8,37,4,17,3,14,0,4,0,2,1,0,0,0,0,0,0,0,17 基隆市,2 技職
108,1185,經國管理暨健康學院,D 日,B 四技,2026,762,1264,231,374,193,318,159,264,129,247,0,0,0,0,0,0,50,61,17 基隆市,2 技職
108,1185,經國管理暨健康學院,N 修,B 四技,60,36,24,0,0,0,0,7,5,21,11,0,0,0,0,0,0,8,8,17 基隆市,2 技職
108,1185,經國管理暨健康學院,D 日,C 二技,170,16,154,0,0,0,0,9,64,7,80,0,0,0,0,0,0,0,10,17 基隆市,2 技職
108,1185,經國管理暨健康學院,N 修,C 二技,146,8,138,0,0,0,0,6,85,2,47,0,0,0,0,0,0,0,6,17 基隆市,2 技職
108,1185,經國管理暨健康學院,D 日,5 五專,1227,360,867,83,149,76,160,56,152,63,164,74,183,0,0,0,0,8,59,17 基隆市,2 技職
108,1188,大同技術學院,D 日,B 四技,792,348,444,36,57,119,113,73,120,101,147,0,0,0,0,0,0,19,7,20 嘉義市,2 技職
108,1188,大同技術學院,N 修,B 四技,189,67,122,22,37,18,30,8,26,15,23,0,0,0,0,0,0,4,6,20 嘉義市,2 技職
108,1188,大同技術學院,N 修,C 二技,262,55,207,0,0,0,0,20,111,31,83,0,0,0,0,0,0,4,13,20 嘉義市,2 技職
108,1188,大同技術學院,D 日,5 五專,94,44,50,3,5,3,10,11,10,20,14,3,9,0,0,0,0,4,2,20 嘉義市,2 技職
108,1192,臺灣觀光學院,D 日,M 碩士,26,12,14,9,6,2,7,1,1,0,0,0,0,0,0,0,0,0,0,15 花蓮縣,2 技職
108,1192,臺灣觀光學院,D 日,B 四技,263,138,125,35,39,28,18,14,11,37,44,0,0,0,0,0,0,24,13,15 花蓮縣,2 技職
108,1192,臺灣觀光學院,N 修,B 四技,92,39,53,18,9,4,13,5,11,5,10,0,0,0,0,0,0,7,10,15 花蓮縣,2 技職
108,1192,臺灣觀光學院,N 修,C 二技,80,32,48,0,0,0,0,14,16,7,19,0,0,0,0,0,0,11,13,15 花蓮縣,2 技職
108,1192,臺灣觀光學院,N 修,2 二專,60,21,39,10,19,8,17,0,0,0,0,0,0,0,0,0,0,3,3,15 花蓮縣,2 技職
108,1192,臺灣觀光學院,D 日,5 五專,87,41,46,12,2,1,2,3,9,13,15,9,16,0,0,0,0,3,2,15 花蓮縣,2 技職
108,1195,馬偕醫學院,D 日,D 博士,2,2,0,2,0,0,0,0,0,0,0,0,0,0,0,0,0,0,0,01 新北市,1 一般
108,1195,馬偕醫學院,D 日,M 碩士,41,15,26,3,11,4,7,6,3,2,5,0,0,0,0,0,0,0,0,01 新北市,1 一般
108,1195,馬偕醫學院,D 日,B 學士,641,220,421,39,110,48,113,38,76,44,77,28,20,18,22,2,0,3,3,01 新北市,1 一般
108,1196,法鼓文理學院,D 日,D 博士,20,8,12,1,1,2,1,1,4,0,0,3,3,1,3,0,0,0,0,01 新北市,1 一般
108,1196,法鼓文理學院,D 日,M 碩士,224,66,158,25,40,16,46,11,30,14,42,0,0,0,0,0,0,0,0,01 新北市,1 一般
108,1196,法鼓文理學院,D 日,B 學士,61,24,37,7,12,7,12,5,7,5,4,0,0,0,0,0,0,0,2,01 新北市,1 一般
108,1282,馬偕醫護管理專科學校,D 日,2 二專,54,15,39,4,27,11,12,0,0,0,0,0,0,0,0,0,0,0,0,30 臺北市,2 技職
108,1282,馬偕醫護管理專科學校,N 修,2 二專,242,108,134,73,83,34,50,0,0,0,0,0,0,0,0,0,0,1,1,30 臺北市,2 技職
108,1282,馬偕醫護管理專科學校,D 日,5 五專,3927,469,3458,95,675,93,664,98,680,90,658,74,684,0,0,0,0,19,97,30 臺北市,2 技職
108,1283,仁德醫護管理專科學校,N 修,2 二專,391,198,193,127,134,67,54,0,0,0,0,0,0,0,0,0,0,4,5,05 苗栗縣,2 技職
108,1283,仁德醫護管理專科學校,D 日,5 五專,6042,1294,4748,252,930,244,920,259,958,243,921,211,835,0,0,0,0,85,184,05 苗栗縣,2 技職
108,1284,樹人醫護管理專科學校,N 修,2 二專,545,316,229,127,119,136,72,30,21,18,16,0,0,0,0,0,0,5,1,12 高雄市,2 技職
108,1284,樹人醫護管理專科學校,D 日,5 五專,6741,1551,5190,341,1115,330,1085,293,984,267,948,253,893,0,0,0,0,67,165,12 高雄市,2 技職
108,1285,慈惠醫護管理專科學校,D 日,2 二專,103,36,67,16,36,13,20,0,0,0,0,0,0,0,0,0,0,7,11,13 屏東縣,2 技職
108,1285,慈惠醫護管理專科學校,N 修,2 二專,271,94,177,48,86,35,70,6,4,3,7,0,0,0,0,0,0,2,10,13 屏東縣,2 技職
108,1285,慈惠醫護管理專科學校,D 日,5 五專,4130,896,3234,123,482,171,575,149,578,193,755,212,680,0,0,0,0,48,164,13 屏東縣,2 技職
108,1286,耕莘健康管理專科學校,N 修,2 二專,119,3,116,2,63,1,46,0,0,0,0,0,0,0,0,0,0,0,7,01 新北市,2 技職
108,1286,耕莘健康管理專科學校,D 日,5 五專,4792,454,4338,66,755,100,836,99,891,79,880,82,801,0,0,0,0,28,175,01 新北市,2 技職
108,1287,敏惠醫護管理專科學校,D 日,5 五專,3904,467,3437,101,681,98,698,81,704,94,657,74,612,0,0,0,0,19,85,11 臺南市,2 技職
108,1289,育英醫護管理專科學校,D 日,5 五專,1996,227,1769,53,316,43,355,46,366,41,362,38,337,0,0,0,0,6,33,50 高雄市,2 技職
108,1291,聖母醫護管理專科學校,D 日,2 二專,22,17,5,17,5,0,0,0,0,0,0,0,0,0,0,0,0,0,0,02 宜蘭縣,2 技職
108,1291,聖母醫護管理專科學校,N 修,2 二專,18,8,10,8,10,0,0,0,0,0,0,0,0,0,0,0,0,0,0,02 宜蘭縣,2 技職
108,1291,聖母醫護管理專科學校,D 日,5 五專,2521,516,2005,76,319,81,332,82,426,135,462,133,437,0,0,0,0,9,29,02 宜蘭縣,2 技職
108,1292,新生醫護管理專科學校,N 修,2 二專,76,23,53,5,26,18,27,0,0,0,0,0,0,0,0,0,0,0,0,03 桃園市,2 技職
108,1292,新生醫護管理專科學校,D 日,5 五專,5955,722,5233,141,1034,137,1050,146,1018,147,1019,130,988,0,0,0,0,21,124,03 桃園市,2 技職
108,1293,崇仁醫護管理專科學校,D 日,5 五專,3330,410,2920,81,584,87,543,87,593,75,592,69,564,0,0,0,0,11,44,10 嘉義縣,2 技職
108,3002,臺北市立大學,D 日,D 博士,234,101,133,14,19,14,17,15,13,18,22,11,15,10,17,19,30,0,0,30 臺北市,1 一般
108,3002,臺北市立大學,D 日,M 碩士,1215,420,795,156,242,105,213,71,185,61,91,15,37,12,27,0,0,0,0,30 臺北市,1 一般
108,3002,臺北市立大學,N 職,M 碩士,1090,298,792,107,274,87,257,46,121,29,71,14,44,15,25,0,0,0,0,30 臺北市,1 一般
108,3002,臺北市立大學,D 日,B 學士,5270,2335,2935,569,738,527,698,520,683,553,676,0,0,0,0,0,0,166,140,30 臺北市,1 一般
109,0001,國立政治大學,D 日,D 博士,949,526,423,87,58,89,80,81,69,76,78,72,42,52,41,69,55,0,0,30 臺北市,1 一般
109,0001,國立政治大學,D 日,M 碩士,4004,1832,2172,615,756,619,691,344,436,254,289,0,0,0,0,0,0,0,0,30 臺北市,1 一般
109,0001,國立政治大學,N 職,M 碩士,1766,905,861,295,269,263,248,173,165,102,118,72,61,0,0,0,0,0,0,30 臺北市,1 一般
109,0001,國立政治大學,D 日,B 學士,9632,4019,5613,962,1257,916,1316,905,1325,883,1334,0,0,0,0,0,0,353,381,30 臺北市,1 一般
109,0002,國立清華大學,D 日,D 博士,1615,1170,445,211,91,215,82,186,86,145,57,140,48,106,31,167,50,0,0,18 新竹市,1 一般
109,0002,國立清華大學,D 日,M 碩士,5358,3295,2063,1385,791,1204,713,518,309,183,216,4,19,1,15,0,0,0,0,18 新竹市,1 一般
109,0002,國立清華大學,N 職,M 碩士,1316,447,869,166,281,173,256,45,118,20,84,22,53,8,32,13,45,0,0,18 新竹市,1 一般
109,0002,國立清華大學,D 日,B 學士,8625,4694,3931,1180,1018,1113,946,1094,873,1041,926,0,0,0,0,0,0,266,168,18 新竹市,1 一般
109,0002,國立清華大學,D 日,X 4+X,3,2,1,1,0,1,1,0,0,0,0,0,0,0,0,0,0,0,0,18 新竹市,1 一般
109,0003,國立臺灣大學,D 日,D 博士,3545,2471,1074,493,220,433,174,331,165,335,157,312,119,229,103,338,136,0,0,30 臺北市,1 一般
109,0003,國立臺灣大學,D 日,M 碩士,10551,6301,4250,2547,1626,2333,1551,915,651,506,422,0,0,0,0,0,0,0,0,30 臺北市,1 一般
109,0003,國立臺灣大學,N 職,M 碩士,1675,1037,638,351,233,342,243,194,101,62,25,45,14,43,22,0,0,0,0,30 臺北市,1 一般
109,0003,國立臺灣大學,D 日,B 學士,16756,9444,7312,2086,1672,2162,1697,2092,1543,2042,1638,205,127,142,70,0,0,715,565,30 臺北市,1 一般
109,0004,國立臺灣師範大學,D 日,D 博士,1363,641,722,102,138,95,110,85,107,115,111,88,102,75,88,81,66,0,0,30 臺北市,3 師範
109,0004,國立臺灣師範大學,D 日,M 碩士,4255,1847,2408,661,794,625,764,339,489,222,361,0,0,0,0,0,0,0,0,30 臺北市,3 師範
109,0004,國立臺灣師範大學,N 職,M 碩士,2129,632,1497,210,469,176,430,113,295,65,147,41,99,27,57,0,0,0,0,30 臺北市,3 師範
109,0004,國立臺灣師範大學,D 日,B 學士,8173,3625,4548,890,1127,861,1071,811,1060,784,1024,0,0,0,0,0,0,279,266,30 臺北市,3 師範
109,0005,國立成功大學,D 日,D 博士,1818,1235,583,254,125,242,118,199,93,170,78,146,70,122,50,102,49,0,0,21 臺南市,1 一般
109,0005,國立成功大學,D 日,M 碩士,7015,4417,2598,1982,1133,1785,1005,476,327,172,130,2,3,0,0,0,0,0,0,21 臺南市,1 一般
109,0005,國立成功大學,N 職,M 碩士,1499,933,566,305,190,289,185,199,106,77,55,62,30,1,0,0,0,0,0,21 臺南市,1 一般
109,0005,國立成功大學,D 日,B 學士,11441,7079,4362,1704,1037,1684,1043,1611,988,1556,1011,99,60,58,30,1,0,366,193,21 臺南市,1 一般
109,0006,國立中興大學,D 日,D 博士,935,657,278,101,35,112,53,105,55,93,37,81,36,64,25,101,37,0,0,19 臺中市,1 一般
109,0006,國立中興大學,D 日,M 碩士,3453,2018,1435,828,573,833,584,244,193,109,85,4,0,0,0,0,0,0,0,19 臺中市,1 一般
109,0006,國立中興大學,N 職,M 碩士,1663,1073,590,348,254,349,192,173,74,113,39,90,31,0,0,0,0,0,0,19 臺中市,1 一般
109,0006,國立中興大學,D 日,B 學士,7990,4565,3425,1099,795,1056,825,1094,826,1079,823,43,41,0,0,0,0,194,115,19 臺中市,1 一般
109,0006,國立中興大學,P 進,B 學士,933,413,520,112,123,103,106,76,118,67,111,44,53,0,0,0,0,11,9,19 臺中市,1 一般
109,0007,國立交通大學,D 日,D 博士,1722,1332,390,239,79,248,88,229,70,195,55,155,33,114,35,152,30,0,0,18 新竹市,1 一般
109,0007,國立交通大學,D 日,M 碩士,5955,4074,1881,1584,713,1422,686,855,357,211,122,2,3,0,0,0,0,0,0,18 新竹市,1 一般
109,0007,國立交通大學,N 職,M 碩士,1600,1077,523,362,191,333,207,183,65,116,33,83,27,0,0,0,0,0,0,18 新竹市,1 一般
109,0007,國立交通大學,D 日,B 學士,5905,4036,1869,1040,490,1062,515,885,413,859,401,0,0,0,0,0,0,190,50,18 新竹市,1 一般
109,0008,國立中央大學,D 日,D 博士,1031,729,302,136,57,129,52,126,50,105,49,87,42,65,28,81,24,0,0,03 桃園市,1 一般
109,0008,國立中央大學,D 日,M 碩士,3516,2331,1185,1000,497,935,483,288,139,108,65,0,1,0,0,0,0,0,0,03 桃園市,1 一般
109,0008,國立中央大學,N 職,M 碩士,1375,853,522,331,212,290,214,125,43,61,30,46,23,0,0,0,0,0,0,03 桃園市,1 一般
109,0008,國立中央大學,D 日,B 學士,6016,3748,2268,916,601,890,535,887,543,896,522,0,0,0,0,0,0,159,67,03 桃園市,1 一般
109,0009,國立中山大學,D 日,D 博士,811,540,271,123,73,101,42,86,44,77,36,73,30,39,24,41,22,0,0,50 高雄市,1 一般
109,0009,國立中山大學,D 日,M 碩士,2997,1902,1095,778,460,723,403,282,133,119,99,0,0,0,0,0,0,0,0,50 高雄市,1 一般
109,0009,國立中山大學,N 職,M 碩士,1105,549,556,206,205,207,177,73,87,40,47,14,23,9,17,0,0,0,0,50 高雄市,1 一般
109,0009,國立中山大學,D 日,B 學士,4793,2937,1856,719,443,640,452,689,421,712,431,0,0,0,0,0,0,177,109,50 高雄市,1 一般
109,0012,國立臺灣海洋大學,D 日,D 博士,333,246,87,44,12,43,22,44,17,33,15,25,3,21,7,36,11,0,0,17 基隆市,1 一般
109,0012,國立臺灣海洋大學,D 日,M 碩士,1445,944,501,419,199,361,197,109,59,34,26,14,10,6,7,1,3,0,0,17 基隆市,1 一般
109,0012,國立臺灣海洋大學,N 職,M 碩士,595,368,227,137,79,129,88,40,35,28,10,24,6,5,1,5,8,0,0,17 基隆市,1 一般
109,0012,國立臺灣海洋大學,D 日,B 學士,5929,4072,1857,1010,466,963,455,949,472,926,433,0,0,0,0,0,0,224,31,17 基隆市,1 一般
109,0012,國立臺灣海洋大學,P 進,B 學士,558,342,216,129,63,97,49,52,53,31,38,0,0,0,0,0,0,33,13,17 基隆市,1 一般
109,0012,國立臺灣海洋大學,N 修,X 4+X,45,37,8,0,0,36,8,0,0,0,0,0,0,0,0,0,0,1,0,17 基隆市,1 一般
109,0013,國立中正大學,D 日,D 博士,574,376,198,52,30,63,36,56,27,55,33,53,23,41,28,56,21,0,0,10 嘉義縣,1 一般
109,0013,國立中正大學,D 日,M 碩士,2831,1759,1072,707,402,677,352,250,187,125,128,0,3,0,0,0,0,0,0,10 嘉義縣,1 一般
109,0013,國立中正大學,N 職,M 碩士,1412,621,791,215,290,192,273,98,116,70,64,46,48,0,0,0,0,0,0,10 嘉義縣,1 一般
109,0013,國立中正大學,D 日,B 學士,6311,3429,2882,856,698,832,691,800,734,805,706,0,0,0,0,0,0,136,53,10 嘉義縣,1 一般
109,0014,國立高雄師範大學,D 日,D 博士,463,223,240,34,41,29,38,34,32,36,33,37,34,24,26,29,36,0,0,50 高雄市,3 師範
109,0014,國立高雄師範大學,D 日,M 碩士,1409,489,920,150,283,148,246,99,199,73,152,16,21,1,13,2,6,0,0,50 高雄市,3 師範
109,0014,國立高雄師範大學,N 職,M 碩士,1314,468,846,199,289,130,267,60,123,39,65,19,52,21,50,0,0,0,0,50 高雄市,3 師範
109,0014,國立高雄師範大學,D 日,B 學士,3659,1750,1909,431,510,452,445,439,445,370,449,0,0,0,0,0,0,58,60,50 高雄市,3 師範
109,0015,國立彰化師範大學,D 日,D 博士,495,300,195,58,28,44,34,48,29,49,38,41,25,33,18,27,23,0,0,07 彰化縣,3 師範
109,0015,國立彰化師範大學,D 日,M 碩士,1648,849,799,330,287,276,239,151,169,90,96,1,5,1,3,0,0,0,0,07 彰化縣,3 師範
109,0015,國立彰化師範大學,N 職,M 碩士,1412,603,809,215,241,193,244,77,119,41,99,41,59,36,47,0,0,0,0,07 彰化縣,3 師範
109,0015,國立彰化師範大學,D 日,B 學士,4898,2615,2283,653,544,612,545,612,563,604,560,0,0,0,0,0,0,134,71,07 彰化縣,3 師範
109,0016,國立陽明大學,D 日,D 博士,907,515,392,93,94,90,75,90,57,71,48,74,37,52,34,45,47,0,0,30 臺北市,1 一般
109,0016,國立陽明大學,D 日,M 碩士,1364,525,839,231,378,190,325,76,94,26,39,2,3,0,0,0,0,0,0,30 臺北市,1 一般
109,0016,國立陽明大學,N 職,M 碩士,155,50,105,16,43,15,33,9,13,7,11,3,5,0,0,0,0,0,0,30 臺北市,1 一般
109,0016,國立陽明大學,D 日,B 學士,2108,1143,965,219,202,197,224,224,182,210,182,163,97,114,66,1,0,15,12,30 臺北市,1 一般
109,0017,國立臺北大學,D 日,D 博士,210,139,71,28,17,27,12,18,10,14,11,24,9,13,7,15,5,0,0,01 新北市,1 一般
109,0017,國立臺北大學,D 日,M 碩士,1393,734,659,273,239,261,222,114,108,79,82,7,8,0,0,0,0,0,0,01 新北市,1 一般
109,0017,國立臺北大學,N 職,M 碩士,583,280,303,107,124,109,100,32,50,19,21,13,8,0,0,0,0,0,0,01 新北市,1 一般
109,0017,國立臺北大學,D 日,B 學士,5812,2628,3184,669,770,620,767,598,771,626,764,0,0,0,0,0,0,115,112,01 新北市,1 一般
109,0017,國立臺北大學,P 進,B 學士,2082,810,1272,257,341,188,300,158,288,149,256,2,1,0,0,0,0,56,86,01 新北市,1 一般
109,0018,國立嘉義大學,D 日,D 博士,197,112,85,17,17,19,16,18,9,18,9,14,8,9,10,17,16,0,0,20 嘉義市,1 一般
109,0018,國立嘉義大學,D 日,M 碩士,1292,619,673,238,238,188,223,117,123,76,89,0,0,0,0,0,0,0,0,20 嘉義市,1 一般
109,0018,國立嘉義大學,N 職,M 碩士,886,338,548,124,199,110,174,58,74,46,101,0,0,0,0,0,0,0,0,20 嘉義市,1 一般
109,0018,國立嘉義大學,D 日,B 學士,7374,3780,3594,957,860,890,897,886,864,871,875,21,33,0,0,0,0,155,65,20 嘉義市,1 一般
109,0018,國立嘉義大學,P 進,B 學士,1940,1220,720,301,180,302,177,250,160,274,169,0,0,0,0,0,0,93,34,20 嘉義市,1 一般
109,0019,國立高雄大學,D 日,D 博士,32,28,4,4,2,5,1,7,1,3,0,5,0,3,0,1,0,0,0,50 高雄市,1 一般
109,0019,國立高雄大學,D 日,M 碩士,646,424,222,178,80,140,80,63,40,43,22,0,0,0,0,0,0,0,0,50 高雄市,1 一般
109,0019,國立高雄大學,N 職,M 碩士,515,314,201,98,60,82,79,58,24,38,23,21,9,17,6,0,0,0,0,50 高雄市,1 一般
109,0019,國立高雄大學,D 日,B 學士,4388,2526,1862,629,466,620,444,636,469,523,425,0,0,0,0,0,0,118,58,50 高雄市,1 一般
109,0019,國立高雄大學,N 修,C 二技,160,98,62,0,0,0,0,40,25,27,17,0,0,0,0,0,0,31,20,50 高雄市,2 技職
109,0020,國立東華大學,D 日,D 博士,420,242,178,39,39,43,34,47,28,29,24,25,19,22,13,37,21,0,0,15 花蓮縣,1 一般
109,0020,國立東華大學,D 日,M 碩士,1379,693,686,247,216,217,196,107,138,104,105,9,17,9,14,0,0,0,0,15 花蓮縣,1 一般
109,0020,國立東華大學,N 職,M 碩士,549,238,311,78,102,66,68,41,68,31,36,11,21,9,10,2,6,0,0,15 花蓮縣,1 一般
109,0020,國立東華大學,D 日,B 學士,7660,3612,4048,895,1027,864,978,784,957,810,903,0,0,0,0,0,0,259,183,15 花蓮縣,1 一般
109,0021,國立暨南國際大學,D 日,D 博士,323,170,153,32,24,29,25,20,23,27,23,26,18,13,17,23,23,0,0,08 南投縣,1 一般
109,0021,國立暨南國際大學,D 日,M 碩士,789,375,414,121,128,136,118,65,81,48,73,1,8,4,6,0,0,0,0,08 南投縣,1 一般
109,0021,國立暨南國際大學,N 職,M 碩士,462,173,289,69,121,45,79,21,35,18,20,14,21,6,13,0,0,0,0,08 南投縣,1 一般
109,0021,國立暨南國際大學,D 日,B 學士,4442,2058,2384,538,563,470,534,444,614,489,580,0,0,0,0,0,0,117,93,08 南投縣,1 一般
109,0022,國立臺灣科技大學,D 日,D 博士,1033,795,238,184,62,183,64,137,44,110,27,78,18,49,9,54,14,0,0,30 臺北市,2 技職
109,0022,國立臺灣科技大學,D 日,M 碩士,3600,2495,1105,1166,509,1058,474,206,93,64,29,1,0,0,0,0,0,0,0,30 臺北市,2 技職
109,0022,國立臺灣科技大學,N 職,M 碩士,812,506,306,199,129,205,131,56,33,41,11,2,2,3,0,0,0,0,0,30 臺北市,2 技職
109,0022,國立臺灣科技大學,D 日,B 四技,5611,3945,1666,982,426,927,414,909,378,919,392,0,0,0,0,0,0,208,56,30 臺北市,2 技職
109,0022,國立臺灣科技大學,D 日,C 二技,115,46,69,0,0,0,0,5,22,31,38,0,0,0,0,0,0,10,9,30 臺北市,2 技職
109,0023,國立雲林科技大學,D 日,D 博士,432,269,163,63,42,46,22,46,28,36,23,33,19,28,17,17,12,0,0,09 雲林縣,2 技職
109,0023,國立雲林科技大學,D 日,M 碩士,1930,1194,736,498,319,500,271,142,105,54,41,0,0,0,0,0,0,0,0,09 雲林縣,2 技職
109,0023,國立雲林科技大學,N 職,M 碩士,807,463,344,182,138,161,133,63,40,37,19,20,14,0,0,0,0,0,0,09 雲林縣,2 技職
109,0023,國立雲林科技大學,D 日,B 四技,6253,3796,2457,1009,560,920,612,865,614,844,612,0,0,0,0,0,0,158,59,09 雲林縣,2 技職
109,0023,國立雲林科技大學,N 修,B 四技,179,72,107,24,34,16,26,14,24,18,23,0,0,0,0,0,0,0,0,09 雲林縣,2 技職
109,0023,國立雲林科技大學,D 日,C 二技,207,85,122,0,0,0,0,40,53,36,60,0,0,0,0,0,0,9,9,09 雲林縣,2 技職
109,0024,國立屏東科技大學,D 日,D 博士,246,155,91,28,15,26,24,26,9,18,17,16,9,10,7,31,10,0,0,13 屏東縣,2 技職
109,0024,國立屏東科技大學,D 日,M 碩士,1086,606,480,256,201,237,168,82,80,30,18,1,10,0,3,0,0,0,0,13 屏東縣,2 技職
109,0024,國立屏東科技大學,N 職,M 碩士,288,191,97,81,45,59,36,21,13,16,2,9,1,5,0,0,0,0,0,13 屏東縣,2 技職
109,0024,國立屏東科技大學,D 日,B 四技,7701,4122,3579,1029,872,930,873,942,806,953,853,45,57,0,0,0,0,223,118,13 屏東縣,2 技職
109,0024,國立屏東科技大學,N 修,B 四技,1494,919,575,275,129,215,130,171,116,161,160,0,0,0,0,0,0,97,40,13 屏東縣,2 技職
109,0024,國立屏東科技大學,D 日,C 二技,3,1,2,0,0,0,0,0,0,0,0,0,0,0,0,0,0,1,2,13 屏東縣,2 技職
109,0025,國立臺北科技大學,D 日,D 博士,740,578,162,79,25,112,29,107,26,69,19,64,16,53,15,94,32,0,0,30 臺北市,2 技職
109,0025,國立臺北科技大學,D 日,M 碩士,3081,2258,823,1003,324,923,383,249,80,83,36,0,0,0,0,0,0,0,0,30 臺北市,2 技職
109,0025,國立臺北科技大學,N 職,M 碩士,1622,1142,480,432,199,357,176,168,57,106,27,52,14,27,7,0,0,0,0,30 臺北市,2 技職
109,0025,國立臺北科技大學,D 日,B 四技,6273,4402,1871,1118,440,1102,453,995,439,1012,478,0,0,0,0,0,0,175,61,30 臺北市,2 技職
109,0025,國立臺北科技大學,N 修,B 四技,1891,1602,289,372,67,385,64,371,67,411,83,0,0,0,0,0,0,63,8,30 臺北市,2 技職
109,0025,國立臺北科技大學,D 日,C 二技,93,44,49,0,0,0,0,8,6,29,42,0,0,0,0,0,0,7,1,30 臺北市,2 技職
109,0025,國立臺北科技大學,N 修,C 二技,41,28,13,0,0,0,0,0,0,0,1,18,8,0,0,0,0,10,4,30 臺北市,2 技職
109,0025,國立臺北科技大學,D 日,5 五專,96,78,18,29,4,24,8,25,6,0,0,0,0,0,0,0,0,0,0,30 臺北市,2 技職
109,0028,國立臺北藝術大學,D 日,D 博士,112,49,63,10,6,11,11,8,15,11,9,2,9,3,9,4,4,0,0,30 臺北市,1 一般
109,0028,國立臺北藝術大學,D 日,M 碩士,1004,359,645,91,202,102,181,92,152,74,110,0,0,0,0,0,0,0,0,30 臺北市,1 一般
109,0028,國立臺北藝術大學,N 職,M 碩士,179,54,125,15,39,18,32,8,29,7,20,6,5,0,0,0,0,0,0,30 臺北市,1 一般
109,0028,國立臺北藝術大學,D 日,B 學士,1727,630,1097,143,254,139,249,122,222,138,230,0,0,0,0,0,0,88,142,30 臺北市,1 一般
109,0028,國立臺北藝術大學,D 日,X 4+X,40,26,14,0,0,18,9,0,0,0,0,0,0,0,0,0,0,8,5,30 臺北市,1 一般
109,0028,國立臺北藝術大學,D 日,5 七年,82,35,47,15,15,13,16,7,16,0,0,0,0,0,0,0,0,0,0,30 臺北市,1 一般
109,0029,國立臺灣藝術大學,D 日,D 博士,134,62,72,13,18,12,13,17,20,11,10,5,4,3,3,1,4,0,0,01 新北市,1 一般
109,0029,國立臺灣藝術大學,D 日,M 碩士,718,257,461,82,141,59,147,65,111,51,62,0,0,0,0,0,0,0,0,01 新北市,1 一般
109,0029,國立臺灣藝術大學,N 職,M 碩士,380,157,223,46,52,36,67,33,60,23,21,14,16,5,7,0,0,0,0,01 新北市,1 一般
109,0029,國立臺灣藝術大學,D 日,B 學士,2365,657,1708,156,375,137,401,153,377,134,395,0,0,0,0,0,0,77,160,01 新北市,1 一般
109,0029,國立臺灣藝術大學,P 進,B 學士,1565,509,1056,124,251,103,259,106,233,114,222,0,0,0,0,0,0,62,91,01 新北市,1 一般
109,0029,國立臺灣藝術大學,N 修,C 二技,383,87,296,0,0,0,0,33,119,33,117,0,0,0,0,0,0,21,60,01 新北市,2 技職
109,0030,國立臺東大學,D 日,D 博士,48,21,27,5,4,3,3,5,5,1,3,1,6,5,2,1,4,0,0,14 臺東縣,1 一般
109,0030,國立臺東大學,D 日,M 碩士,360,148,212,46,70,54,64,27,43,17,25,4,10,0,0,0,0,0,0,14 臺東縣,1 一般
109,0030,國立臺東大學,N 職,M 碩士,575,158,417,63,165,54,146,16,42,9,28,4,19,9,12,3,5,0,0,14 臺東縣,1 一般
109,0030,國立臺東大學,D 日,B 學士,3598,1785,1813,451,481,430,458,412,413,396,396,0,0,0,0,0,0,96,65,14 臺東縣,1 一般
109,0030,國立臺東大學,P 進,B 學士,282,110,172,32,66,34,58,22,13,16,30,0,0,0,0,0,0,6,5,14 臺東縣,1 一般
109,0030,國立臺東大學,N 修,C 二技,76,39,37,0,0,0,0,24,32,15,5,0,0,0,0,0,0,0,0,14 臺東縣,2 技職
109,0031,國立宜蘭大學,D 日,D 博士,12,9,3,1,0,3,1,1,2,0,0,3,0,0,0,1,0,0,0,02 宜蘭縣,1 一般
109,0031,國立宜蘭大學,D 日,M 碩士,469,320,149,145,62,106,48,42,23,23,16,2,0,2,0,0,0,0,0,02 宜蘭縣,1 一般
109,0031,國立宜蘭大學,N 職,M 碩士,216,155,61,60,23,51,22,26,13,8,0,7,2,3,1,0,0,0,0,02 宜蘭縣,1 一般
109,0031,國立宜蘭大學,D 日,B 學士,4373,2765,1608,694,397,656,413,628,420,659,349,0,0,0,0,0,0,128,29,02 宜蘭縣,1 一般
109,0031,國立宜蘭大學,P 進,B 學士,406,270,136,65,37,69,38,63,29,47,28,0,0,0,0,0,0,26,4,02 宜蘭縣,1 一般
109,0032,國立聯合大學,D 日,D 博士,17,16,1,2,1,3,0,3,0,2,0,3,0,2,0,1,0,0,0,05 苗栗縣,1 一般
109,0032,國立聯合大學,D 日,M 碩士,405,294,111,106,51,109,36,59,13,17,8,2,3,1,0,0,0,0,0,05 苗栗縣,1 一般
109,0032,國立聯合大學,N 職,M 碩士,38,19,19,12,7,7,11,0,1,0,0,0,0,0,0,0,0,0,0,05 苗栗縣,1 一般
109,0032,國立聯合大學,D 日,B 學士,5965,4094,1871,1035,478,1006,432,945,460,915,442,16,15,0,0,0,0,177,44,05 苗栗縣,1 一般
109,0032,國立聯合大學,P 進,B 學士,1134,760,374,178,69,194,89,204,77,133,110,0,0,0,0,0,0,51,29,05 苗栗縣,1 一般
109,0033,國立虎尾科技大學,D 日,D 博士,48,42,6,12,2,7,0,9,0,6,1,5,1,1,1,2,1,0,0,09 雲林縣,2 技職
109,0033,國立虎尾科技大學,D 日,M 碩士,800,658,142,290,65,309,60,52,17,7,0,0,0,0,0,0,0,0,0,09 雲林縣,2 技職
109,0033,國立虎尾科技大學,N 職,M 碩士,191,134,57,48,17,45,21,23,10,13,8,5,1,0,0,0,0,0,0,09 雲林縣,2 技職
109,0033,國立虎尾科技大學,D 日,B 四技,7333,5625,1708,1437,434,1345,425,1296,408,1321,406,0,0,0,0,0,0,226,35,09 雲林縣,2 技職
109,0033,國立虎尾科技大學,N 修,B 四技,2065,1663,402,453,108,479,103,342,105,306,78,0,0,0,0,0,0,83,8,09 雲林縣,2 技職
109,0033,國立虎尾科技大學,D 日,C 二技,206,161,45,0,0,0,0,81,26,74,19,0,0,0,0,0,0,6,0,09 雲林縣,2 技職
109,0033,國立虎尾科技大學,N 修,C 二技,165,109,56,0,0,0,0,80,29,27,24,0,0,0,0,0,0,2,3,09 雲林縣,2 技職
109,0033,國立虎尾科技大學,D 日,2 二專,56,50,6,23,4,27,2,0,0,0,0,0,0,0,0,0,0,0,0,09 雲林縣,2 技職
109,0033,國立虎尾科技大學,D 日,5 五專,174,153,21,75,9,35,5,43,7,0,0,0,0,0,0,0,0,0,0,09 雲林縣,2 技職
109,0035,國立臺南藝術大學,D 日,D 博士,52,25,27,5,9,4,4,4,4,5,1,3,4,1,3,3,2,0,0,11 臺南市,1 一般
109,0035,國立臺南藝術大學,D 日,M 碩士,539,182,357,57,110,44,78,35,87,46,79,0,2,0,1,0,0,0,0,11 臺南市,1 一般
109,0035,國立臺南藝術大學,N 職,M 碩士,57,19,38,7,12,3,9,1,2,0,5,3,4,3,2,2,4,0,0,11 臺南市,1 一般
109,0035,國立臺南藝術大學,D 日,B 學士,781,252,529,53,138,56,122,58,127,57,122,0,0,0,0,0,0,28,20,11 臺南市,1 一般
109,0035,國立臺南藝術大學,D 日,5 七年,170,73,97,31,29,23,34,19,34,0,0,0,0,0,0,0,0,0,0,11 臺南市,1 一般
109,0036,國立臺南大學,D 日,D 博士,163,74,89,13,11,12,18,5,15,12,15,7,13,13,8,12,9,0,0,21 臺南市,1 一般
109,0036,國立臺南大學,D 日,M 碩士,915,401,514,151,180,132,138,65,122,50,70,3,3,0,1,0,0,0,0,21 臺南市,1 一般
109,0036,國立臺南大學,N 職,M 碩士,657,212,445,75,152,67,144,35,77,27,49,8,18,0,3,0,2,0,0,21 臺南市,1 一般
109,0036,國立臺南大學,D 日,B 學士,3885,1829,2056,457,506,427,494,435,508,426,495,0,0,0,0,0,0,84,53,21 臺南市,1 一般
109,0036,國立臺南大學,P 進,B 學士,153,87,66,33,25,31,9,19,20,1,8,0,0,0,0,0,0,3,4,21 臺南市,1 一般
109,0037,國立臺北教育大學,D 日,D 博士,153,64,89,7,15,10,12,7,14,12,14,8,10,9,8,11,16,0,0,30 臺北市,3 師範
109,0037,國立臺北教育大學,D 日,M 碩士,1362,427,935,125,289,119,249,75,196,91,159,8,27,6,14,3,1,0,0,30 臺北市,3 師範
109,0037,國立臺北教育大學,N 職,M 碩士,1021,250,771,90,272,85,246,36,122,18,75,1,19,19,36,1,1,0,0,30 臺北市,3 師範
109,0037,國立臺北教育大學,D 日,B 學士,3349,1119,2230,286,531,245,540,254,558,275,537,0,0,0,0,0,0,59,64,30 臺北市,3 師範
109,0039,國立臺中教育大學,D 日,D 博士,112,43,69,7,9,4,13,3,12,6,11,6,7,6,5,11,12,0,0,19 臺中市,3 師範
109,0039,國立臺中教育大學,D 日,M 碩士,831,279,552,97,189,88,170,48,115,46,78,0,0,0,0,0,0,0,0,19 臺中市,3 師範
109,0039,國立臺中教育大學,N 職,M 碩士,763,161,602,50,193,39,182,29,120,23,66,11,28,7,13,2,0,0,0,19 臺中市,3 師範
109,0039,國立臺中教育大學,D 日,B 學士,3196,1142,2054,269,498,285,501,260,507,283,499,0,0,0,0,0,0,45,49,19 臺中市,3 師範
109,0042,國立澎湖科技大學,D 日,M 碩士,74,38,36,18,19,16,14,4,1,0,2,0,0,0,0,0,0,0,0,16 澎湖縣,2 技職
109,0042,國立澎湖科技大學,N 職,M 碩士,39,24,15,15,4,8,11,0,0,1,0,0,0,0,0,0,0,0,0,16 澎湖縣,2 技職
109,0042,國立澎湖科技大學,D 日,B 四技,2599,1564,1035,410,261,381,259,340,253,355,240,0,0,0,0,0,0,78,22,16 澎湖縣,2 技職
109,0042,國立澎湖科技大學,N 修,B 四技,301,149,152,44,42,35,34,42,35,24,39,0,0,0,0,0,0,4,2,16 澎湖縣,2 技職
109,0042,國立澎湖科技大學,D 日,5 五專,34,31,3,10,0,11,2,10,1,0,0,0,0,0,0,0,0,0,0,16 澎湖縣,2 技職
109,0043,國立勤益科技大學,D 日,D 博士,34,30,4,12,0,10,2,1,0,1,1,1,0,1,1,4,0,0,0,06 臺中市,2 技職
109,0043,國立勤益科技大學,D 日,M 碩士,584,444,140,190,65,196,53,46,18,12,4,0,0,0,0,0,0,0,0,06 臺中市,2 技職
109,0043,國立勤益科技大學,N 職,M 碩士,284,225,59,86,27,103,23,18,4,11,3,4,0,3,2,0,0,0,0,06 臺中市,2 技職
109,0043,國立勤益科技大學,D 日,B 四技,6631,4546,2085,1169,510,1122,517,1080,519,1017,500,0,0,0,0,0,0,158,39,06 臺中市,2 技職
109,0043,國立勤益科技大學,N 修,B 四技,3605,3034,571,859,139,714,131,624,139,659,138,0,0,0,0,0,0,178,24,06 臺中市,2 技職
109,0043,國立勤益科技大學,D 日,C 二技,93,73,20,0,0,0,0,27,5,45,15,0,0,0,0,0,0,1,0,06 臺中市,2 技職
109,0043,國立勤益科技大學,N 修,C 二技,424,324,100,0,0,0,0,180,44,135,53,0,0,0,0,0,0,9,3,06 臺中市,2 技職
109,0043,國立勤益科技大學,N 修,2 二專,479,363,116,166,62,141,45,0,0,0,0,0,0,0,0,0,0,56,9,06 臺中市,2 技職
109,0044,國立體育大學,D 日,D 博士,158,112,46,14,10,23,7,16,4,16,9,11,7,22,5,10,4,0,0,03 桃園市,1 一般
109,0044,國立體育大學,D 日,M 碩士,341,190,151,70,60,58,50,44,21,18,20,0,0,0,0,0,0,0,0,03 桃園市,1 一般
109,0044,國立體育大學,N 職,M 碩士,223,140,83,35,40,41,21,37,14,10,1,13,4,4,3,0,0,0,0,03 桃園市,1 一般
109,0044,國立體育大學,D 日,B 學士,1772,1113,659,283,163,254,153,252,151,225,150,0,0,0,0,0,0,99,42,03 桃園市,1 一般
109,0044,國立體育大學,N 修,C 二年制,92,58,34,0,0,0,0,26,13,21,19,0,0,0,0,0,0,11,2,03 桃園市,1 一般
109,0046,國立臺北護理健康大學,D 日,D 博士,74,7,67,2,17,1,12,1,12,3,11,0,4,0,6,0,5,0,0,30 臺北市,2 技職
109,0046,國立臺北護理健康大學,D 日,M 碩士,574,98,476,38,150,28,145,16,113,16,68,0,0,0,0,0,0,0,0,30 臺北市,2 技職
109,0046,國立臺北護理健康大學,N 職,M 碩士,194,28,166,12,59,6,48,8,37,2,22,0,0,0,0,0,0,0,0,30 臺北市,2 技職
109,0046,國立臺北護理健康大學,D 日,B 四技,2837,736,2101,187,533,187,511,185,463,145,502,0,0,0,0,0,0,32,92,30 臺北市,2 技職
109,0046,國立臺北護理健康大學,D 日,C 二技,936,85,851,0,0,0,0,43,438,41,393,0,0,0,0,0,0,1,20,30 臺北市,2 技職
109,0046,國立臺北護理健康大學,N 修,C 二技,723,36,687,0,0,0,0,12,239,11,223,12,211,0,0,0,0,1,14,30 臺北市,2 技職
109,0047,國立高雄餐旅大學,D 日,D 博士,35,18,17,4,3,4,3,2,3,1,3,2,0,2,0,3,5,0,0,50 高雄市,2 技職
109,0047,國立高雄餐旅大學,D 日,M 碩士,168,57,111,26,43,20,45,6,18,5,5,0,0,0,0,0,0,0,0,50 高雄市,2 技職
109,0047,國立高雄餐旅大學,N 職,M 碩士,37,13,24,7,11,2,8,2,4,2,1,0,0,0,0,0,0,0,0,50 高雄市,2 技職
109,0047,國立高雄餐旅大學,D 日,B 四技,3055,947,2108,249,517,228,515,242,531,216,533,0,0,0,0,0,0,12,12,50 高雄市,2 技職
109,0047,國立高雄餐旅大學,N 修,B 四技,1077,344,733,78,140,78,146,87,193,94,244,0,0,0,0,0,0,7,10,50 高雄市,2 技職
109,0047,國立高雄餐旅大學,D 日,C 二技,85,18,67,0,0,0,0,10,36,8,31,0,0,0,0,0,0,0,0,50 高雄市,2 技職
109,0047,國立高雄餐旅大學,N 修,C 二技,222,54,168,0,0,0,0,24,92,30,75,0,0,0,0,0,0,0,1,50 高雄市,2 技職
109,0047,國立高雄餐旅大學,N 修,2 二專,1,0,1,0,0,0,0,0,0,0,0,0,0,0,0,0,0,0,1,50 高雄市,2 技職
109,0047,國立高雄餐旅大學,D 日,5 五專,249,101,148,17,34,22,29,23,27,17,29,21,29,0,0,0,0,1,0,50 高雄市,2 技職
109,0048,國立金門大學,D 日,M 碩士,209,128,81,43,42,57,24,17,7,11,8,0,0,0,0,0,0,0,0,71 金門縣,1 一般
109,0048,國立金門大學,N 職,M 碩士,103,72,31,24,20,22,10,20,1,6,0,0,0,0,0,0,0,0,0,71 金門縣,1 一般
109,0048,國立金門大學,D 日,B 學士,2977,1566,1411,405,327,393,348,324,352,361,323,20,21,0,0,0,0,63,40,71 金門縣,1 一般
109,0048,國立金門大學,P 進,B 學士,842,481,361,113,97,124,75,104,93,103,81,0,0,0,0,0,0,37,15,71 金門縣,1 一般
109,0049,國立臺灣體育運動大學,D 日,D 博士,7,3,4,3,4,0,0,0,0,0,0,0,0,0,0,0,0,0,0,19 臺中市,1 一般
109,0049,國立臺灣體育運動大學,D 日,M 碩士,261,134,127,47,39,41,35,30,34,14,15,1,2,1,1,0,1,0,0,19 臺中市,1 一般
109,0049,國立臺灣體育運動大學,N 職,M 碩士,112,72,40,26,14,18,19,17,3,7,3,3,1,1,0,0,0,0,0,19 臺中市,1 一般
109,0049,國立臺灣體育運動大學,D 日,B 學士,2362,1336,1026,346,265,315,228,288,252,282,225,0,0,0,0,0,0,105,56,19 臺中市,1 一般
109,0049,國立臺灣體育運動大學,P 進,B 學士,380,273,107,77,21,64,20,45,30,64,26,0,0,0,0,0,0,23,10,19 臺中市,1 一般
109,0050,國立臺中科技大學,D 日,M 碩士,417,178,239,73,108,68,87,25,29,12,15,0,0,0,0,0,0,0,0,19 臺中市,2 技職
109,0050,國立臺中科技大學,N 職,M 碩士,221,99,122,37,56,40,52,14,9,8,5,0,0,0,0,0,0,0,0,19 臺中市,2 技職
109,0050,國立臺中科技大學,D 日,B 四技,5355,1662,3693,438,917,405,870,382,899,360,913,0,0,0,0,0,0,77,94,19 臺中市,2 技職
109,0050,國立臺中科技大學,N 修,B 四技,2178,738,1440,203,332,168,316,158,366,141,351,0,0,0,0,0,0,68,75,19 臺中市,2 技職
109,0050,國立臺中科技大學,D 日,C 二技,1384,284,1100,0,0,0,0,136,544,134,506,0,0,0,0,0,0,14,50,19 臺中市,2 技職
109,0050,國立臺中科技大學,N 修,C 二技,1778,604,1174,0,0,0,0,330,594,235,505,0,0,0,0,0,0,39,75,19 臺中市,2 技職
109,0050,國立臺中科技大學,N 修,2 二專,1285,497,788,261,397,190,324,0,0,0,0,0,0,0,0,0,0,46,67,19 臺中市,2 技職
109,0050,國立臺中科技大學,D 日,5 五專,3473,891,2582,215,560,212,541,172,523,151,458,127,461,0,0,0,0,14,39,19 臺中市,2 技職
109,0051,國立臺北商業大學,D 日,D 博士,6,5,1,2,1,3,0,0,0,0,0,0,0,0,0,0,0,0,0,30 臺北市,2 技職
109,0051,國立臺北商業大學,D 日,M 碩士,281,116,165,72,90,34,63,9,11,1,1,0,0,0,0,0,0,0,0,30 臺北市,2 技職
109,0051,國立臺北商業大學,N 職,M 碩士,53,26,27,11,16,10,9,5,2,0,0,0,0,0,0,0,0,0,0,30 臺北市,2 技職
109,0051,國立臺北商業大學,D 日,B 四技,2472,773,1699,183,398,204,435,181,400,178,439,0,0,0,0,0,0,27,27,30 臺北市,2 技職
109,0051,國立臺北商業大學,N 修,B 四技,826,300,526,119,164,69,138,53,113,51,102,0,0,0,0,0,0,8,9,30 臺北市,2 技職
109,0051,國立臺北商業大學,D 日,C 二技,683,159,524,0,0,0,0,67,262,85,247,0,0,0,0,0,0,7,15,30 臺北市,2 技職
109,0051,國立臺北商業大學,N 修,C 二技,821,262,559,0,0,0,0,155,321,97,219,0,0,0,0,0,0,10,19,30 臺北市,2 技職
109,0051,國立臺北商業大學,N 修,2 二專,738,281,457,96,167,185,290,0,0,0,0,0,0,0,0,0,0,0,0,30 臺北市,2 技職
109,0051,國立臺北商業大學,D 日,5 五專,1752,473,1279,96,256,95,257,112,226,88,257,73,258,0,0,0,0,9,25,30 臺北市,2 技職
109,0052,國立屏東大學,D 日,D 博士,44,22,22,8,3,3,5,2,6,2,2,3,2,1,3,3,1,0,0,13 屏東縣,1 一般
109,0052,國立屏東大學,D 日,M 碩士,840,319,521,131,195,80,167,58,85,50,72,0,2,0,0,0,0,0,0,13 屏東縣,1 一般
109,0052,國立屏東大學,N 職,M 碩士,688,228,460,82,152,71,138,43,75,22,57,9,37,1,1,0,0,0,0,13 屏東縣,1 一般
109,0052,國立屏東大學,D 日,B 學士,6655,2748,3907,687,922,657,924,620,982,635,956,0,0,0,0,0,0,149,123,13 屏東縣,1 一般
109,0052,國立屏東大學,P 進,B 學士,800,364,436,109,138,75,121,87,77,74,75,0,0,0,0,0,0,19,25,13 屏東縣,1 一般
109,0053,國立高雄科技大學,D 日,D 博士,563,437,126,83,28,89,31,80,18,68,13,34,17,39,12,44,7,0,0,50 高雄市,2 技職
109,0053,國立高雄科技大學,D 日,M 碩士,2379,1646,733,776,324,633,292,167,60,69,57,0,0,1,0,0,0,0,0,50 高雄市,2 技職
109,0053,國立高雄科技大學,N 職,M 碩士,2010,1317,693,484,303,526,301,159,45,74,15,52,14,22,15,0,0,0,0,50 高雄市,2 技職
109,0053,國立高雄科技大學,D 日,B 四技,17294,10708,6586,2747,1645,2512,1637,2560,1530,2455,1605,0,0,0,0,0,0,434,169,50 高雄市,2 技職
109,0053,國立高雄科技大學,N 修,B 四技,3947,2683,1264,665,313,629,321,575,299,589,252,0,0,0,0,0,0,225,79,50 高雄市,2 技職
109,0053,國立高雄科技大學,D 日,C 二技,394,245,149,0,0,0,0,117,75,105,61,0,0,0,0,0,0,23,13,50 高雄市,2 技職
109,0053,國立高雄科技大學,N 修,C 二技,112,64,48,0,0,0,0,33,21,22,23,0,0,0,0,0,0,9,4,50 高雄市,2 技職
109,0053,國立高雄科技大學,D 日,5 五專,739,602,137,114,34,144,33,176,36,80,18,72,15,0,0,0,0,16,1,50 高雄市,2 技職
109,0144,國立臺灣戲曲學院,D 日,B 四技,546,184,362,56,87,39,90,45,84,35,90,0,0,0,0,0,0,9,11,30 臺北市,2 技職
109,0221,國立臺南護理專科學校,D 日,2 二專,115,9,106,6,54,3,50,0,0,0,0,0,0,0,0,0,0,0,2,21 臺南市,2 技職
109,0221,國立臺南護理專科學校,N 修,2 二專,1,1,0,0,0,1,0,0,0,0,0,0,0,0,0,0,0,0,0,21 臺南市,2 技職
109,0221,國立臺南護理專科學校,D 日,5 五專,1801,152,1649,37,337,33,323,30,323,28,325,19,326,0,0,0,0,5,15,21 臺南市,2 技職
109,0222,國立臺東專科學校,D 日,2 二專,595,435,160,234,85,192,72,0,0,0,0,0,0,0,0,0,0,9,3,14 臺東縣,2 技職
109,0222,國立臺東專科學校,N 修,2 二專,125,77,48,39,22,35,26,0,0,0,0,0,0,0,0,0,0,3,0,14 臺東縣,2 技職
109,0222,國立臺東專科學校,D 日,5 五專,321,143,178,23,21,33,22,18,31,27,49,31,48,0,0,0,0,11,7,14 臺東縣,2 技職
109,1001,東海大學,D 日,D 博士,250,145,105,20,9,22,23,27,17,26,15,14,10,19,14,17,17,0,0,19 臺中市,1 一般
109,1001,東海大學,D 日,M 碩士,1224,609,615,231,237,185,183,103,105,84,88,0,1,6,1,0,0,0,0,19 臺中市,1 一般
109,1001,東海大學,N 職,M 碩士,767,378,389,126,130,117,134,55,56,29,33,22,16,29,20,0,0,0,0,19 臺中市,1 一般
109,1001,東海大學,D 日,B 學士,13024,5714,7310,1455,1811,1282,1840,1361,1755,1297,1661,13,17,0,0,0,0,306,226,19 臺中市,1 一般
109,1001,東海大學,P 進,B 學士,445,228,217,37,40,33,28,55,49,50,51,31,40,0,0,0,0,22,9,19 臺中市,1 一般
109,1002,輔仁大學,D 日,D 博士,432,245,187,37,27,40,30,34,26,38,31,32,21,31,28,33,24,0,0,01 新北市,1 一般
109,1002,輔仁大學,D 日,M 碩士,1943,817,1126,275,396,280,386,146,189,113,150,2,1,1,4,0,0,0,0,01 新北市,1 一般
109,1002,輔仁大學,N 職,M 碩士,1433,549,884,190,337,186,280,72,127,51,67,25,37,24,36,1,0,0,0,01 新北市,1 一般
109,1002,輔仁大學,D 日,B 學士,17584,7279,10305,1649,2543,1766,2483,1683,2515,1659,2329,34,16,31,18,1,0,456,401,01 新北市,1 一般
109,1002,輔仁大學,P 進,B 學士,4205,1631,2574,414,617,377,615,355,612,312,523,0,0,0,0,0,0,173,207,01 新北市,1 一般
109,1002,輔仁大學,N 修,C 二技,54,2,52,0,0,0,0,0,20,1,32,0,0,0,0,0,0,1,0,01 新北市,2 技職
109,1003,東吳大學,D 日,D 博士,118,64,54,8,5,13,12,6,6,10,7,10,8,8,8,9,8,0,0,30 臺北市,1 一般
109,1003,東吳大學,D 日,M 碩士,1294,577,717,209,215,145,215,104,126,109,152,10,9,0,0,0,0,0,0,30 臺北市,1 一般
109,1003,東吳大學,N 職,M 碩士,1205,559,646,150,171,142,181,77,109,86,65,35,64,69,56,0,0,0,0,30 臺北市,1 一般
109,1003,東吳大學,D 日,B 學士,11760,4613,7147,1090,1712,1068,1679,1052,1627,1019,1660,96,164,0,0,0,0,288,305,30 臺北市,1 一般
109,1003,東吳大學,P 進,B 學士,997,359,638,82,144,85,143,75,130,63,117,39,79,0,0,0,0,15,25,30 臺北市,1 一般
109,1004,中原大學,D 日,D 博士,345,236,109,39,23,47,20,50,22,26,18,34,11,15,9,25,6,0,0,03 桃園市,1 一般
109,1004,中原大學,D 日,M 碩士,1605,910,695,403,279,346,239,106,89,53,80,2,7,0,1,0,0,0,0,03 桃園市,1 一般
109,1004,中原大學,N 職,M 碩士,895,532,363,185,156,153,121,56,30,61,27,44,13,33,16,0,0,0,0,03 桃園市,1 一般
109,1004,中原大學,D 日,B 學士,13560,7250,6310,1653,1534,1631,1519,1671,1477,1661,1383,61,95,0,0,0,0,573,302,03 桃園市,1 一般
109,1005,淡江大學,D 日,D 博士,394,260,134,45,19,41,23,40,30,44,16,40,21,36,12,14,13,0,0,01 新北市,1 一般
109,1005,淡江大學,D 日,M 碩士,1572,895,677,372,275,336,207,111,120,76,75,0,0,0,0,0,0,0,0,01 新北市,1 一般
109,1005,淡江大學,N 職,M 碩士,755,392,363,147,127,134,126,44,40,35,34,15,17,17,19,0,0,0,0,01 新北市,1 一般
109,1005,淡江大學,D 日,B 學士,20239,10446,9793,2609,2283,2506,2388,2396,2392,2221,2341,33,22,0,0,0,0,681,367,01 新北市,1 一般
109,1005,淡江大學,P 進,B 學士,1249,702,547,177,116,147,121,159,136,112,99,0,0,0,0,0,0,107,75,01 新北市,1 一般
109,1006,中國文化大學,D 日,D 博士,511,329,182,35,23,40,21,38,18,36,26,45,20,41,27,94,47,0,0,30 臺北市,1 一般
109,1006,中國文化大學,D 日,M 碩士,1588,839,749,222,217,169,179,146,132,122,111,106,60,74,50,0,0,0,0,30 臺北市,1 一般
109,1006,中國文化大學,N 職,M 碩士,634,257,377,57,101,56,90,46,63,36,44,37,45,25,34,0,0,0,0,30 臺北市,1 一般
109,1006,中國文化大學,D 日,B 學士,20402,10041,10361,2397,2416,2201,2352,2103,2352,2031,2218,23,22,0,0,0,0,1286,1001,30 臺北市,1 一般
109,1006,中國文化大學,P 進,B 學士,1491,645,846,151,212,168,217,129,196,90,128,0,0,0,0,0,0,107,93,30 臺北市,1 一般
109,1006,中國文化大學,N 修,C 二技,162,64,98,0,0,0,0,26,27,31,62,3,7,0,0,0,0,4,2,30 臺北市,2 技職
109,1007,逢甲大學,D 日,D 博士,425,308,117,58,26,46,14,48,20,51,18,44,18,27,11,34,10,0,0,19 臺中市,1 一般
109,1007,逢甲大學,D 日,M 碩士,1494,1030,464,462,230,386,152,109,52,69,30,2,0,2,0,0,0,0,0,19 臺中市,1 一般
109,1007,逢甲大學,N 職,M 碩士,1056,650,406,233,200,222,126,68,20,52,24,42,28,33,8,0,0,0,0,19 臺中市,1 一般
109,1007,逢甲大學,D 日,B 學士,17208,10206,7002,2324,1771,2472,1794,2411,1687,2433,1561,42,46,0,0,0,0,524,143,19 臺中市,1 一般
109,1007,逢甲大學,P 進,B 學士,876,523,353,120,92,120,69,112,86,102,76,0,0,0,0,0,0,69,30,19 臺中市,1 一般
109,1008,靜宜大學,D 日,D 博士,47,21,26,2,6,3,7,3,7,3,3,6,2,1,0,3,1,0,0,06 臺中市,1 一般
109,1008,靜宜大學,D 日,M 碩士,597,215,382,84,168,74,118,32,62,21,31,2,3,1,0,1,0,0,0,06 臺中市,1 一般
109,1008,靜宜大學,N 職,M 碩士,324,157,167,65,52,41,42,12,30,14,21,10,11,14,10,1,1,0,0,06 臺中市,1 一般
109,1008,靜宜大學,D 日,B 學士,11050,4192,6858,1035,1662,909,1655,963,1605,924,1604,0,0,0,0,0,0,361,332,06 臺中市,1 一般
109,1009,長庚大學,D 日,D 博士,443,308,135,40,22,48,16,39,24,40,19,44,15,30,16,67,23,0,0,03 桃園市,1 一般
109,1009,長庚大學,D 日,M 碩士,1088,539,549,205,206,220,184,76,92,34,48,2,13,2,6,0,0,0,0,03 桃園市,1 一般
109,1009,長庚大學,N 職,M 碩士,181,88,93,37,41,31,36,7,4,7,3,2,2,4,7,0,0,0,0,03 桃園市,1 一般
109,1009,長庚大學,D 日,B 學士,5099,2532,2567,605,593,534,590,561,617,533,556,82,76,88,51,33,17,96,67,03 桃園市,1 一般
109,1010,元智大學,D 日,D 博士,267,197,70,36,11,36,15,36,11,33,13,14,7,22,7,20,6,0,0,03 桃園市,1 一般
109,1010,元智大學,D 日,M 碩士,794,521,273,206,121,197,96,80,32,38,24,0,0,0,0,0,0,0,0,03 桃園市,1 一般
109,1010,元智大學,N 職,M 碩士,586,376,210,118,80,116,62,51,30,29,16,35,14,27,8,0,0,0,0,03 桃園市,1 一般
109,1010,元智大學,D 日,B 學士,7092,4020,3072,1009,759,927,750,922,716,875,701,0,0,0,0,0,0,287,146,03 桃園市,1 一般
109,1011,中華大學,D 日,D 博士,72,53,19,12,6,11,4,11,5,6,1,2,1,4,1,7,1,0,0,18 新竹市,1 一般
109,1011,中華大學,D 日,M 碩士,309,178,131,63,68,64,47,31,9,20,6,0,1,0,0,0,0,0,0,18 新竹市,1 一般
109,1011,中華大學,N 職,M 碩士,153,95,58,40,41,33,13,12,2,10,2,0,0,0,0,0,0,0,0,18 新竹市,1 一般
109,1011,中華大學,D 日,B 學士,4048,2623,1425,642,340,632,326,664,386,442,287,17,12,0,0,0,0,226,74,18 新竹市,1 一般
109,1011,中華大學,P 進,B 學士,173,117,56,54,36,16,7,21,6,10,4,0,0,0,0,0,0,16,3,18 新竹市,1 一般
109,1011,中華大學,N 修,C 二技,193,130,63,0,0,0,0,27,18,101,44,0,0,0,0,0,0,2,1,18 新竹市,2 技職
109,1012,大葉大學,D 日,D 博士,121,85,36,16,6,14,8,15,5,16,4,13,6,6,2,5,5,0,0,07 彰化縣,1 一般
109,1012,大葉大學,D 日,M 碩士,467,248,219,103,117,82,58,40,28,23,16,0,0,0,0,0,0,0,0,07 彰化縣,1 一般
109,1012,大葉大學,N 職,M 碩士,331,135,196,79,140,33,29,11,15,4,5,7,3,1,4,0,0,0,0,07 彰化縣,1 一般
109,1012,大葉大學,D 日,B 學士,6238,3383,2855,788,631,754,691,809,768,816,683,0,0,0,0,0,0,216,82,07 彰化縣,1 一般
109,1012,大葉大學,P 進,B 學士,532,310,222,80,37,48,34,67,59,85,82,0,0,0,0,0,0,30,10,07 彰化縣,1 一般
109,1012,大葉大學,N 修,C 二技,81,2,79,0,0,0,0,0,12,1,30,0,0,0,0,0,0,1,37,07 彰化縣,2 技職
109,1013,華梵大學,D 日,D 博士,61,33,28,5,5,4,5,6,4,6,3,5,4,4,5,3,2,0,0,01 新北市,1 一般
109,1013,華梵大學,D 日,M 碩士,186,97,89,34,26,21,25,20,11,22,27,0,0,0,0,0,0,0,0,01 新北市,1 一般
109,1013,華梵大學,N 職,M 碩士,172,74,98,32,60,31,22,4,6,2,3,0,0,5,7,0,0,0,0,01 新北市,1 一般
109,1013,華梵大學,D 日,B 學士,746,396,350,87,94,55,41,106,107,91,84,0,0,0,0,0,0,57,24,01 新北市,1 一般
109,1014,義守大學,D 日,D 博士,156,109,47,17,7,16,12,19,8,19,9,18,5,9,4,11,2,0,0,12 高雄市,1 一般
109,1014,義守大學,D 日,M 碩士,359,199,160,75,48,77,60,31,33,16,19,0,0,0,0,0,0,0,0,12 高雄市,1 一般
109,1014,義守大學,N 職,M 碩士,360,241,119,101,64,69,38,27,5,33,8,5,1,6,3,0,0,0,0,12 高雄市,1 一般
109,1014,義守大學,D 日,B 學士,12112,6089,6023,1511,1491,1560,1481,1310,1433,1286,1375,25,25,0,0,0,0,397,218,12 高雄市,1 一般
109,1014,義守大學,P 進,B 學士,1210,873,337,178,67,128,68,189,59,294,115,0,0,0,0,0,0,84,28,12 高雄市,1 一般
109,1014,義守大學,N 修,C 二技,154,28,126,0,0,0,0,11,58,17,60,0,0,0,0,0,0,0,8,12 高雄市,2 技職
109,1015,世新大學,D 日,D 博士,99,49,50,9,9,7,13,11,10,7,3,2,3,6,5,7,7,0,0,30 臺北市,1 一般
109,1015,世新大學,D 日,M 碩士,566,268,298,110,113,80,106,41,46,37,33,0,0,0,0,0,0,0,0,30 臺北市,1 一般
109,1015,世新大學,N 職,M 碩士,655,355,300,90,97,100,82,50,42,31,32,46,29,37,18,1,0,0,0,30 臺北市,1 一般
109,1015,世新大學,D 日,B 學士,9431,3325,6106,829,1474,813,1447,788,1516,748,1514,0,0,0,0,0,0,147,155,30 臺北市,1 一般
109,1015,世新大學,P 進,B 學士,472,178,294,38,63,33,75,59,86,41,51,0,0,0,0,0,0,7,19,30 臺北市,1 一般
109,1016,銘傳大學,D 日,D 博士,77,38,39,6,5,8,8,2,8,4,5,7,4,4,4,7,5,0,0,30 臺北市,1 一般
109,1016,銘傳大學,D 日,M 碩士,713,304,409,132,174,83,132,49,56,40,47,0,0,0,0,0,0,0,0,30 臺北市,1 一般
109,1016,銘傳大學,N 職,M 碩士,772,355,417,117,159,109,140,47,54,33,43,28,14,21,7,0,0,0,0,30 臺北市,1 一般
109,1016,銘傳大學,D 日,B 學士,17052,6598,10454,1578,2637,1558,2496,1569,2429,1421,2472,19,36,0,0,0,0,453,384,30 臺北市,1 一般
109,1017,實踐大學,D 日,D 博士,30,12,18,1,2,1,7,3,1,4,5,0,3,3,0,0,0,0,0,30 臺北市,1 一般
109,1017,實踐大學,D 日,M 碩士,401,168,233,47,81,52,58,39,53,30,40,0,1,0,0,0,0,0,0,30 臺北市,1 一般
109,1017,實踐大學,N 職,M 碩士,119,40,79,16,29,11,18,9,24,4,7,0,1,0,0,0,0,0,0,30 臺北市,1 一般
109,1017,實踐大學,D 日,B 學士,10683,3442,7241,894,1818,791,1786,725,1707,728,1550,17,23,0,0,0,0,287,357,30 臺北市,1 一般
109,1017,實踐大學,P 進,B 學士,1860,618,1242,161,285,138,306,148,277,116,267,0,0,0,0,0,0,55,107,30 臺北市,1 一般
109,1017,實踐大學,N 修,C 二技,123,31,92,0,0,0,0,14,39,15,41,0,0,0,0,0,0,2,12,30 臺北市,2 技職
109,1018,朝陽科技大學,D 日,D 博士,107,73,34,11,7,20,11,12,8,10,3,7,2,9,1,4,2,0,0,06 臺中市,2 技職
109,1018,朝陽科技大學,D 日,M 碩士,629,333,296,119,117,121,92,92,87,1,0,0,0,0,0,0,0,0,0,06 臺中市,2 技職
109,1018,朝陽科技大學,N 職,M 碩士,366,170,196,56,73,39,36,74,86,1,0,0,1,0,0,0,0,0,0,06 臺中市,2 技職
109,1018,朝陽科技大學,D 日,B 四技,11412,4867,6545,1165,1610,1174,1597,1179,1651,1092,1504,0,0,0,0,0,0,257,183,06 臺中市,2 技職
109,1018,朝陽科技大學,N 修,B 四技,2457,1286,1171,272,236,283,284,335,293,293,281,0,0,0,0,0,0,103,77,06 臺中市,2 技職
109,1018,朝陽科技大學,D 日,C 二技,79,23,56,0,0,0,0,6,25,16,31,0,0,0,0,0,0,1,0,06 臺中市,2 技職
109,1019,高雄醫學大學,D 日,D 博士,330,166,164,30,33,33,33,23,31,26,27,20,25,19,8,15,7,0,0,50 高雄市,1 一般
109,1019,高雄醫學大學,D 日,M 碩士,712,201,511,90,210,80,174,25,82,6,41,0,4,0,0,0,0,0,0,50 高雄市,1 一般
109,1019,高雄醫學大學,N 職,M 碩士,215,90,125,37,43,30,49,11,17,6,12,6,4,0,0,0,0,0,0,50 高雄市,1 一般
109,1019,高雄醫學大學,D 日,B 學士,5221,2190,3031,464,748,471,664,445,699,466,658,143,94,146,105,1,0,54,63,50 高雄市,1 一般
109,1019,高雄醫學大學,N 修,C 二技,12,0,12,0,0,0,0,0,0,0,0,0,12,0,0,0,0,0,0,50 高雄市,2 技職
109,1020,南華大學,D 日,D 博士,57,36,21,12,7,6,4,7,4,5,4,4,1,1,1,1,0,0,0,10 嘉義縣,1 一般
109,1020,南華大學,D 日,M 碩士,601,246,355,120,165,62,97,39,57,23,34,2,2,0,0,0,0,0,0,10 嘉義縣,1 一般
109,1020,南華大學,N 職,M 碩士,398,141,257,63,109,36,72,15,44,16,16,11,16,0,0,0,0,0,0,10 嘉義縣,1 一般
109,1020,南華大學,D 日,B 學士,4324,2018,2306,502,619,502,608,497,553,391,471,0,0,0,0,0,0,126,55,10 嘉義縣,1 一般
109,1020,南華大學,P 進,B 學士,321,207,114,60,35,52,20,36,20,41,30,0,0,0,0,0,0,18,9,10 嘉義縣,1 一般
109,1021,真理大學,D 日,M 碩士,118,73,45,25,20,27,13,13,4,8,7,0,0,0,1,0,0,0,0,01 新北市,1 一般
109,1021,真理大學,N 職,M 碩士,21,12,9,3,5,3,2,5,1,1,0,0,1,0,0,0,0,0,0,01 新北市,1 一般
109,1021,真理大學,D 日,B 學士,5072,2510,2562,735,684,603,636,515,683,469,444,0,0,0,0,0,0,188,115,01 新北市,1 一般
109,1021,真理大學,P 進,B 學士,44,33,11,0,0,0,0,5,1,19,7,0,0,0,0,0,0,9,3,01 新北市,1 一般
109,1022,大同大學,D 日,D 博士,110,67,43,11,5,16,8,8,12,10,2,6,5,5,4,11,7,0,0,30 臺北市,1 一般
109,1022,大同大學,D 日,M 碩士,228,164,64,47,39,75,15,29,8,13,2,0,0,0,0,0,0,0,0,30 臺北市,1 一般
109,1022,大同大學,N 職,M 碩士,129,99,30,14,5,34,7,23,8,15,6,13,4,0,0,0,0,0,0,30 臺北市,1 一般
109,1022,大同大學,D 日,B 學士,3545,2164,1381,576,317,534,333,480,341,453,350,0,0,0,0,0,0,121,40,30 臺北市,1 一般
109,1023,南臺科技大學,D 日,D 博士,97,71,26,11,5,10,5,16,7,15,5,4,1,2,2,13,1,0,0,11 臺南市,2 技職
109,1023,南臺科技大學,D 日,M 碩士,793,443,350,145,127,168,111,76,64,32,21,9,16,13,11,0,0,0,0,11 臺南市,2 技職
109,1023,南臺科技大學,N 職,M 碩士,352,178,174,69,72,53,58,15,23,18,10,12,4,11,7,0,0,0,0,11 臺南市,2 技職
109,1023,南臺科技大學,D 日,B 四技,12519,7175,5344,1722,1213,1786,1321,1633,1331,1666,1308,0,0,0,0,0,0,368,171,11 臺南市,2 技職
109,1023,南臺科技大學,N 修,B 四技,3748,2368,1380,487,259,547,333,567,342,534,328,0,0,0,0,0,0,233,118,11 臺南市,2 技職
109,1023,南臺科技大學,D 日,C 二技,121,36,85,0,0,0,0,9,55,7,29,0,0,0,0,0,0,20,1,11 臺南市,2 技職
109,1023,南臺科技大學,N 修,C 二技,144,54,90,0,0,0,0,34,55,12,28,0,0,0,0,0,0,8,7,11 臺南市,2 技職
109,1023,南臺科技大學,D 日,5 五專,250,222,28,76,13,65,7,68,5,0,0,11,2,0,0,0,0,2,1,11 臺南市,2 技職
109,1024,崑山科技大學,D 日,D 博士,36,29,7,7,0,5,3,7,1,4,3,2,0,2,0,2,0,0,0,11 臺南市,2 技職
109,1024,崑山科技大學,D 日,M 碩士,305,187,118,75,48,91,55,12,11,9,4,0,0,0,0,0,0,0,0,11 臺南市,2 技職
109,1024,崑山科技大學,N 職,M 碩士,156,109,47,45,23,52,21,4,3,8,0,0,0,0,0,0,0,0,0,11 臺南市,2 技職
109,1024,崑山科技大學,D 日,B 四技,7050,4257,2793,878,597,1121,725,1031,722,934,643,0,0,0,0,0,0,293,106,11 臺南市,2 技職
109,1024,崑山科技大學,N 修,B 四技,2681,1767,914,431,222,370,180,410,186,416,264,0,0,0,0,0,0,140,62,11 臺南市,2 技職
109,1024,崑山科技大學,D 日,C 二技,15,11,4,0,0,0,0,0,0,11,4,0,0,0,0,0,0,0,0,11 臺南市,2 技職
109,1024,崑山科技大學,N 修,C 二技,259,135,124,0,0,0,0,83,70,50,54,0,0,0,0,0,0,2,0,11 臺南市,2 技職
109,1024,崑山科技大學,N 修,2 二專,35,17,18,8,6,8,12,0,0,0,0,0,0,0,0,0,0,1,0,11 臺南市,2 技職
109,1025,嘉南藥理大學,D 日,M 碩士,188,87,101,43,51,29,38,11,10,4,2,0,0,0,0,0,0,0,0,11 臺南市,2 技職
109,1025,嘉南藥理大學,N 職,M 碩士,194,80,114,43,55,25,51,10,5,0,1,2,1,0,1,0,0,0,0,11 臺南市,2 技職
109,1025,嘉南藥理大學,D 日,B 四技,9425,3999,5426,805,1122,1037,1447,918,1393,1047,1351,0,0,0,0,0,0,192,113,11 臺南市,2 技職
109,1025,嘉南藥理大學,N 修,B 四技,1918,946,972,316,260,172,185,202,234,194,239,0,0,0,0,0,0,62,54,11 臺南市,2 技職
109,1025,嘉南藥理大學,D 日,C 二技,87,12,75,0,0,0,0,5,42,7,33,0,0,0,0,0,0,0,0,11 臺南市,2 技職
109,1025,嘉南藥理大學,N 修,C 二技,419,66,353,0,0,0,0,34,217,29,134,0,0,0,0,0,0,3,2,11 臺南市,2 技職
109,1025,嘉南藥理大學,D 日,5 五專,3,2,1,0,0,0,0,0,0,0,0,2,1,0,0,0,0,0,0,11 臺南市,2 技職
109,1026,樹德科技大學,D 日,D 博士,34,16,18,2,3,2,2,3,0,0,2,9,11,0,0,0,0,0,0,12 高雄市,2 技職
109,1026,樹德科技大學,D 日,M 碩士,249,112,137,43,64,36,35,16,15,17,23,0,0,0,0,0,0,0,0,12 高雄市,2 技職
109,1026,樹德科技大學,N 職,M 碩士,424,194,230,64,93,69,67,27,25,34,45,0,0,0,0,0,0,0,0,12 高雄市,2 技職
109,1026,樹德科技大學,D 日,B 四技,7430,3139,4291,666,925,806,1092,816,1143,631,971,0,0,0,0,0,0,220,160,12 高雄市,2 技職
109,1026,樹德科技大學,N 修,B 四技,1344,789,555,252,185,178,114,172,117,144,109,0,0,0,0,0,0,43,30,12 高雄市,2 技職
109,1026,樹德科技大學,D 日,C 二技,8,3,5,0,0,0,0,0,1,3,4,0,0,0,0,0,0,0,0,12 高雄市,2 技職
109,1026,樹德科技大學,N 修,C 二技,557,224,333,0,0,0,0,120,166,96,159,0,0,0,0,0,0,8,8,12 高雄市,2 技職
109,1026,樹德科技大學,N 修,2 二專,450,201,249,106,123,77,108,0,0,0,0,0,0,0,0,0,0,18,18,12 高雄市,2 技職
109,1027,慈濟大學,D 日,D 博士,114,62,52,12,8,10,12,6,4,8,5,12,7,7,9,7,7,0,0,15 花蓮縣,1 一般
109,1027,慈濟大學,D 日,M 碩士,344,105,239,41,86,32,76,18,45,14,32,0,0,0,0,0,0,0,0,15 花蓮縣,1 一般
109,1027,慈濟大學,N 職,M 碩士,29,6,23,1,5,3,5,0,5,1,4,1,4,0,0,0,0,0,0,15 花蓮縣,1 一般
109,1027,慈濟大學,D 日,B 學士,2896,1111,1785,255,458,265,416,250,393,211,398,51,49,32,15,0,0,47,56,15 花蓮縣,1 一般
109,1028,臺北醫學大學,D 日,D 博士,563,311,252,72,55,64,50,66,51,37,33,40,27,19,21,13,15,0,0,30 臺北市,1 一般
109,1028,臺北醫學大學,D 日,M 碩士,644,222,422,97,213,91,154,25,35,9,20,0,0,0,0,0,0,0,0,30 臺北市,1 一般
109,1028,臺北醫學大學,N 職,M 碩士,307,79,228,25,80,34,72,8,43,12,33,0,0,0,0,0,0,0,0,30 臺北市,1 一般
109,1028,臺北醫學大學,D 日,B 學士,4477,1849,2628,353,641,387,574,356,584,372,515,163,118,166,125,0,0,52,71,30 臺北市,1 一般
109,1028,臺北醫學大學,D 日,X 4+X,2,1,1,0,0,0,0,0,0,0,0,0,0,0,0,0,0,1,1,30 臺北市,1 一般
109,1029,中山醫學大學,D 日,D 博士,180,108,72,19,15,23,14,18,15,12,11,16,11,8,4,12,2,0,0,19 臺中市,1 一般
109,1029,中山醫學大學,D 日,M 碩士,514,179,335,74,145,79,118,19,38,7,34,0,0,0,0,0,0,0,0,19 臺中市,1 一般
109,1029,中山醫學大學,N 職,M 碩士,162,36,126,13,50,16,46,7,16,0,7,0,7,0,0,0,0,0,0,19 臺中市,1 一般
109,1029,中山醫學大學,D 日,B 學士,5853,2071,3782,449,905,451,898,437,870,421,857,123,84,118,87,0,1,72,80,19 臺中市,1 一般
109,1029,中山醫學大學,N 修,C 二技,124,39,85,0,0,0,0,15,26,11,29,10,26,0,0,0,0,3,4,19 臺中市,2 技職
109,1030,龍華科技大學,D 日,M 碩士,290,206,84,94,46,64,24,32,9,16,5,0,0,0,0,0,0,0,0,03 桃園市,2 技職
109,1030,龍華科技大學,N 職,M 碩士,112,84,28,35,15,33,9,11,1,5,3,0,0,0,0,0,0,0,0,03 桃園市,2 技職
109,1030,龍華科技大學,D 日,B 四技,6938,4575,2363,1252,579,1000,539,1045,598,1025,511,0,0,0,0,0,0,253,136,03 桃園市,2 技職
109,1030,龍華科技大學,N 修,B 四技,3674,2820,854,790,209,649,201,626,189,553,204,0,0,0,0,0,0,202,51,03 桃園市,2 技職
109,1030,龍華科技大學,D 日,C 二技,37,22,15,0,0,0,0,1,2,21,13,0,0,0,0,0,0,0,0,03 桃園市,2 技職
109,1030,龍華科技大學,D 日,5 五專,555,486,69,167,19,145,18,123,16,19,4,29,12,0,0,0,0,3,0,03 桃園市,2 技職
109,1031,輔英科技大學,D 日,M 碩士,159,43,116,18,47,16,33,5,23,4,12,0,1,0,0,0,0,0,0,12 高雄市,2 技職
109,1031,輔英科技大學,N 職,M 碩士,103,6,97,1,24,0,22,5,35,0,10,0,6,0,0,0,0,0,0,12 高雄市,2 技職
109,1031,輔英科技大學,D 日,B 四技,3626,1449,2177,347,489,380,601,322,550,283,457,0,0,0,0,0,0,117,80,12 高雄市,2 技職
109,1031,輔英科技大學,N 修,B 四技,627,439,188,136,117,96,16,98,24,82,23,0,0,0,0,0,0,27,8,12 高雄市,2 技職
109,1031,輔英科技大學,D 日,C 二技,1533,166,1367,0,0,0,0,89,682,73,663,0,0,0,0,0,0,4,22,12 高雄市,2 技職
109,1031,輔英科技大學,N 修,C 二技,992,210,782,0,0,0,0,104,372,70,290,19,20,0,0,0,0,17,100,12 高雄市,2 技職
109,1031,輔英科技大學,D 日,5 五專,2751,299,2452,54,546,70,482,74,480,54,465,38,436,0,0,0,0,9,43,12 高雄市,2 技職
109,1032,明新科技大學,D 日,M 碩士,223,146,77,45,34,56,23,27,15,18,5,0,0,0,0,0,0,0,0,04 新竹縣,2 技職
109,1032,明新科技大學,N 職,M 碩士,286,208,78,80,36,56,24,37,13,20,3,7,1,8,1,0,0,0,0,04 新竹縣,2 技職
109,1032,明新科技大學,D 日,B 四技,7433,4536,2897,787,522,1046,710,1311,877,1082,670,0,0,0,0,0,0,310,118,04 新竹縣,2 技職
109,1032,明新科技大學,N 修,B 四技,2979,1903,1076,454,242,416,248,444,268,392,243,0,0,0,0,0,0,197,75,04 新竹縣,2 技職
109,1032,明新科技大學,D 日,C 二技,21,10,11,0,0,0,0,0,0,10,11,0,0,0,0,0,0,0,0,04 新竹縣,2 技職
109,1032,明新科技大學,N 修,C 二技,693,327,366,0,0,0,0,190,189,132,177,0,0,0,0,0,0,5,0,04 新竹縣,2 技職
109,1032,明新科技大學,D 日,2 二專,37,35,2,13,0,22,2,0,0,0,0,0,0,0,0,0,0,0,0,04 新竹縣,2 技職
109,1032,明新科技大學,N 修,2 二專,214,149,65,89,42,58,21,0,0,0,0,0,0,0,0,0,0,2,2,04 新竹縣,2 技職
109,1033,長榮大學,D 日,D 博士,46,33,13,9,5,7,2,4,3,7,1,4,0,1,1,1,1,0,0,11 臺南市,1 一般
109,1033,長榮大學,D 日,M 碩士,308,111,197,39,70,27,41,25,42,19,30,1,14,0,0,0,0,0,0,11 臺南市,1 一般
109,1033,長榮大學,N 職,M 碩士,122,78,44,42,19,27,11,6,7,2,6,1,1,0,0,0,0,0,0,11 臺南市,1 一般
109,1033,長榮大學,D 日,B 學士,7387,3233,4154,873,970,780,1061,732,1151,689,886,0,0,0,0,0,0,159,86,11 臺南市,1 一般
109,1033,長榮大學,P 進,B 學士,385,256,129,75,51,68,26,47,22,56,25,0,0,0,0,0,0,10,5,11 臺南市,1 一般
109,1034,弘光科技大學,D 日,D 博士,14,2,12,1,2,0,3,0,3,1,2,0,2,0,0,0,0,0,0,06 臺中市,2 技職
109,1034,弘光科技大學,D 日,M 碩士,186,57,129,26,52,17,44,8,20,6,13,0,0,0,0,0,0,0,0,06 臺中市,2 技職
109,1034,弘光科技大學,N 職,M 碩士,92,20,72,11,23,6,20,0,14,0,11,3,2,0,2,0,0,0,0,06 臺中市,2 技職
109,1034,弘光科技大學,D 日,B 四技,7221,2640,4581,631,1111,641,1153,625,1132,589,1039,0,0,0,0,0,0,154,146,06 臺中市,2 技職
109,1034,弘光科技大學,N 修,B 四技,3312,1536,1776,421,466,368,417,310,415,312,373,3,18,0,0,0,0,122,87,06 臺中市,2 技職
109,1034,弘光科技大學,D 日,C 二技,699,38,661,0,0,0,0,21,337,17,323,0,0,0,0,0,0,0,1,06 臺中市,2 技職
109,1034,弘光科技大學,N 修,C 二技,786,60,726,0,0,0,0,30,286,16,239,13,191,0,0,0,0,1,10,06 臺中市,2 技職
109,1034,弘光科技大學,N 修,2 二專,130,16,114,5,58,10,52,0,0,0,0,0,0,0,0,0,0,1,4,06 臺中市,2 技職
109,1034,弘光科技大學,D 日,5 五專,260,29,231,5,47,9,43,9,43,3,47,3,45,0,0,0,0,0,6,06 臺中市,2 技職
109,1035,中國醫藥大學,D 日,D 博士,385,220,165,58,32,36,30,43,28,34,25,24,28,15,12,10,10,0,0,19 臺中市,1 一般
109,1035,中國醫藥大學,D 日,M 碩士,482,175,307,80,149,65,122,20,28,10,7,0,1,0,0,0,0,0,0,19 臺中市,1 一般
109,1035,中國醫藥大學,N 職,M 碩士,94,28,66,8,30,14,27,2,5,4,3,0,1,0,0,0,0,0,0,19 臺中市,1 一般
109,1035,中國醫藥大學,D 日,B 學士,6241,2662,3579,511,798,492,766,519,729,490,711,346,313,183,124,63,64,58,74,19 臺中市,1 一般
109,1035,中國醫藥大學,N 修,C 二技,1,0,1,0,0,0,0,0,0,0,0,0,0,0,0,0,0,0,1,19 臺中市,2 技職
109,1036,健行科技大學,D 日,M 碩士,283,182,101,87,59,61,24,24,10,9,8,0,0,1,0,0,0,0,0,03 桃園市,2 技職
109,1036,健行科技大學,N 職,M 碩士,46,28,18,10,10,10,5,4,2,1,0,3,1,0,0,0,0,0,0,03 桃園市,2 技職
109,1036,健行科技大學,D 日,B 四技,6627,4474,2153,940,455,1153,517,1241,596,893,489,0,0,0,0,0,0,247,96,03 桃園市,2 技職
109,1036,健行科技大學,N 修,B 四技,4021,2567,1454,701,398,564,390,581,317,587,304,0,0,0,0,0,0,134,45,03 桃園市,2 技職
109,1036,健行科技大學,D 日,C 二技,43,28,15,0,0,0,0,11,6,5,5,12,4,0,0,0,0,0,0,03 桃園市,2 技職
109,1036,健行科技大學,N 修,C 二技,258,121,137,0,0,0,0,78,106,41,30,0,0,0,0,0,0,2,1,03 桃園市,2 技職
109,1036,健行科技大學,D 日,5 五專,1,1,0,0,0,0,0,0,0,0,0,0,0,0,0,0,0,1,0,03 桃園市,2 技職
109,1037,正修科技大學,D 日,D 博士,13,13,0,3,0,3,0,3,0,1,0,1,0,2,0,0,0,0,0,12 高雄市,2 技職
109,1037,正修科技大學,D 日,M 碩士,362,203,159,86,57,76,75,30,18,11,9,0,0,0,0,0,0,0,0,12 高雄市,2 技職
109,1037,正修科技大學,N 職,M 碩士,185,127,58,48,25,65,29,10,3,4,1,0,0,0,0,0,0,0,0,12 高雄市,2 技職
109,1037,正修科技大學,D 日,B 四技,8421,5152,3269,1277,758,1329,818,1301,834,1048,780,0,0,0,0,0,0,197,79,12 高雄市,2 技職
109,1037,正修科技大學,N 修,B 四技,5069,3375,1694,925,405,847,397,749,439,622,377,0,0,0,0,0,0,232,76,12 高雄市,2 技職
109,1037,正修科技大學,D 日,C 二技,76,46,30,0,0,0,0,0,0,46,30,0,0,0,0,0,0,0,0,12 高雄市,2 技職
109,1037,正修科技大學,N 修,C 二技,2024,1046,978,0,0,0,0,555,526,485,443,0,0,0,0,0,0,6,9,12 高雄市,2 技職
109,1037,正修科技大學,N 修,2 二專,1123,654,469,367,245,265,212,0,0,0,0,0,0,0,0,0,0,22,12,12 高雄市,2 技職
109,1037,正修科技大學,D 日,5 五專,200,156,44,53,17,57,10,46,17,0,0,0,0,0,0,0,0,0,0,12 高雄市,2 技職
109,1038,萬能科技大學,D 日,M 碩士,152,73,79,26,26,24,26,18,14,5,13,0,0,0,0,0,0,0,0,03 桃園市,2 技職
109,1038,萬能科技大學,N 職,M 碩士,106,60,46,39,29,16,15,2,1,0,0,3,1,0,0,0,0,0,0,03 桃園市,2 技職
109,1038,萬能科技大學,D 日,B 四技,6098,3321,2777,766,677,827,731,831,665,695,596,0,0,0,0,0,0,202,108,03 桃園市,2 技職
109,1038,萬能科技大學,N 修,B 四技,2635,1512,1123,428,303,311,220,416,328,301,242,0,0,0,0,0,0,56,30,03 桃園市,2 技職
109,1038,萬能科技大學,N 修,C 二技,638,330,308,0,0,0,0,101,104,229,204,0,0,0,0,0,0,0,0,03 桃園市,2 技職
109,1038,萬能科技大學,N 修,2 二專,62,7,55,1,38,3,17,0,0,0,0,0,0,0,0,0,0,3,0,03 桃園市,2 技職
109,1039,玄奘大學,D 日,D 博士,2,0,2,0,0,0,0,0,0,0,0,0,0,0,0,0,2,0,0,18 新竹市,1 一般
109,1039,玄奘大學,D 日,M 碩士,247,83,164,25,44,20,50,19,40,18,27,1,2,0,1,0,0,0,0,18 新竹市,1 一般
109,1039,玄奘大學,N 職,M 碩士,142,48,94,16,30,9,20,9,21,7,16,7,7,0,0,0,0,0,0,18 新竹市,1 一般
109,1039,玄奘大學,D 日,B 學士,1945,818,1127,173,266,182,246,176,261,219,282,0,0,0,0,0,0,68,72,18 新竹市,1 一般
109,1039,玄奘大學,P 進,B 學士,72,29,43,0,0,1,1,11,10,11,18,0,0,0,0,0,0,6,14,18 新竹市,1 一般
109,1040,建國科技大學,D 日,M 碩士,151,100,51,34,13,46,25,16,10,4,3,0,0,0,0,0,0,0,0,07 彰化縣,2 技職
109,1040,建國科技大學,D 日,B 四技,4002,2695,1307,363,173,727,362,875,394,591,327,0,0,0,0,0,0,139,51,07 彰化縣,2 技職
109,1040,建國科技大學,N 修,B 四技,2021,1532,489,362,148,401,90,349,121,353,122,0,0,0,0,0,0,67,8,07 彰化縣,2 技職
109,1040,建國科技大學,D 日,C 二技,1,1,0,0,0,0,0,0,0,0,0,0,0,0,0,0,0,1,0,07 彰化縣,2 技職
109,1040,建國科技大學,N 修,C 二技,325,190,135,0,0,0,0,97,67,87,68,0,0,0,0,0,0,6,0,07 彰化縣,2 技職
109,1040,建國科技大學,N 修,2 二專,120,86,34,35,20,46,14,0,0,0,0,0,0,0,0,0,0,5,0,07 彰化縣,2 技職
109,1041,明志科技大學,D 日,D 博士,22,18,4,6,1,2,1,7,1,2,1,1,0,0,0,0,0,0,0,01 新北市,2 技職
109,1041,明志科技大學,D 日,M 碩士,468,338,130,142,62,135,42,47,19,14,6,0,0,0,0,0,1,0,0,01 新北市,2 技職
109,1041,明志科技大學,N 職,M 碩士,18,14,4,4,1,5,1,3,1,1,1,1,0,0,0,0,0,0,0,01 新北市,2 技職
109,1041,明志科技大學,D 日,B 四技,3607,2636,971,637,241,632,248,623,227,597,238,0,0,0,0,0,0,147,17,01 新北市,2 技職
109,1041,明志科技大學,N 修,B 四技,377,348,29,27,1,95,5,104,6,92,14,0,0,0,0,0,0,30,3,01 新北市,2 技職
109,1042,高苑科技大學,D 日,M 碩士,69,38,31,24,17,7,10,5,3,2,1,0,0,0,0,0,0,0,0,12 高雄市,2 技職
109,1042,高苑科技大學,N 職,M 碩士,170,125,45,68,31,39,12,14,1,2,1,2,0,0,0,0,0,0,0,12 高雄市,2 技職
109,1042,高苑科技大學,D 日,B 四技,1807,1222,585,178,135,274,173,403,162,248,92,0,0,0,0,0,0,119,23,12 高雄市,2 技職
109,1042,高苑科技大學,N 修,B 四技,979,786,193,180,58,146,21,152,41,213,48,0,0,0,0,0,0,95,25,12 高雄市,2 技職
109,1042,高苑科技大學,N 修,C 二技,284,169,115,0,0,0,0,92,61,65,51,0,0,0,0,0,0,12,3,12 高雄市,2 技職
109,1042,高苑科技大學,N 修,2 二專,201,126,75,59,52,30,18,0,0,0,0,0,0,0,0,0,0,37,5,12 高雄市,2 技職
109,1043,大仁科技大學,D 日,M 碩士,69,32,37,11,24,20,13,1,0,0,0,0,0,0,0,0,0,0,0,13 屏東縣,2 技職
109,1043,大仁科技大學,N 職,M 碩士,161,82,79,37,33,35,43,5,3,4,0,1,0,0,0,0,0,0,0,13 屏東縣,2 技職
109,1043,大仁科技大學,D 日,B 四技,3399,1631,1768,323,353,398,427,369,396,343,396,90,109,0,0,0,0,108,87,13 屏東縣,2 技職
109,1043,大仁科技大學,N 修,B 四技,266,171,95,17,15,29,18,46,16,57,38,0,0,0,0,0,0,22,8,13 屏東縣,2 技職
109,1043,大仁科技大學,D 日,C 二技,1,0,1,0,0,0,0,0,0,0,1,0,0,0,0,0,0,0,0,13 屏東縣,2 技職
109,1043,大仁科技大學,N 修,C 二技,1393,451,942,0,0,0,0,231,440,212,468,0,0,0,0,0,0,8,34,13 屏東縣,2 技職
109,1043,大仁科技大學,N 修,2 二專,100,48,52,26,28,17,22,0,0,0,0,0,0,0,0,0,0,5,2,13 屏東縣,2 技職
109,1044,聖約翰科技大學,D 日,M 碩士,93,68,25,15,8,25,11,14,4,14,2,0,0,0,0,0,0,0,0,01 新北市,2 技職
109,1044,聖約翰科技大學,N 職,M 碩士,114,82,32,23,13,43,16,14,2,2,1,0,0,0,0,0,0,0,0,01 新北市,2 技職
109,1044,聖約翰科技大學,D 日,B 四技,1482,969,513,81,68,178,100,236,126,316,178,0,0,0,0,0,0,158,41,01 新北市,2 技職
109,1044,聖約翰科技大學,N 修,B 四技,323,263,60,62,6,115,20,76,30,5,4,0,0,0,0,0,0,5,0,01 新北市,2 技職
109,1044,聖約翰科技大學,D 日,C 二技,2,0,2,0,0,0,0,0,2,0,0,0,0,0,0,0,0,0,0,01 新北市,2 技職
109,1044,聖約翰科技大學,N 修,C 二技,66,43,23,0,0,0,0,43,23,0,0,0,0,0,0,0,0,0,0,01 新北市,2 技職
109,1044,聖約翰科技大學,N 修,2 二專,59,33,26,28,12,5,14,0,0,0,0,0,0,0,0,0,0,0,0,01 新北市,2 技職
109,1044,聖約翰科技大學,D 日,5 五專,252,197,55,17,4,40,8,43,10,53,14,37,17,0,0,0,0,7,2,01 新北市,2 技職
109,1045,嶺東科技大學,D 日,M 碩士,255,118,137,59,62,37,50,14,14,8,11,0,0,0,0,0,0,0,0,19 臺中市,2 技職
109,1045,嶺東科技大學,N 職,M 碩士,166,110,56,48,30,45,23,11,2,6,1,0,0,0,0,0,0,0,0,19 臺中市,2 技職
109,1045,嶺東科技大學,D 日,B 四技,7296,2704,4592,625,1147,656,1198,692,1105,587,1067,0,0,0,0,0,0,144,75,19 臺中市,2 技職
109,1045,嶺東科技大學,N 修,B 四技,2788,1495,1293,441,356,342,317,308,260,296,265,0,0,0,0,0,0,108,95,19 臺中市,2 技職
109,1045,嶺東科技大學,D 日,C 二技,5,2,3,0,0,0,0,0,0,2,3,0,0,0,0,0,0,0,0,19 臺中市,2 技職
109,1046,中國科技大學,D 日,M 碩士,151,86,65,37,31,30,25,11,7,8,2,0,0,0,0,0,0,0,0,30 臺北市,2 技職
109,1046,中國科技大學,N 職,M 碩士,77,55,22,35,10,16,12,3,0,1,0,0,0,0,0,0,0,0,0,30 臺北市,2 技職
109,1046,中國科技大學,D 日,B 四技,6374,2918,3456,573,715,797,892,685,864,679,824,0,0,0,0,0,0,184,161,30 臺北市,2 技職
109,1046,中國科技大學,N 修,B 四技,1278,738,540,209,144,180,119,131,100,146,117,0,0,0,0,0,0,72,60,30 臺北市,2 技職
109,1046,中國科技大學,N 修,C 二技,460,270,190,0,0,0,0,249,190,17,0,0,0,0,0,0,0,4,0,30 臺北市,2 技職
109,1046,中國科技大學,N 修,X 4+X,2,0,2,0,0,0,1,0,0,0,0,0,0,0,0,0,0,0,1,30 臺北市,2 技職
109,1046,中國科技大學,N 修,2 二專,473,238,235,110,125,108,96,0,0,0,0,0,0,0,0,0,0,20,14,30 臺北市,2 技職
109,1047,中臺科技大學,D 日,D 博士,15,11,4,1,0,1,1,2,1,2,1,0,0,2,0,3,1,0,0,19 臺中市,2 技職
109,1047,中臺科技大學,D 日,M 碩士,124,34,90,16,34,13,31,4,12,1,8,0,5,0,0,0,0,0,0,19 臺中市,2 技職
109,1047,中臺科技大學,N 職,M 碩士,246,50,196,17,79,19,57,11,37,3,23,0,0,0,0,0,0,0,0,19 臺中市,2 技職
109,1047,中臺科技大學,D 日,B 四技,4638,1935,2703,420,530,476,708,471,695,396,631,0,0,0,0,0,0,172,139,19 臺中市,2 技職
109,1047,中臺科技大學,N 修,B 四技,1596,573,1023,162,279,138,236,113,214,99,187,9,51,0,0,0,0,52,56,19 臺中市,2 技職
109,1047,中臺科技大學,D 日,C 二技,529,83,446,0,0,0,0,45,234,38,210,0,0,0,0,0,0,0,2,19 臺中市,2 技職
109,1047,中臺科技大學,N 修,C 二技,1004,115,889,0,0,0,0,59,382,30,308,23,191,0,0,0,0,3,8,19 臺中市,2 技職
109,1047,中臺科技大學,D 日,2 二專,18,8,10,0,0,8,10,0,0,0,0,0,0,0,0,0,0,0,0,19 臺中市,2 技職
109,1048,亞洲大學,D 日,D 博士,243,153,90,30,18,33,17,32,22,18,9,23,11,7,6,10,7,0,0,06 臺中市,1 一般
109,1048,亞洲大學,D 日,M 碩士,629,287,342,130,125,95,107,34,61,28,49,0,0,0,0,0,0,0,0,06 臺中市,1 一般
109,1048,亞洲大學,N 職,M 碩士,387,194,193,111,110,61,48,16,28,6,7,0,0,0,0,0,0,0,0,06 臺中市,1 一般
109,1048,亞洲大學,D 日,B 學士,9388,3314,6074,821,1534,773,1482,793,1474,774,1460,0,0,0,0,0,0,153,124,06 臺中市,1 一般
109,1048,亞洲大學,P 進,B 學士,774,374,400,96,102,61,88,86,109,68,70,0,0,0,0,0,0,63,31,06 臺中市,1 一般
109,1049,開南大學,D 日,M 碩士,222,84,138,35,59,20,45,12,17,16,16,1,1,0,0,0,0,0,0,03 桃園市,1 一般
109,1049,開南大學,N 職,M 碩士,333,196,137,100,83,51,26,19,14,12,5,8,3,6,6,0,0,0,0,03 桃園市,1 一般
109,1049,開南大學,D 日,B 學士,4032,1971,2061,491,478,409,475,442,489,434,455,0,0,0,0,0,0,195,164,03 桃園市,1 一般
109,1049,開南大學,P 進,B 學士,1000,562,438,145,114,150,106,125,103,120,93,0,0,0,0,0,0,22,22,03 桃園市,1 一般
109,1050,佛光大學,D 日,D 博士,62,23,39,4,8,4,5,3,12,3,3,1,6,4,3,4,2,0,0,02 宜蘭縣,1 一般
109,1050,佛光大學,D 日,M 碩士,449,175,274,80,111,40,72,24,39,30,50,0,1,1,0,0,1,0,0,02 宜蘭縣,1 一般
109,1050,佛光大學,N 職,M 碩士,122,60,62,25,38,9,13,5,6,10,2,11,3,0,0,0,0,0,0,02 宜蘭縣,1 一般
109,1050,佛光大學,D 日,B 學士,2825,1310,1515,357,389,294,380,280,359,284,323,0,0,0,0,0,0,95,64,02 宜蘭縣,1 一般
109,1051,台南應用科技大學,D 日,M 碩士,96,34,62,11,23,13,15,5,19,5,5,0,0,0,0,0,0,0,0,11 臺南市,2 技職
109,1051,台南應用科技大學,N 職,M 碩士,105,31,74,14,21,7,28,5,12,4,10,1,3,0,0,0,0,0,0,11 臺南市,2 技職
109,1051,台南應用科技大學,D 日,B 四技,7914,2379,5535,542,1353,659,1430,547,1339,527,1318,0,0,0,0,0,0,104,95,11 臺南市,2 技職
109,1051,台南應用科技大學,N 修,B 四技,2497,943,1554,263,422,240,404,222,362,164,317,0,0,0,0,0,0,54,49,11 臺南市,2 技職
109,1051,台南應用科技大學,D 日,C 二技,480,80,400,0,0,0,0,40,183,31,193,0,0,0,0,0,0,9,24,11 臺南市,2 技職
109,1051,台南應用科技大學,N 修,C 二技,269,45,224,0,0,0,0,23,109,19,99,0,8,0,0,0,0,3,8,11 臺南市,2 技職
109,1051,台南應用科技大學,D 日,5 五專,1002,230,772,37,127,55,143,49,167,49,167,40,168,0,0,0,0,0,0,11 臺南市,2 技職
109,1052,遠東科技大學,D 日,M 碩士,274,154,120,74,77,58,34,14,7,8,2,0,0,0,0,0,0,0,0,11 臺南市,2 技職
109,1052,遠東科技大學,N 職,M 碩士,43,42,1,13,1,12,0,10,0,4,0,1,0,2,0,0,0,0,0,11 臺南市,2 技職
109,1052,遠東科技大學,D 日,B 四技,3142,2166,976,396,149,472,208,562,283,552,248,0,0,0,0,0,0,184,88,11 臺南市,2 技職
109,1052,遠東科技大學,N 修,B 四技,621,471,150,101,29,116,31,111,41,105,40,0,0,0,0,0,0,38,9,11 臺南市,2 技職
109,1052,遠東科技大學,N 修,C 二技,381,268,113,0,0,0,0,100,57,161,54,0,0,0,0,0,0,7,2,11 臺南市,2 技職
109,1052,遠東科技大學,N 修,2 二專,263,160,103,79,44,76,58,0,0,0,0,0,0,0,0,0,0,5,1,11 臺南市,2 技職
109,1053,元培醫事科技大學,D 日,D 博士,1,1,0,1,0,0,0,0,0,0,0,0,0,0,0,0,0,0,0,18 新竹市,2 技職
109,1053,元培醫事科技大學,D 日,M 碩士,270,128,142,49,54,51,53,16,20,12,15,0,0,0,0,0,0,0,0,18 新竹市,2 技職
109,1053,元培醫事科技大學,N 職,M 碩士,44,10,34,4,13,4,12,0,5,2,4,0,0,0,0,0,0,0,0,18 新竹市,2 技職
109,1053,元培醫事科技大學,D 日,B 四技,3673,1641,2032,331,467,419,538,386,526,349,416,0,0,0,0,0,0,156,85,18 新竹市,2 技職
109,1053,元培醫事科技大學,N 修,B 四技,1570,828,742,242,225,244,183,191,180,116,131,0,0,0,0,0,0,35,23,18 新竹市,2 技職
109,1053,元培醫事科技大學,D 日,C 二技,100,5,95,0,0,0,0,3,48,2,47,0,0,0,0,0,0,0,0,18 新竹市,2 技職
109,1053,元培醫事科技大學,N 修,C 二技,521,106,415,0,0,0,0,40,90,60,322,0,0,0,0,0,0,6,3,18 新竹市,2 技職
109,1053,元培醫事科技大學,N 修,2 二專,7,4,3,0,0,0,0,0,0,0,0,0,0,0,0,0,0,4,3,18 新竹市,2 技職
109,1054,景文科技大學,D 日,M 碩士,41,28,13,9,5,11,4,6,4,2,0,0,0,0,0,0,0,0,0,01 新北市,2 技職
109,1054,景文科技大學,N 職,M 碩士,45,27,18,6,4,12,12,6,0,3,2,0,0,0,0,0,0,0,0,01 新北市,2 技職
109,1054,景文科技大學,D 日,B 四技,5054,2284,2770,436,549,580,828,539,669,527,582,0,0,0,0,0,0,202,142,01 新北市,2 技職
109,1054,景文科技大學,N 修,B 四技,1050,541,509,160,122,110,95,111,111,133,162,0,0,0,0,0,0,27,19,01 新北市,2 技職
109,1054,景文科技大學,D 日,C 二技,4,2,2,0,0,0,0,2,2,0,0,0,0,0,0,0,0,0,0,01 新北市,2 技職
109,1054,景文科技大學,N 修,C 二技,308,138,170,0,0,0,0,50,83,88,85,0,0,0,0,0,0,0,2,01 新北市,2 技職
109,1054,景文科技大學,N 修,2 二專,154,88,66,46,26,36,39,0,0,0,0,0,0,0,0,0,0,6,1,01 新北市,2 技職
109,1055,中華醫事科技大學,D 日,M 碩士,88,43,45,20,23,19,15,3,6,1,1,0,0,0,0,0,0,0,0,11 臺南市,2 技職
109,1055,中華醫事科技大學,N 職,M 碩士,27,12,15,8,8,4,6,0,1,0,0,0,0,0,0,0,0,0,0,11 臺南市,2 技職
109,1055,中華醫事科技大學,D 日,B 四技,3296,1248,2048,223,393,241,511,382,597,332,500,0,0,0,0,0,0,70,47,11 臺南市,2 技職
109,1055,中華醫事科技大學,N 修,B 四技,626,261,365,76,112,65,87,52,76,45,66,0,0,0,0,0,0,23,24,11 臺南市,2 技職
109,1055,中華醫事科技大學,D 日,C 二技,770,196,574,0,0,0,0,107,316,87,254,0,0,0,0,0,0,2,4,11 臺南市,2 技職
109,1055,中華醫事科技大學,N 修,C 二技,683,194,489,0,0,0,0,113,270,74,208,0,0,0,0,0,0,7,11,11 臺南市,2 技職
109,1055,中華醫事科技大學,D 日,2 二專,39,19,20,0,0,18,20,0,0,0,0,0,0,0,0,0,0,1,0,11 臺南市,2 技職
109,1055,中華醫事科技大學,N 修,2 二專,40,21,19,21,19,0,0,0,0,0,0,0,0,0,0,0,0,0,0,11 臺南市,2 技職
109,1055,中華醫事科技大學,D 日,5 五專,3155,696,2459,159,549,143,496,144,473,124,492,115,410,0,0,0,0,11,39,11 臺南市,2 技職
109,1056,東南科技大學,D 日,M 碩士,126,89,37,37,15,39,18,12,4,1,0,0,0,0,0,0,0,0,0,01 新北市,2 技職
109,1056,東南科技大學,N 職,M 碩士,46,37,9,19,4,16,4,2,1,0,0,0,0,0,0,0,0,0,0,01 新北市,2 技職
109,1056,東南科技大學,D 日,B 四技,4392,2904,1488,616,352,760,383,756,374,605,293,0,0,0,0,0,0,167,86,01 新北市,2 技職
109,1056,東南科技大學,N 修,B 四技,604,463,141,99,38,129,42,133,42,87,16,0,0,0,0,0,0,15,3,01 新北市,2 技職
109,1057,德明財經科技大學,D 日,M 碩士,32,16,16,2,6,6,4,5,6,3,0,0,0,0,0,0,0,0,0,30 臺北市,2 技職
109,1057,德明財經科技大學,N 職,M 碩士,39,21,18,7,5,4,8,2,0,3,5,4,0,1,0,0,0,0,0,30 臺北市,2 技職
109,1057,德明財經科技大學,D 日,B 四技,6598,2788,3810,622,812,712,1005,693,985,516,798,0,0,0,0,0,0,245,210,30 臺北市,2 技職
109,1057,德明財經科技大學,N 修,B 四技,500,281,219,54,37,55,53,55,43,81,57,0,0,0,0,0,0,36,29,30 臺北市,2 技職
109,1057,德明財經科技大學,D 日,C 二技,112,27,85,0,0,0,0,9,43,18,39,0,0,0,0,0,0,0,3,30 臺北市,2 技職
109,1057,德明財經科技大學,N 修,C 二技,103,48,55,0,0,0,0,27,27,21,28,0,0,0,0,0,0,0,0,30 臺北市,2 技職
109,1058,明道大學,D 日,D 博士,28,16,12,1,4,6,1,4,3,2,2,1,1,2,1,0,0,0,0,07 彰化縣,1 一般
109,1058,明道大學,D 日,M 碩士,148,79,69,39,25,20,19,13,14,7,11,0,0,0,0,0,0,0,0,07 彰化縣,1 一般
109,1058,明道大學,N 職,M 碩士,66,32,34,23,15,7,15,1,1,1,3,0,0,0,0,0,0,0,0,07 彰化縣,1 一般
109,1058,明道大學,D 日,B 學士,1727,1002,725,139,127,244,189,308,193,254,194,0,0,0,0,0,0,57,22,07 彰化縣,1 一般
109,1058,明道大學,P 進,B 學士,556,371,185,77,23,72,41,95,57,114,59,0,0,0,0,0,0,13,5,07 彰化縣,1 一般
109,1060,南開科技大學,D 日,M 碩士,84,40,44,16,17,15,22,4,4,5,1,0,0,0,0,0,0,0,0,08 南投縣,2 技職
109,1060,南開科技大學,N 職,M 碩士,73,29,44,12,19,13,20,2,2,2,3,0,0,0,0,0,0,0,0,08 南投縣,2 技職
109,1060,南開科技大學,D 日,B 四技,2121,1428,693,268,103,292,169,384,207,393,190,0,0,0,0,0,0,91,24,08 南投縣,2 技職
109,1060,南開科技大學,N 修,B 四技,677,460,217,104,44,107,53,114,56,108,53,0,0,0,0,0,0,27,11,08 南投縣,2 技職
109,1060,南開科技大學,N 修,C 二技,161,78,83,0,0,0,0,35,53,41,30,0,0,0,0,0,0,2,0,08 南投縣,2 技職
109,1060,南開科技大學,N 修,2 二專,94,55,39,25,19,28,18,0,0,0,0,0,0,0,0,0,0,2,2,08 南投縣,2 技職
109,1060,南開科技大學,D 日,5 五專,545,455,90,64,7,64,16,87,20,104,19,121,26,0,0,0,0,15,2,08 南投縣,2 技職
109,1061,中華科技大學,D 日,M 碩士,226,171,55,74,33,88,13,6,3,3,6,0,0,0,0,0,0,0,0,30 臺北市,2 技職
109,1061,中華科技大學,N 職,M 碩士,126,107,19,62,9,40,8,2,1,3,0,0,1,0,0,0,0,0,0,30 臺北市,2 技職
109,1061,中華科技大學,D 日,B 四技,3218,2249,969,450,180,566,243,533,243,514,242,0,0,0,0,0,0,186,61,30 臺北市,2 技職
109,1061,中華科技大學,N 修,B 四技,711,589,122,167,43,139,29,131,21,122,25,0,0,0,0,0,0,30,4,30 臺北市,2 技職
109,1061,中華科技大學,D 日,C 二技,35,6,29,0,0,0,0,3,24,3,5,0,0,0,0,0,0,0,0,30 臺北市,2 技職
109,1061,中華科技大學,N 修,C 二技,301,160,141,0,0,0,0,100,96,57,44,0,0,0,0,0,0,3,1,30 臺北市,2 技職
109,1061,中華科技大學,N 修,2 二專,156,84,72,38,28,36,42,0,0,0,0,0,0,0,0,0,0,10,2,30 臺北市,2 技職
109,1062,僑光科技大學,D 日,M 碩士,45,21,24,6,9,13,12,2,3,0,0,0,0,0,0,0,0,0,0,19 臺中市,2 技職
109,1062,僑光科技大學,N 職,M 碩士,20,12,8,0,0,10,6,1,2,1,0,0,0,0,0,0,0,0,0,19 臺中市,2 技職
109,1062,僑光科技大學,D 日,B 四技,6247,2603,3644,615,806,624,918,631,964,656,901,0,0,0,0,0,0,77,55,19 臺中市,2 技職
109,1062,僑光科技大學,N 修,B 四技,4295,2445,1850,653,434,528,421,556,439,574,461,0,0,0,0,0,0,134,95,19 臺中市,2 技職
109,1062,僑光科技大學,N 修,X 4+X,3,0,3,0,0,0,0,0,3,0,0,0,0,0,0,0,0,0,0,19 臺中市,2 技職
109,1063,育達科技大學,D 日,M 碩士,153,78,75,34,28,17,12,16,16,11,19,0,0,0,0,0,0,0,0,05 苗栗縣,2 技職
109,1063,育達科技大學,N 職,M 碩士,220,139,81,54,37,56,29,20,12,9,3,0,0,0,0,0,0,0,0,05 苗栗縣,2 技職
109,1063,育達科技大學,D 日,B 四技,1710,856,854,143,163,224,159,227,283,174,204,0,0,0,0,0,0,88,45,05 苗栗縣,2 技職
109,1063,育達科技大學,N 修,B 四技,950,568,382,135,91,160,94,113,87,123,92,0,0,0,0,0,0,37,18,05 苗栗縣,2 技職
109,1063,育達科技大學,N 修,C 二技,929,285,644,0,0,0,0,166,329,112,290,0,0,0,0,0,0,7,25,05 苗栗縣,2 技職
109,1064,美和科技大學,D 日,M 碩士,116,45,71,24,35,17,23,3,11,1,2,0,0,0,0,0,0,0,0,13 屏東縣,2 技職
109,1064,美和科技大學,N 職,M 碩士,198,41,157,15,46,14,89,9,16,3,6,0,0,0,0,0,0,0,0,13 屏東縣,2 技職
109,1064,美和科技大學,D 日,B 四技,2293,960,1333,169,238,245,335,242,348,269,381,0,0,0,0,0,0,35,31,13 屏東縣,2 技職
109,1064,美和科技大學,N 修,B 四技,634,227,407,61,118,42,71,68,101,44,104,0,0,0,0,0,0,12,13,13 屏東縣,2 技職
109,1064,美和科技大學,D 日,C 二技,287,33,254,0,0,0,0,13,98,19,153,0,0,0,0,0,0,1,3,13 屏東縣,2 技職
109,1064,美和科技大學,N 修,C 二技,849,188,661,0,0,0,0,147,392,39,256,0,0,0,0,0,0,2,13,13 屏東縣,2 技職
109,1064,美和科技大學,N 修,2 二專,134,75,59,44,39,19,18,0,0,0,0,0,0,0,0,0,0,12,2,13 屏東縣,2 技職
109,1064,美和科技大學,D 日,5 五專,1789,242,1547,39,297,58,287,41,292,38,300,59,317,0,0,0,0,7,54,13 屏東縣,2 技職
109,1065,吳鳳科技大學,D 日,M 碩士,49,32,17,13,10,16,3,3,2,0,2,0,0,0,0,0,0,0,0,10 嘉義縣,2 技職
109,1065,吳鳳科技大學,N 職,M 碩士,59,35,24,21,12,12,12,1,0,0,0,0,0,1,0,0,0,0,0,10 嘉義縣,2 技職
109,1065,吳鳳科技大學,D 日,B 四技,3179,2178,1001,432,252,613,275,582,233,456,207,0,0,0,0,0,0,95,34,10 嘉義縣,2 技職
109,1065,吳鳳科技大學,N 修,B 四技,809,593,216,147,60,147,45,140,64,141,45,0,0,0,0,0,0,18,2,10 嘉義縣,2 技職
109,1065,吳鳳科技大學,N 修,C 二技,733,357,376,0,0,0,0,221,189,136,186,0,0,0,0,0,0,0,1,10 嘉義縣,2 技職
109,1065,吳鳳科技大學,N 修,2 二專,229,129,100,70,51,59,48,0,0,0,0,0,0,0,0,0,0,0,1,10 嘉義縣,2 技職
109,1066,環球科技大學,D 日,M 碩士,171,79,92,38,33,19,40,15,14,7,5,0,0,0,0,0,0,0,0,09 雲林縣,2 技職
109,1066,環球科技大學,N 職,M 碩士,69,26,43,14,16,8,18,3,4,1,3,0,2,0,0,0,0,0,0,09 雲林縣,2 技職
109,1066,環球科技大學,D 日,B 四技,2241,1076,1165,179,211,256,304,262,295,291,277,0,0,0,0,0,0,88,78,09 雲林縣,2 技職
109,1066,環球科技大學,N 修,B 四技,614,318,296,88,64,78,60,75,83,57,76,0,0,0,0,0,0,20,13,09 雲林縣,2 技職
109,1066,環球科技大學,N 修,C 二技,354,154,200,0,0,0,0,96,109,57,91,0,0,0,0,0,0,1,0,09 雲林縣,2 技職
109,1066,環球科技大學,N 修,2 二專,224,110,114,49,28,56,84,0,0,0,0,0,0,0,0,0,0,5,2,09 雲林縣,2 技職
109,1067,台灣首府大學,D 日,M 碩士,48,15,33,4,21,9,8,2,4,0,0,0,0,0,0,0,0,0,0,11 臺南市,1 一般
109,1067,台灣首府大學,D 日,B 學士,870,415,455,43,58,84,101,130,131,124,145,0,0,0,0,0,0,34,20,11 臺南市,1 一般
109,1067,台灣首府大學,P 進,B 學士,212,139,73,19,14,22,16,43,20,39,14,0,0,0,0,0,0,16,9,11 臺南市,1 一般
109,1068,中州科技大學,D 日,M 碩士,11,7,4,0,0,4,4,1,0,2,0,0,0,0,0,0,0,0,0,07 彰化縣,2 技職
109,1068,中州科技大學,N 職,M 碩士,21,12,9,0,0,8,8,4,1,0,0,0,0,0,0,0,0,0,0,07 彰化縣,2 技職
109,1068,中州科技大學,D 日,B 四技,926,560,366,67,25,123,84,129,97,205,137,0,0,0,0,0,0,36,23,07 彰化縣,2 技職
109,1068,中州科技大學,N 修,B 四技,792,567,225,162,53,85,39,131,51,176,74,0,0,0,0,0,0,13,8,07 彰化縣,2 技職
109,1068,中州科技大學,N 修,C 二技,808,214,594,0,0,0,0,131,325,82,266,0,0,0,0,0,0,1,3,07 彰化縣,2 技職
109,1068,中州科技大學,N 修,2 二專,110,15,95,9,41,6,50,0,0,0,0,0,0,0,0,0,0,0,4,07 彰化縣,2 技職
109,1069,修平科技大學,D 日,M 碩士,62,40,22,21,11,14,10,5,0,0,1,0,0,0,0,0,0,0,0,06 臺中市,2 技職
109,1069,修平科技大學,N 職,M 碩士,19,16,3,13,3,2,0,0,0,1,0,0,0,0,0,0,0,0,0,06 臺中市,2 技職
109,1069,修平科技大學,D 日,B 四技,2970,2130,840,504,189,562,214,551,205,394,177,0,0,0,0,0,0,119,55,06 臺中市,2 技職
109,1069,修平科技大學,N 修,B 四技,1393,1251,142,405,51,292,27,330,28,183,29,0,0,0,0,0,0,41,7,06 臺中市,2 技職
109,1069,修平科技大學,N 修,2 二專,25,15,10,0,0,10,10,0,0,0,0,0,0,0,0,0,0,5,0,06 臺中市,2 技職
109,1070,長庚科技大學,D 日,M 碩士,68,3,65,2,27,1,22,0,13,0,1,0,1,0,1,0,0,0,0,03 桃園市,2 技職
109,1070,長庚科技大學,N 職,M 碩士,123,2,121,0,41,1,39,1,25,0,10,0,5,0,1,0,0,0,0,03 桃園市,2 技職
109,1070,長庚科技大學,D 日,B 四技,3498,450,3048,114,758,106,775,121,752,103,753,0,0,0,0,0,0,6,10,03 桃園市,2 技職
109,1070,長庚科技大學,D 日,C 二技,1458,105,1353,0,0,0,0,52,704,53,642,0,0,0,0,0,0,0,7,03 桃園市,2 技職
109,1070,長庚科技大學,N 修,C 二技,1179,85,1094,0,0,0,0,42,587,42,489,0,10,0,0,0,0,1,8,03 桃園市,2 技職
109,1070,長庚科技大學,D 日,5 五專,7,0,7,0,0,0,0,0,0,0,0,0,0,0,0,0,0,0,7,03 桃園市,2 技職
109,1071,臺北城市科技大學,D 日,M 碩士,89,73,16,29,8,26,4,15,3,3,1,0,0,0,0,0,0,0,0,30 臺北市,2 技職
109,1071,臺北城市科技大學,D 日,B 四技,7012,4372,2640,982,568,1061,704,1038,634,937,548,0,0,0,0,0,0,354,186,30 臺北市,2 技職
109,1071,臺北城市科技大學,N 修,B 四技,771,597,174,219,77,146,40,99,29,100,26,0,0,0,0,0,0,33,2,30 臺北市,2 技職
109,1071,臺北城市科技大學,D 日,C 二技,3,2,1,0,0,0,0,1,0,1,1,0,0,0,0,0,0,0,0,30 臺北市,2 技職
109,1071,臺北城市科技大學,N 修,C 二技,509,263,246,0,0,0,0,139,116,120,124,0,0,0,0,0,0,4,6,30 臺北市,2 技職
109,1071,臺北城市科技大學,N 修,2 二專,418,192,226,84,113,100,103,0,0,0,0,0,0,0,0,0,0,8,10,30 臺北市,2 技職
109,1071,臺北城市科技大學,D 日,5 五專,1056,719,337,116,58,130,78,125,81,124,53,195,65,0,0,0,0,29,2,30 臺北市,2 技職
109,1072,敏實科技大學,D 日,M 碩士,2,2,0,0,0,0,0,1,0,1,0,0,0,0,0,0,0,0,0,04 新竹縣,2 技職
109,1072,敏實科技大學,D 日,B 四技,282,196,86,65,3,10,6,25,19,64,32,0,0,0,0,0,0,32,26,04 新竹縣,2 技職
109,1072,敏實科技大學,N 修,B 四技,145,80,65,22,11,8,6,25,17,17,24,0,0,0,0,0,0,8,7,04 新竹縣,2 技職
109,1072,敏實科技大學,D 日,C 二技,12,7,5,0,0,0,0,0,0,6,3,0,0,0,0,0,0,1,2,04 新竹縣,2 技職
109,1072,敏實科技大學,N 修,C 二技,58,58,0,0,0,0,0,0,0,58,0,0,0,0,0,0,0,0,0,04 新竹縣,2 技職
109,1072,敏實科技大學,D 日,5 五專,272,144,128,9,14,14,20,20,16,55,35,36,35,0,0,0,0,10,8,04 新竹縣,2 技職
109,1073,醒吾科技大學,D 日,M 碩士,57,25,32,8,16,11,10,6,6,0,0,0,0,0,0,0,0,0,0,01 新北市,2 技職
109,1073,醒吾科技大學,N 職,M 碩士,96,58,38,27,15,11,12,13,7,3,4,4,0,0,0,0,0,0,0,01 新北市,2 技職
109,1073,醒吾科技大學,D 日,B 四技,5601,2503,3098,600,734,590,746,628,778,587,762,0,0,0,0,0,0,98,78,01 新北市,2 技職
109,1073,醒吾科技大學,N 修,B 四技,927,409,518,160,115,67,77,78,174,74,128,0,0,0,0,0,0,30,24,01 新北市,2 技職
109,1073,醒吾科技大學,D 日,C 二技,42,10,32,0,0,0,0,0,0,6,16,0,0,0,0,0,0,4,16,01 新北市,2 技職
109,1073,醒吾科技大學,N 修,C 二技,504,208,296,0,0,0,0,99,141,90,136,0,0,0,0,0,0,19,19,01 新北市,2 技職
109,1073,醒吾科技大學,N 修,2 二專,218,100,118,48,61,41,50,0,0,0,0,0,0,0,0,0,0,11,7,01 新北市,2 技職
109,1073,醒吾科技大學,D 日,5 五專,498,186,312,14,28,30,39,33,73,45,70,60,98,0,0,0,0,4,4,01 新北市,2 技職
109,1075,文藻外語大學,D 日,M 碩士,197,50,147,18,53,15,35,6,38,11,21,0,0,0,0,0,0,0,0,50 高雄市,2 技職
109,1075,文藻外語大學,N 職,M 碩士,50,12,38,5,12,2,9,2,8,0,6,3,3,0,0,0,0,0,0,50 高雄市,2 技職
109,1075,文藻外語大學,D 日,B 四技,5011,1379,3632,341,762,324,873,349,850,265,932,0,0,0,0,0,0,100,215,50 高雄市,2 技職
109,1075,文藻外語大學,N 修,B 四技,1685,605,1080,163,243,153,257,142,226,93,194,0,0,0,0,0,0,54,160,50 高雄市,2 技職
109,1075,文藻外語大學,D 日,C 二技,293,45,248,0,0,0,0,21,83,18,125,0,0,0,0,0,0,6,40,50 高雄市,2 技職
109,1075,文藻外語大學,N 修,C 二技,169,43,126,0,0,0,0,26,60,14,51,0,0,0,0,0,0,3,15,50 高雄市,2 技職
109,1075,文藻外語大學,D 日,5 五專,1607,269,1338,65,301,60,302,53,246,43,241,42,220,0,0,0,0,6,28,50 高雄市,2 技職
109,1076,華夏科技大學,D 日,M 碩士,37,31,6,6,4,13,2,6,0,6,0,0,0,0,0,0,0,0,0,01 新北市,2 技職
109,1076,華夏科技大學,N 職,M 碩士,70,48,22,18,9,18,10,12,3,0,0,0,0,0,0,0,0,0,0,01 新北市,2 技職
109,1076,華夏科技大學,D 日,B 四技,1476,920,556,191,85,217,164,196,138,237,136,0,0,0,0,0,0,79,33,01 新北市,2 技職
109,1076,華夏科技大學,N 修,B 四技,870,472,398,125,73,116,125,93,86,110,100,0,0,0,0,0,0,28,14,01 新北市,2 技職
109,1076,華夏科技大學,D 日,C 二技,75,66,9,0,0,0,0,29,6,35,2,0,0,0,0,0,0,2,1,01 新北市,2 技職
109,1076,華夏科技大學,N 修,C 二技,708,402,306,0,0,0,0,198,162,196,138,0,0,0,0,0,0,8,6,01 新北市,2 技職
109,1076,華夏科技大學,N 修,2 二專,206,96,110,47,51,40,53,0,0,0,0,0,0,0,0,0,0,9,6,01 新北市,2 技職
109,1076,華夏科技大學,D 日,5 五專,601,508,93,114,28,81,20,107,28,84,11,118,6,0,0,0,0,4,0,01 新北市,2 技職
109,1077,慈濟科技大學,D 日,M 碩士,41,16,25,5,14,8,9,2,2,1,0,0,0,0,0,0,0,0,0,15 花蓮縣,2 技職
109,1077,慈濟科技大學,D 日,B 四技,1280,499,781,117,188,128,204,108,191,108,176,0,0,0,0,0,0,38,22,15 花蓮縣,2 技職
109,1077,慈濟科技大學,D 日,C 二技,276,28,248,0,0,0,0,12,123,16,124,0,0,0,0,0,0,0,1,15 花蓮縣,2 技職
109,1077,慈濟科技大學,N 修,C 二技,172,10,162,0,0,0,0,7,92,2,68,0,0,0,0,0,0,1,2,15 花蓮縣,2 技職
109,1077,慈濟科技大學,D 日,2 二專,32,12,20,4,10,8,10,0,0,0,0,0,0,0,0,0,0,0,0,15 花蓮縣,2 技職
109,1077,慈濟科技大學,D 日,5 五專,1362,194,1168,48,262,38,237,41,211,38,206,27,221,0,0,0,0,2,31,15 花蓮縣,2 技職
109,1078,致理科技大學,D 日,M 碩士,50,9,41,3,17,3,14,2,4,1,5,0,1,0,0,0,0,0,0,01 新北市,2 技職
109,1078,致理科技大學,N 職,M 碩士,44,14,30,4,9,4,11,4,5,1,0,1,5,0,0,0,0,0,0,01 新北市,2 技職
109,1078,致理科技大學,D 日,B 四技,6384,2094,4290,568,1032,464,1076,469,1048,455,973,0,0,0,0,0,0,138,161,01 新北市,2 技職
109,1078,致理科技大學,N 修,B 四技,3288,1336,1952,347,483,314,440,328,449,242,448,0,0,0,0,0,0,105,132,01 新北市,2 技職
109,1078,致理科技大學,D 日,C 二技,223,48,175,0,0,0,0,20,89,28,82,0,0,0,0,0,0,0,4,01 新北市,2 技職
109,1078,致理科技大學,N 修,C 二技,6,4,2,0,0,0,0,0,0,0,0,0,0,0,0,0,0,4,2,01 新北市,2 技職
109,1078,致理科技大學,D 日,5 五專,1580,334,1246,69,266,78,243,78,244,46,244,58,229,0,0,0,0,5,20,01 新北市,2 技職
109,1079,康寧大學,D 日,M 碩士,24,9,15,0,0,2,5,3,4,3,6,1,0,0,0,0,0,0,0,30 臺北市,1 一般
109,1079,康寧大學,N 職,M 碩士,26,7,19,0,0,0,1,4,8,2,8,1,2,0,0,0,0,0,0,30 臺北市,1 一般
109,1079,康寧大學,D 日,B 學士,269,79,190,13,46,12,39,8,50,36,45,0,0,0,0,0,0,10,10,30 臺北市,1 一般
109,1079,康寧大學,P 進,B 學士,31,23,8,0,0,0,2,1,1,18,4,0,0,0,0,0,0,4,1,30 臺北市,1 一般
109,1079,康寧大學,N 修,C 二技,153,11,142,0,0,0,0,6,93,5,49,0,0,0,0,0,0,0,0,30 臺北市,2 技職
109,1079,康寧大學,D 日,2 二專,1,0,1,0,0,0,0,0,0,0,0,0,0,0,0,0,0,0,1,30 臺北市,2 技職
109,1079,康寧大學,N 修,2 二專,178,47,131,24,69,23,59,0,0,0,0,0,0,0,0,0,0,0,3,30 臺北市,2 技職
109,1079,康寧大學,D 日,5 五專,2783,679,2104,148,446,145,388,117,419,130,387,125,416,0,0,0,0,14,48,30 臺北市,2 技職
109,1080,宏國德霖科技大學,D 日,M 碩士,13,7,6,7,6,0,0,0,0,0,0,0,0,0,0,0,0,0,0,01 新北市,2 技職
109,1080,宏國德霖科技大學,D 日,B 四技,2063,1256,807,256,172,307,217,323,204,283,189,0,0,0,0,0,0,87,25,01 新北市,2 技職
109,1080,宏國德霖科技大學,N 修,B 四技,1219,764,455,207,118,195,115,218,117,72,80,0,0,0,0,0,0,72,25,01 新北市,2 技職
109,1080,宏國德霖科技大學,D 日,C 二技,73,24,49,0,0,0,0,16,19,8,29,0,0,0,0,0,0,0,1,01 新北市,2 技職
109,1080,宏國德霖科技大學,N 修,C 二技,787,453,334,0,0,0,0,209,175,228,153,0,0,0,0,0,0,16,6,01 新北市,2 技職
109,1080,宏國德霖科技大學,N 修,2 二專,57,21,36,6,19,13,17,0,0,0,0,0,0,0,0,0,0,2,0,01 新北市,2 技職
109,1080,宏國德霖科技大學,D 日,5 五專,1158,701,457,152,98,125,84,129,96,121,79,167,91,0,0,0,0,7,9,01 新北市,2 技職
109,1081,東方設計大學,D 日,D 博士,32,15,17,3,2,1,5,5,2,4,4,1,4,1,0,0,0,0,0,12 高雄市,2 技職
109,1081,東方設計大學,D 日,M 碩士,80,29,51,14,28,6,10,4,9,5,4,0,0,0,0,0,0,0,0,12 高雄市,2 技職
109,1081,東方設計大學,N 職,M 碩士,46,22,24,15,18,5,6,1,0,1,0,0,0,0,0,0,0,0,0,12 高雄市,2 技職
109,1081,東方設計大學,D 日,B 四技,687,407,280,52,35,39,37,103,82,180,105,0,0,0,0,0,0,33,21,12 高雄市,2 技職
109,1081,東方設計大學,N 修,B 四技,85,47,38,9,7,6,2,21,3,10,24,0,0,0,0,0,0,1,2,12 高雄市,2 技職
109,1081,東方設計大學,D 日,C 二技,39,19,20,0,0,0,0,4,8,11,11,0,0,0,0,0,0,4,1,12 高雄市,2 技職
109,1081,東方設計大學,N 修,C 二技,256,138,118,0,0,0,0,71,58,59,58,0,0,0,0,0,0,8,2,12 高雄市,2 技職
109,1081,東方設計大學,N 修,2 二專,132,68,64,40,23,28,41,0,0,0,0,0,0,0,0,0,0,0,0,12 高雄市,2 技職
109,1081,東方設計大學,D 日,5 五專,715,311,404,19,49,56,50,52,67,85,109,92,121,0,0,0,0,7,8,12 高雄市,2 技職
109,1082,崇右影藝科技大學,D 日,M 碩士,80,45,35,26,14,16,15,2,6,1,0,0,0,0,0,0,0,0,0,17 基隆市,2 技職
109,1082,崇右影藝科技大學,D 日,B 四技,1650,725,925,120,190,144,220,223,221,151,240,0,0,0,0,0,0,87,54,17 基隆市,2 技職
109,1082,崇右影藝科技大學,N 修,C 二技,510,250,260,0,0,0,0,78,58,168,200,0,0,0,0,0,0,4,2,17 基隆市,2 技職
109,1082,崇右影藝科技大學,N 修,2 二專,333,195,138,73,60,114,74,0,0,0,0,0,0,0,0,0,0,8,4,17 基隆市,2 技職
109,1082,崇右影藝科技大學,D 日,5 五專,36,19,17,0,0,0,0,0,0,0,0,18,15,0,0,0,0,1,2,17 基隆市,2 技職
109,1083,台北海洋科技大學,D 日,M 碩士,147,82,65,39,28,31,27,10,8,2,2,0,0,0,0,0,0,0,0,01 新北市,2 技職
109,1083,台北海洋科技大學,D 日,B 四技,2251,1261,990,260,228,300,252,297,228,278,226,0,0,0,0,0,0,126,56,01 新北市,2 技職
109,1083,台北海洋科技大學,N 修,B 四技,205,92,113,39,57,20,20,24,18,6,15,0,0,0,0,0,0,3,3,01 新北市,2 技職
109,1083,台北海洋科技大學,D 日,C 二技,216,143,73,0,0,0,0,48,32,84,35,0,0,0,0,0,0,11,6,01 新北市,2 技職
109,1083,台北海洋科技大學,N 修,C 二技,356,136,220,0,0,0,0,96,138,38,81,0,0,0,0,0,0,2,1,01 新北市,2 技職
109,1083,台北海洋科技大學,D 日,2 二專,51,50,1,27,1,15,0,0,0,0,0,0,0,0,0,0,0,8,0,01 新北市,2 技職
109,1083,台北海洋科技大學,N 修,2 二專,120,94,26,27,10,63,15,0,0,0,0,0,0,0,0,0,0,4,1,01 新北市,2 技職
109,1083,台北海洋科技大學,D 日,5 五專,846,522,324,96,57,107,64,84,69,97,45,105,76,0,0,0,0,33,13,01 新北市,2 技職
109,1125,中信金融管理學院,D 日,M 碩士,102,47,55,27,37,13,15,7,3,0,0,0,0,0,0,0,0,0,0,21 臺南市,1 一般
109,1125,中信金融管理學院,N 職,M 碩士,29,21,8,21,8,0,0,0,0,0,0,0,0,0,0,0,0,0,0,21 臺南市,1 一般
109,1125,中信金融管理學院,D 日,B 學士,694,392,302,134,96,110,69,88,66,52,68,0,0,0,0,0,0,8,3,21 臺南市,1 一般
109,1148,大漢技術學院,D 日,M 碩士,81,53,28,23,16,18,12,12,0,0,0,0,0,0,0,0,0,0,0,15 花蓮縣,2 技職
109,1148,大漢技術學院,D 日,B 四技,255,152,103,30,18,35,25,36,33,43,27,0,0,0,0,0,0,8,0,15 花蓮縣,2 技職
109,1148,大漢技術學院,N 修,B 四技,295,188,107,78,39,37,26,38,20,29,20,0,0,0,0,0,0,6,2,15 花蓮縣,2 技職
109,1148,大漢技術學院,N 修,C 二技,239,139,100,0,0,0,0,69,59,63,39,0,0,0,0,0,0,7,2,15 花蓮縣,2 技職
109,1148,大漢技術學院,N 修,2 二專,129,73,56,35,24,37,31,0,0,0,0,0,0,0,0,0,0,1,1,15 花蓮縣,2 技職
109,1159,和春技術學院,D 日,M 碩士,3,2,1,0,0,0,0,0,0,2,1,0,0,0,0,0,0,0,0,12 高雄市,2 技職
109,1159,和春技術學院,D 日,B 四技,149,117,32,16,3,21,5,33,7,30,10,0,0,0,0,0,0,17,7,12 高雄市,2 技職
109,1159,和春技術學院,N 修,B 四技,73,57,16,9,0,9,4,11,3,17,6,0,0,0,0,0,0,11,3,12 高雄市,2 技職
109,1159,和春技術學院,D 日,C 二技,4,4,0,0,0,0,0,0,0,4,0,0,0,0,0,0,0,0,0,12 高雄市,2 技職
109,1159,和春技術學院,N 修,C 二技,239,158,81,0,0,0,0,64,29,87,51,0,0,0,0,0,0,7,1,12 高雄市,2 技職
109,1159,和春技術學院,N 修,2 二專,140,108,32,37,8,61,21,0,0,0,0,0,0,0,0,0,0,10,3,12 高雄市,2 技職
109,1159,和春技術學院,D 日,5 五專,80,47,33,0,0,3,0,4,4,11,14,25,15,0,0,0,0,4,0,12 高雄市,2 技職
109,1166,亞東技術學院,D 日,M 碩士,50,42,8,15,2,16,2,8,3,3,1,0,0,0,0,0,0,0,0,01 新北市,2 技職
109,1166,亞東技術學院,D 日,B 四技,4018,2904,1114,678,267,722,289,736,259,646,276,0,0,0,0,0,0,122,23,01 新北市,2 技職
109,1166,亞東技術學院,D 日,C 二技,178,12,166,0,0,0,0,4,85,8,81,0,0,0,0,0,0,0,0,01 新北市,2 技職
109,1166,亞東技術學院,N 修,C 二技,142,1,141,0,0,0,0,0,51,1,46,0,44,0,0,0,0,0,0,01 新北市,2 技職
109,1168,南亞技術學院,D 日,M 碩士,13,11,2,2,1,5,1,4,0,0,0,0,0,0,0,0,0,0,0,03 桃園市,2 技職
109,1168,南亞技術學院,D 日,B 四技,1312,831,481,221,107,240,110,182,119,142,114,0,0,0,0,0,0,46,31,03 桃園市,2 技職
109,1168,南亞技術學院,N 修,B 四技,522,340,182,49,51,85,33,80,45,83,45,0,0,0,0,0,0,43,8,03 桃園市,2 技職
109,1168,南亞技術學院,N 修,C 二技,1193,539,654,0,0,0,0,277,322,256,328,0,0,0,0,0,0,6,4,03 桃園市,2 技職
109,1168,南亞技術學院,N 修,2 二專,60,44,16,20,8,17,4,0,0,0,0,0,0,0,0,0,0,7,4,03 桃園市,2 技職
109,1168,南亞技術學院,D 日,5 五專,263,151,112,18,12,26,15,30,24,32,18,38,40,0,0,0,0,7,3,03 桃園市,2 技職
109,1176,稻江科技暨管理學院,D 日,M 碩士,21,7,14,0,0,3,13,0,0,0,0,3,0,1,1,0,0,0,0,10 嘉義縣,1 一般
109,1176,稻江科技暨管理學院,N 職,M 碩士,11,9,2,0,0,8,2,0,0,1,0,0,0,0,0,0,0,0,0,10 嘉義縣,1 一般
109,1176,稻江科技暨管理學院,D 日,B 學士,122,70,52,0,0,1,0,18,23,49,28,0,0,0,0,0,0,2,1,10 嘉義縣,1 一般
109,1176,稻江科技暨管理學院,P 進,B 學士,98,35,63,0,0,12,11,5,8,18,39,0,0,0,0,0,0,0,5,10 嘉義縣,1 一般
109,1176,稻江科技暨管理學院,N 修,C 二技,24,7,17,0,0,0,0,0,0,7,17,0,0,0,0,0,0,0,0,10 嘉義縣,2 技職
109,1182,蘭陽技術學院,D 日,B 四技,226,124,102,13,14,14,6,54,41,37,32,0,0,0,0,0,0,6,9,02 宜蘭縣,2 技職
109,1182,蘭陽技術學院,N 修,C 二技,66,35,31,0,0,0,0,35,31,0,0,0,0,0,0,0,0,0,0,02 宜蘭縣,2 技職
109,1182,蘭陽技術學院,N 修,2 二專,5,1,4,0,0,0,0,0,0,0,0,0,0,0,0,0,0,1,4,02 宜蘭縣,2 技職
109,1182,蘭陽技術學院,D 日,5 五專,216,126,90,7,9,10,8,29,21,26,19,45,26,0,0,0,0,9,7,02 宜蘭縣,2 技職
109,1183,黎明技術學院,D 日,B 四技,3498,1879,1619,384,408,456,446,559,408,396,321,0,0,0,0,0,0,84,36,01 新北市,2 技職
109,1183,黎明技術學院,N 修,B 四技,1197,741,456,266,183,189,99,142,108,135,60,0,0,0,0,0,0,9,6,01 新北市,2 技職
109,1183,黎明技術學院,N 修,C 二技,73,7,66,0,0,0,0,6,28,0,35,0,0,0,0,0,0,1,3,01 新北市,2 技職
109,1183,黎明技術學院,D 日,5 五專,423,352,71,63,16,50,10,71,11,73,13,79,19,0,0,0,0,16,2,01 新北市,2 技職
109,1185,經國管理暨健康學院,D 日,M 碩士,44,4,40,2,19,2,19,0,2,0,0,0,0,0,0,0,0,0,0,17 基隆市,2 技職
109,1185,經國管理暨健康學院,N 職,M 碩士,43,5,38,2,18,3,15,0,1,0,4,0,0,0,0,0,0,0,0,17 基隆市,2 技職
109,1185,經國管理暨健康學院,D 日,B 四技,1880,708,1172,122,201,194,337,181,292,151,262,0,0,0,0,0,0,60,80,17 基隆市,2 技職
109,1185,經國管理暨健康學院,N 修,B 四技,37,11,26,0,0,0,0,0,0,5,19,0,0,0,0,0,0,6,7,17 基隆市,2 技職
109,1185,經國管理暨健康學院,D 日,C 二技,162,24,138,0,0,0,0,14,77,9,57,0,0,0,0,0,0,1,4,17 基隆市,2 技職
109,1185,經國管理暨健康學院,N 修,C 二技,776,138,638,0,0,0,0,68,309,54,309,0,0,0,0,0,0,16,20,17 基隆市,2 技職
109,1185,經國管理暨健康學院,N 修,2 二專,215,43,172,27,86,9,82,0,0,0,0,0,0,0,0,0,0,7,4,17 基隆市,2 技職
109,1185,經國管理暨健康學院,D 日,5 五專,1064,301,763,49,147,72,134,65,146,42,134,61,147,0,0,0,0,12,55,17 基隆市,2 技職
109,1188,大同技術學院,D 日,B 四技,545,244,301,35,29,29,47,88,92,68,112,0,0,0,0,0,0,24,21,20 嘉義市,2 技職
109,1188,大同技術學院,N 修,B 四技,196,71,125,26,37,16,31,19,26,8,25,0,0,0,0,0,0,2,6,20 嘉義市,2 技職
109,1188,大同技術學院,N 修,C 二技,245,62,183,0,0,0,0,43,87,13,82,0,0,0,0,0,0,6,14,20 嘉義市,2 技職
109,1188,大同技術學院,N 修,2 二專,62,27,35,14,14,12,19,0,0,0,0,0,0,0,0,0,0,1,2,20 嘉義市,2 技職
109,1188,大同技術學院,D 日,5 五專,89,48,41,4,5,7,5,7,10,11,8,18,12,0,0,0,0,1,1,20 嘉義市,2 技職
109,1192,臺灣觀光學院,D 日,M 碩士,16,9,7,6,3,3,3,0,0,0,1,0,0,0,0,0,0,0,0,15 花蓮縣,2 技職
109,1192,臺灣觀光學院,D 日,B 四技,93,52,41,4,3,11,9,11,12,14,11,0,0,0,0,0,0,12,6,15 花蓮縣,2 技職
109,1192,臺灣觀光學院,N 修,B 四技,37,12,25,1,5,6,3,1,10,4,7,0,0,0,0,0,0,0,0,15 花蓮縣,2 技職
109,1192,臺灣觀光學院,N 修,C 二技,33,14,19,0,0,0,0,9,10,5,8,0,0,0,0,0,0,0,1,15 花蓮縣,2 技職
109,1192,臺灣觀光學院,N 修,2 二專,34,15,19,7,9,8,10,0,0,0,0,0,0,0,0,0,0,0,0,15 花蓮縣,2 技職
109,1192,臺灣觀光學院,D 日,5 五專,55,23,32,0,3,5,2,1,2,3,9,13,14,0,0,0,0,1,2,15 花蓮縣,2 技職
109,1195,馬偕醫學院,D 日,D 博士,5,5,0,3,0,2,0,0,0,0,0,0,0,0,0,0,0,0,0,01 新北市,1 一般
109,1195,馬偕醫學院,D 日,M 碩士,66,19,47,9,24,3,8,4,9,3,6,0,0,0,0,0,0,0,0,01 新北市,1 一般
109,1195,馬偕醫學院,N 職,M 碩士,15,4,11,4,11,0,0,0,0,0,0,0,0,0,0,0,0,0,0,01 新北市,1 一般
109,1195,馬偕醫學院,D 日,B 學士,691,247,444,59,95,42,118,47,111,38,75,24,17,29,20,1,0,7,8,01 新北市,1 一般
109,1195,馬偕醫學院,N 修,C 二技,39,2,37,0,0,0,0,2,37,0,0,0,0,0,0,0,0,0,0,01 新北市,2 技職
109,1196,法鼓文理學院,D 日,D 博士,20,9,11,3,1,1,1,3,1,0,3,0,0,1,4,1,1,0,0,01 新北市,1 一般
109,1196,法鼓文理學院,D 日,M 碩士,231,68,163,20,44,19,40,10,39,19,40,0,0,0,0,0,0,0,0,01 新北市,1 一般
109,1196,法鼓文理學院,D 日,B 學士,51,19,32,6,3,4,12,5,10,3,7,0,0,0,0,0,0,1,0,01 新北市,1 一般
109,1282,馬偕醫護管理專科學校,D 日,2 二專,32,5,27,0,0,3,25,0,0,0,0,0,0,0,0,0,0,2,2,30 臺北市,2 技職
109,1282,馬偕醫護管理專科學校,N 修,2 二專,222,103,119,57,62,37,53,0,0,0,0,0,0,0,0,0,0,9,4,30 臺北市,2 技職
109,1282,馬偕醫護管理專科學校,D 日,5 五專,3852,480,3372,117,711,95,656,81,643,88,637,84,645,0,0,0,0,15,80,30 臺北市,2 技職
109,1283,仁德醫護管理專科學校,N 修,2 二專,398,188,210,121,141,63,68,0,0,0,0,0,0,0,0,0,0,4,1,05 苗栗縣,2 技職
109,1283,仁德醫護管理專科學校,D 日,5 五專,6117,1358,4759,318,973,267,911,239,903,223,890,217,865,0,0,0,0,94,217,05 苗栗縣,2 技職
109,1284,樹人醫護管理專科學校,N 修,2 二專,552,307,245,130,105,117,106,28,16,29,18,0,0,0,0,0,0,3,0,12 高雄市,2 技職
109,1284,樹人醫護管理專科學校,D 日,5 五專,6727,1478,5249,285,1195,322,1064,299,1029,255,904,245,895,0,0,0,0,72,162,12 高雄市,2 技職
109,1285,慈惠醫護管理專科學校,D 日,2 二專,97,30,67,11,29,14,34,0,0,0,0,0,0,0,0,0,0,5,4,13 屏東縣,2 技職
109,1285,慈惠醫護管理專科學校,N 修,2 二專,266,100,166,46,81,33,57,9,11,5,3,0,0,0,0,0,0,7,14,13 屏東縣,2 技職
109,1285,慈惠醫護管理專科學校,D 日,5 五專,3614,781,2833,108,422,142,492,158,529,137,533,162,679,0,0,0,0,74,178,13 屏東縣,2 技職
109,1286,耕莘健康管理專科學校,N 修,2 二專,124,4,120,3,58,1,59,0,0,0,0,0,0,0,0,0,0,0,3,01 新北市,2 技職
109,1286,耕莘健康管理專科學校,D 日,5 五專,4574,442,4132,83,728,71,739,91,798,85,839,78,839,0,0,0,0,34,189,01 新北市,2 技職
109,1287,敏惠醫護管理專科學校,N 修,2 二專,33,7,26,7,26,0,0,0,0,0,0,0,0,0,0,0,0,0,0,11 臺南市,2 技職
109,1287,敏惠醫護管理專科學校,D 日,5 五專,3903,495,3408,117,691,100,668,93,679,72,649,94,627,0,0,0,0,19,94,11 臺南市,2 技職
109,1289,育英醫護管理專科學校,D 日,5 五專,1991,224,1767,42,364,51,317,39,347,43,354,36,337,0,0,0,0,13,48,50 高雄市,2 技職
109,1291,聖母醫護管理專科學校,D 日,2 二專,39,25,14,8,10,17,4,0,0,0,0,0,0,0,0,0,0,0,0,02 宜蘭縣,2 技職
109,1291,聖母醫護管理專科學校,N 修,2 二專,38,18,20,11,11,7,9,0,0,0,0,0,0,0,0,0,0,0,0,02 宜蘭縣,2 技職
109,1291,聖母醫護管理專科學校,D 日,5 五專,2150,406,1744,58,279,66,302,73,304,73,390,122,432,0,0,0,0,14,37,02 宜蘭縣,2 技職
109,1292,新生醫護管理專科學校,N 修,2 二專,60,9,51,7,31,2,20,0,0,0,0,0,0,0,0,0,0,0,0,03 桃園市,2 技職
109,1292,新生醫護管理專科學校,D 日,5 五專,6004,763,5241,174,1109,147,1034,130,1006,139,963,138,983,0,0,0,0,35,146,03 桃園市,2 技職
109,1293,崇仁醫護管理專科學校,D 日,5 五專,3293,425,2868,95,551,75,582,78,535,86,577,74,578,0,0,0,0,17,45,10 嘉義縣,2 技職
109,3002,臺北市立大學,D 日,D 博士,225,99,126,15,22,14,15,14,15,12,9,15,14,11,14,18,37,0,0,30 臺北市,1 一般
109,3002,臺北市立大學,D 日,M 碩士,1288,457,831,151,261,146,214,71,147,48,149,26,26,15,34,0,0,0,0,30 臺北市,1 一般
109,3002,臺北市立大學,N 職,M 碩士,1122,313,809,104,273,104,261,47,115,25,84,20,41,13,35,0,0,0,0,30 臺北市,1 一般
109,3002,臺北市立大學,D 日,B 學士,5351,2355,2996,578,728,531,719,527,713,505,679,0,0,0,0,0,0,214,157,30 臺北市,1 一般
110,0001,國立政治大學,D 日,D 博士,948,537,411,88,67,81,62,86,71,79,62,71,57,71,40,61,52,0,0,30 臺北市,1 一般
110,0001,國立政治大學,D 日,M 碩士,3974,1828,2146,624,729,591,744,370,409,240,264,3,0,0,0,0,0,0,0,30 臺北市,1 一般
110,0001,國立政治大學,N 職,M 碩士,1632,779,853,227,294,239,214,152,191,88,89,72,65,1,0,0,0,0,0,30 臺北市,1 一般
110,0001,國立政治大學,D 日,B 學士,9556,3920,5636,900,1303,920,1270,900,1313,911,1327,0,0,0,0,0,0,289,423,30 臺北市,1 一般
110,0002,國立清華大學,D 日,D 博士,1663,1192,471,248,114,193,77,205,76,174,72,112,47,95,31,165,54,0,0,18 新竹市,1 一般
110,0002,國立清華大學,D 日,M 碩士,5570,3372,2198,1430,905,1313,731,404,292,216,222,9,26,0,21,0,1,0,0,18 新竹市,1 一般
110,0002,國立清華大學,N 職,M 碩士,1366,507,859,219,264,161,269,51,129,25,73,27,44,8,36,16,44,0,0,18 新竹市,1 一般
110,0002,國立清華大學,D 日,B 學士,8888,4883,4005,1267,999,1153,1016,1108,942,1074,865,0,0,0,0,0,0,281,183,18 新竹市,1 一般
110,0002,國立清華大學,D 日,X 4+X,1,1,0,0,0,0,0,0,0,0,0,0,0,0,0,0,0,1,0,18 新竹市,1 一般
110,0003,國立臺灣大學,D 日,D 博士,3666,2510,1156,516,261,459,199,400,166,298,158,283,132,229,97,325,143,0,0,30 臺北市,1 一般
110,0003,國立臺灣大學,D 日,M 碩士,10720,6451,4269,2695,1691,2399,1529,869,592,488,457,0,0,0,0,0,0,0,0,30 臺北市,1 一般
110,0003,國立臺灣大學,N 職,M 碩士,1631,1009,622,351,231,353,227,149,100,65,30,36,9,55,25,0,0,0,0,30 臺北市,1 一般
110,0003,國立臺灣大學,D 日,B 學士,16906,9525,7381,2198,1688,2093,1737,2088,1656,2052,1499,197,149,173,90,0,0,724,562,30 臺北市,1 一般
110,0004,國立臺灣師範大學,D 日,D 博士,1358,619,739,125,113,91,127,91,105,76,104,99,106,69,95,68,89,0,0,30 臺北市,3 師範
110,0004,國立臺灣師範大學,D 日,M 碩士,4359,1873,2486,670,890,599,725,387,512,217,359,0,0,0,0,0,0,0,0,30 臺北市,3 師範
110,0004,國立臺灣師範大學,N 職,M 碩士,2134,627,1507,176,473,203,449,117,259,67,171,30,85,34,70,0,0,0,0,30 臺北市,3 師範
110,0004,國立臺灣師範大學,D 日,B 學士,8313,3723,4590,936,1115,869,1137,843,1045,795,1019,0,0,0,0,0,0,280,274,30 臺北市,3 師範
110,0005,國立成功大學,D 日,D 博士,1872,1267,605,267,135,231,112,229,109,178,85,139,64,115,49,108,51,0,0,21 臺南市,1 一般
110,0005,國立成功大學,D 日,M 碩士,7239,4614,2625,2144,1133,1861,1069,447,281,162,137,0,5,0,0,0,0,0,0,21 臺南市,1 一般
110,0005,國立成功大學,N 職,M 碩士,1537,947,590,312,220,276,185,214,106,91,49,47,30,6,0,1,0,0,0,21 臺南市,1 一般
110,0005,國立成功大學,D 日,B 學士,11758,7307,4451,1861,1079,1655,1072,1669,1031,1561,973,97,76,58,33,0,0,406,187,21 臺南市,1 一般
110,0006,國立中興大學,D 日,D 博士,966,659,307,106,64,107,42,104,52,97,52,88,32,62,33,95,32,0,0,19 臺中市,1 一般
110,0006,國立中興大學,D 日,M 碩士,3477,2053,1424,923,623,807,560,231,162,88,77,4,2,0,0,0,0,0,0,19 臺中市,1 一般
110,0006,國立中興大學,N 職,M 碩士,1706,1111,595,410,215,325,233,183,72,105,46,88,29,0,0,0,0,0,0,19 臺中市,1 一般
110,0006,國立中興大學,D 日,B 學士,8069,4599,3470,1140,835,1055,797,1089,884,1082,797,38,49,0,0,0,0,195,108,19 臺中市,1 一般
110,0006,國立中興大學,P 進,B 學士,936,413,523,101,135,97,109,93,108,73,117,33,45,0,0,0,0,16,9,19 臺中市,1 一般
110,0007,國立陽明交通大學,D 日,D 博士,2653,1831,822,370,177,287,151,306,153,279,106,223,93,157,61,209,81,0,0,18 新竹市,1 一般
110,0007,國立陽明交通大學,D 日,M 碩士,7547,4783,2764,1905,1118,1721,1030,908,444,244,161,5,10,0,1,0,0,0,0,18 新竹市,1 一般
110,0007,國立陽明交通大學,N 職,M 碩士,1781,1142,639,378,243,351,220,199,92,133,39,80,44,1,1,0,0,0,0,18 新竹市,1 一般
110,0007,國立陽明交通大學,D 日,B 學士,8431,5430,3001,1289,681,1247,697,1248,755,1093,586,154,99,163,96,6,4,230,83,18 新竹市,1 一般
110,0008,國立中央大學,D 日,D 博士,1007,705,302,148,60,120,48,112,45,113,45,79,43,70,31,63,30,0,0,03 桃園市,1 一般
110,0008,國立中央大學,D 日,M 碩士,3620,2430,1190,1105,513,926,473,277,124,90,67,32,13,0,0,0,0,0,0,03 桃園市,1 一般
110,0008,國立中央大學,N 職,M 碩士,1433,896,537,344,227,314,204,112,66,74,16,37,19,15,5,0,0,0,0,03 桃園市,1 一般
110,0008,國立中央大學,D 日,B 學士,6068,3792,2276,995,573,911,590,860,518,869,540,0,0,0,0,0,0,157,55,03 桃園市,1 一般
110,0009,國立中山大學,D 日,D 博士,823,540,283,115,70,103,63,90,39,76,43,65,28,49,20,42,20,0,0,50 高雄市,1 一般
110,0009,國立中山大學,D 日,M 碩士,3180,1974,1206,870,540,718,420,273,172,110,71,3,3,0,0,0,0,0,0,50 高雄市,1 一般
110,0009,國立中山大學,N 職,M 碩士,1090,534,556,182,217,193,193,95,76,33,38,22,20,9,11,0,1,0,0,50 高雄市,1 一般
110,0009,國立中山大學,D 日,B 學士,4804,2926,1878,737,473,696,432,650,466,680,415,0,0,0,0,0,0,163,92,50 高雄市,1 一般
110,0012,國立臺灣海洋大學,D 日,D 博士,330,237,93,34,22,43,11,40,23,38,12,24,10,21,3,37,12,0,0,17 基隆市,1 一般
110,0012,國立臺灣海洋大學,D 日,M 碩士,1430,943,487,393,226,352,161,128,57,42,24,17,9,9,7,2,3,0,0,17 基隆市,1 一般
110,0012,國立臺灣海洋大學,N 職,M 碩士,647,403,244,167,99,129,75,53,39,22,18,13,6,15,3,4,4,0,0,17 基隆市,1 一般
110,0012,國立臺灣海洋大學,D 日,B 學士,6072,4156,1916,1036,485,983,459,949,484,926,448,0,0,0,0,0,0,262,40,17 基隆市,1 一般
110,0012,國立臺灣海洋大學,P 進,B 學士,588,378,210,128,41,126,58,56,40,47,50,0,0,0,0,0,0,21,21,17 基隆市,1 一般
110,0012,國立臺灣海洋大學,N 修,X 4+X,1,1,0,0,0,0,0,0,0,0,0,0,0,0,0,0,0,1,0,17 基隆市,1 一般
110,0013,國立中正大學,D 日,D 博士,549,365,184,53,32,53,24,62,34,53,25,48,27,46,18,50,24,0,0,10 嘉義縣,1 一般
110,0013,國立中正大學,D 日,M 碩士,2821,1730,1091,695,433,671,372,243,151,115,129,6,6,0,0,0,0,0,0,10 嘉義縣,1 一般
110,0013,國立中正大學,N 職,M 碩士,1428,616,812,216,287,195,270,92,144,65,71,48,40,0,0,0,0,0,0,10 嘉義縣,1 一般
110,0013,國立中正大學,D 日,B 學士,6414,3483,2931,883,729,842,735,815,691,786,713,0,0,0,0,0,0,157,63,10 嘉義縣,1 一般
110,0014,國立高雄師範大學,D 日,D 博士,458,222,236,37,36,30,39,28,37,31,28,32,33,28,26,36,37,0,0,50 高雄市,3 師範
110,0014,國立高雄師範大學,D 日,M 碩士,1442,519,923,186,272,135,264,99,183,73,157,16,26,6,10,4,11,0,0,50 高雄市,3 師範
110,0014,國立高雄師範大學,N 職,M 碩士,1454,520,934,175,341,187,275,67,160,36,66,31,49,24,43,0,0,0,0,50 高雄市,3 師範
110,0014,國立高雄師範大學,D 日,B 學士,3793,1874,1919,498,467,421,488,449,457,440,450,0,0,0,0,0,0,66,57,50 高雄市,3 師範
110,0015,國立彰化師範大學,D 日,D 博士,506,300,206,43,39,52,26,40,33,49,27,43,31,41,26,32,24,0,0,07 彰化縣,3 師範
110,0015,國立彰化師範大學,D 日,M 碩士,1655,828,827,328,301,282,253,124,150,90,111,4,6,0,6,0,0,0,0,07 彰化縣,3 師範
110,0015,國立彰化師範大學,N 職,M 碩士,1356,568,788,206,245,199,228,57,109,44,85,29,71,33,50,0,0,0,0,07 彰化縣,3 師範
110,0015,國立彰化師範大學,D 日,B 學士,4942,2655,2287,644,581,637,538,637,558,597,544,0,0,0,0,0,0,140,66,07 彰化縣,3 師範
110,0017,國立臺北大學,D 日,D 博士,212,142,70,27,10,25,15,29,11,19,7,11,11,17,8,14,8,0,0,01 新北市,1 一般
110,0017,國立臺北大學,D 日,M 碩士,1404,710,694,272,286,257,224,118,103,62,77,1,4,0,0,0,0,0,0,01 新北市,1 一般
110,0017,國立臺北大學,N 職,M 碩士,595,279,316,125,121,97,117,38,43,13,22,6,13,0,0,0,0,0,0,01 新北市,1 一般
110,0017,國立臺北大學,D 日,B 學士,5956,2733,3223,713,760,652,775,631,804,591,764,0,0,0,0,0,0,146,120,01 新北市,1 一般
110,0017,國立臺北大學,P 進,B 學士,2069,823,1246,237,331,217,291,159,274,145,276,0,0,0,0,0,0,65,74,01 新北市,1 一般
110,0018,國立嘉義大學,D 日,D 博士,195,111,84,22,11,16,19,17,14,16,8,14,7,9,7,17,18,0,0,20 嘉義市,1 一般
110,0018,國立嘉義大學,D 日,M 碩士,1278,609,669,243,235,191,207,107,134,68,93,0,0,0,0,0,0,0,0,20 嘉義市,1 一般
110,0018,國立嘉義大學,N 職,M 碩士,929,352,577,118,221,109,176,58,88,67,92,0,0,0,0,0,0,0,0,20 嘉義市,1 一般
110,0018,國立嘉義大學,D 日,B 學士,7516,3825,3691,995,970,959,873,872,892,862,871,27,23,0,0,0,0,110,62,20 嘉義市,1 一般
110,0018,國立嘉義大學,P 進,B 學士,1887,1184,703,313,187,270,171,268,163,240,158,0,0,0,0,0,0,93,24,20 嘉義市,1 一般
110,0019,國立高雄大學,D 日,D 博士,30,24,6,4,1,3,2,4,1,5,1,2,0,4,0,2,1,0,0,50 高雄市,1 一般
110,0019,國立高雄大學,D 日,M 碩士,656,427,229,172,97,165,71,60,31,29,29,1,1,0,0,0,0,0,0,50 高雄市,1 一般
110,0019,國立高雄大學,N 職,M 碩士,550,339,211,123,82,77,54,58,33,39,17,26,18,16,7,0,0,0,0,50 高雄市,1 一般
110,0019,國立高雄大學,D 日,B 學士,4534,2644,1890,671,467,624,464,627,457,609,451,0,0,0,0,0,0,113,51,50 高雄市,1 一般
110,0019,國立高雄大學,N 修,C 二技,146,76,70,0,0,0,0,25,33,26,19,0,0,0,0,0,0,25,18,50 高雄市,2 技職
110,0020,國立東華大學,D 日,D 博士,423,242,181,50,42,37,37,41,32,37,23,22,16,23,13,32,18,0,0,15 花蓮縣,1 一般
110,0020,國立東華大學,D 日,M 碩士,1418,719,699,281,245,207,177,120,136,87,109,14,15,10,17,0,0,0,0,15 花蓮縣,1 一般
110,0020,國立東華大學,N 職,M 碩士,563,223,340,75,105,63,102,36,44,26,42,14,24,9,23,0,0,0,0,15 花蓮縣,1 一般
110,0020,國立東華大學,D 日,B 學士,7847,3689,4158,951,1087,865,986,873,967,743,919,0,0,0,0,0,0,257,199,15 花蓮縣,1 一般
110,0021,國立暨南國際大學,D 日,D 博士,342,180,162,36,29,29,23,30,26,19,22,26,21,23,18,17,23,0,0,08 南投縣,1 一般
110,0021,國立暨南國際大學,D 日,M 碩士,808,353,455,148,168,103,115,56,84,41,69,4,13,1,6,0,0,0,0,08 南投縣,1 一般
110,0021,國立暨南國際大學,N 職,M 碩士,486,174,312,69,110,50,103,22,45,14,24,7,16,12,14,0,0,0,0,08 南投縣,1 一般
110,0021,國立暨南國際大學,D 日,B 學士,4606,2197,2409,624,632,529,567,476,536,440,588,0,0,0,0,0,0,128,86,08 南投縣,1 一般
110,0022,國立臺灣科技大學,D 日,D 博士,1063,803,260,199,71,180,62,160,49,87,33,66,23,58,11,53,11,0,0,30 臺北市,2 技職
110,0022,國立臺灣科技大學,D 日,M 碩士,3738,2598,1140,1286,573,1048,462,215,80,47,24,2,1,0,0,0,0,0,0,30 臺北市,2 技職
110,0022,國立臺灣科技大學,N 職,M 碩士,786,483,303,200,141,184,114,63,27,33,19,1,1,2,1,0,0,0,0,30 臺北市,2 技職
110,0022,國立臺灣科技大學,D 日,B 四技,5583,3918,1665,981,418,965,418,904,402,881,369,0,0,0,0,0,0,187,58,30 臺北市,2 技職
110,0022,國立臺灣科技大學,D 日,C 二技,59,12,47,0,0,0,0,3,23,5,21,0,0,0,0,0,0,4,3,30 臺北市,2 技職
110,0023,國立雲林科技大學,D 日,D 博士,427,260,167,51,30,55,39,43,21,35,24,21,24,28,13,27,16,0,0,09 雲林縣,2 技職
110,0023,國立雲林科技大學,D 日,M 碩士,1955,1223,732,555,292,464,293,154,113,50,34,0,0,0,0,0,0,0,0,09 雲林縣,2 技職
110,0023,國立雲林科技大學,N 職,M 碩士,804,467,337,193,127,161,130,59,48,32,21,22,11,0,0,0,0,0,0,09 雲林縣,2 技職
110,0023,國立雲林科技大學,D 日,B 四技,6287,3887,2400,988,558,993,573,897,596,848,608,0,0,0,0,0,0,161,65,09 雲林縣,2 技職
110,0023,國立雲林科技大學,N 修,B 四技,217,96,121,37,36,23,33,16,25,15,24,0,0,0,0,0,0,5,3,09 雲林縣,2 技職
110,0023,國立雲林科技大學,D 日,C 二技,195,80,115,0,0,0,0,36,57,39,51,0,0,0,0,0,0,5,7,09 雲林縣,2 技職
110,0024,國立屏東科技大學,D 日,D 博士,256,158,98,30,20,24,17,26,17,21,12,18,12,11,8,28,12,0,0,13 屏東縣,2 技職
110,0024,國立屏東科技大學,D 日,M 碩士,1094,608,486,287,224,216,169,73,59,32,27,0,4,0,3,0,0,0,0,13 屏東縣,2 技職
110,0024,國立屏東科技大學,N 職,M 碩士,282,178,104,70,45,77,39,12,11,5,9,5,0,9,0,0,0,0,0,13 屏東縣,2 技職
110,0024,國立屏東科技大學,D 日,B 四技,7640,4117,3523,1060,855,972,840,922,865,930,808,41,59,0,0,0,0,192,96,13 屏東縣,2 技職
110,0024,國立屏東科技大學,N 修,B 四技,1415,908,507,248,122,240,120,196,124,160,111,0,0,0,0,0,0,64,30,13 屏東縣,2 技職
110,0025,國立臺北科技大學,D 日,D 博士,750,578,172,85,29,101,37,109,31,83,21,59,9,52,14,89,31,0,0,30 臺北市,2 技職
110,0025,國立臺北科技大學,D 日,M 碩士,3190,2326,864,1023,383,1033,357,206,94,64,30,0,0,0,0,0,0,0,0,30 臺北市,2 技職
110,0025,國立臺北科技大學,N 職,M 碩士,1604,1100,504,362,207,403,180,150,57,92,35,52,11,41,14,0,0,0,0,30 臺北市,2 技職
110,0025,國立臺北科技大學,D 日,B 四技,6236,4418,1818,1094,430,1097,435,1070,452,977,433,0,0,0,0,0,0,180,68,30 臺北市,2 技職
110,0025,國立臺北科技大學,N 修,B 四技,1695,1430,265,254,62,364,71,374,61,362,66,0,0,0,0,0,0,76,5,30 臺北市,2 技職
110,0025,國立臺北科技大學,D 日,C 二技,22,14,8,0,0,0,0,0,0,10,6,0,0,0,0,0,0,4,2,30 臺北市,2 技職
110,0025,國立臺北科技大學,N 修,C 二技,3,2,1,0,0,0,0,0,0,0,0,0,0,0,0,0,0,2,1,30 臺北市,2 技職
110,0025,國立臺北科技大學,D 日,5 五專,121,100,21,23,3,28,4,24,8,25,6,0,0,0,0,0,0,0,0,30 臺北市,2 技職
110,0028,國立臺北藝術大學,D 日,D 博士,109,52,57,10,11,9,7,11,10,6,12,8,4,3,6,5,7,0,0,30 臺北市,1 一般
110,0028,國立臺北藝術大學,D 日,M 碩士,943,320,623,95,198,88,183,66,141,71,101,0,0,0,0,0,0,0,0,30 臺北市,1 一般
110,0028,國立臺北藝術大學,N 職,M 碩士,180,53,127,15,41,13,38,17,28,5,15,3,5,0,0,0,0,0,0,30 臺北市,1 一般
110,0028,國立臺北藝術大學,D 日,B 學士,1746,643,1103,149,268,140,240,138,245,120,224,0,0,0,0,0,0,96,126,30 臺北市,1 一般
110,0028,國立臺北藝術大學,D 日,X 4+X,1,1,0,0,0,0,0,0,0,0,0,0,0,0,0,0,0,1,0,30 臺北市,1 一般
110,0028,國立臺北藝術大學,D 日,5 七年,84,41,43,13,15,15,15,13,13,0,0,0,0,0,0,0,0,0,0,30 臺北市,1 一般
110,0029,國立臺灣藝術大學,D 日,D 博士,150,67,83,17,15,13,21,15,13,10,17,7,8,4,5,1,4,0,0,01 新北市,1 一般
110,0029,國立臺灣藝術大學,D 日,M 碩士,756,279,477,91,159,82,138,61,120,45,59,0,1,0,0,0,0,0,0,01 新北市,1 一般
110,0029,國立臺灣藝術大學,N 職,M 碩士,403,171,232,42,65,40,49,37,66,26,30,16,11,10,11,0,0,0,0,01 新北市,1 一般
110,0029,國立臺灣藝術大學,D 日,B 學士,2353,684,1669,164,389,158,378,143,392,149,372,0,0,0,0,0,0,70,138,01 新北市,1 一般
110,0029,國立臺灣藝術大學,P 進,B 學士,1597,506,1091,112,266,119,239,104,260,105,234,0,0,0,0,0,0,66,92,01 新北市,1 一般
110,0029,國立臺灣藝術大學,N 修,C 二技,355,85,270,0,0,0,0,44,103,31,122,0,0,0,0,0,0,10,45,01 新北市,2 技職
110,0030,國立臺東大學,D 日,D 博士,43,17,26,3,3,4,3,3,4,4,5,0,2,0,4,3,5,0,0,14 臺東縣,1 一般
110,0030,國立臺東大學,D 日,M 碩士,399,165,234,61,92,39,65,44,46,19,24,2,6,0,1,0,0,0,0,14 臺東縣,1 一般
110,0030,國立臺東大學,N 職,M 碩士,609,174,435,66,156,59,150,20,59,12,27,6,20,5,13,6,10,0,0,14 臺東縣,1 一般
110,0030,國立臺東大學,D 日,B 學士,3690,1837,1853,470,505,445,460,427,437,396,404,0,0,0,0,0,0,99,47,14 臺東縣,1 一般
110,0030,國立臺東大學,P 進,B 學士,289,126,163,42,59,25,55,29,28,21,11,0,0,0,0,0,0,9,10,14 臺東縣,1 一般
110,0030,國立臺東大學,N 修,C 二技,110,45,65,0,0,0,0,24,34,20,31,0,0,0,0,0,0,1,0,14 臺東縣,2 技職
110,0031,國立宜蘭大學,D 日,D 博士,17,11,6,5,2,0,0,3,1,1,2,0,0,2,1,0,0,0,0,02 宜蘭縣,1 一般
110,0031,國立宜蘭大學,D 日,M 碩士,500,333,167,146,72,125,52,39,26,21,13,1,4,1,0,0,0,0,0,02 宜蘭縣,1 一般
110,0031,國立宜蘭大學,N 職,M 碩士,218,159,59,58,27,54,22,20,5,16,3,5,0,6,2,0,0,0,0,02 宜蘭縣,1 一般
110,0031,國立宜蘭大學,D 日,B 學士,4476,2826,1650,778,418,678,393,639,406,604,410,0,0,0,0,0,0,127,23,02 宜蘭縣,1 一般
110,0031,國立宜蘭大學,P 進,B 學士,426,272,154,65,34,58,37,60,41,64,30,0,0,0,0,0,0,25,12,02 宜蘭縣,1 一般
110,0032,國立聯合大學,D 日,D 博士,19,18,1,5,0,2,1,3,0,2,0,2,0,3,0,1,0,0,0,05 苗栗縣,1 一般
110,0032,國立聯合大學,D 日,M 碩士,407,289,118,128,56,91,39,42,13,24,7,3,3,1,0,0,0,0,0,05 苗栗縣,1 一般
110,0032,國立聯合大學,N 職,M 碩士,42,26,16,12,8,12,7,2,1,0,0,0,0,0,0,0,0,0,0,05 苗栗縣,1 一般
110,0032,國立聯合大學,D 日,B 學士,6104,4202,1902,1075,490,1044,479,976,431,920,453,17,17,0,0,0,0,170,32,05 苗栗縣,1 一般
110,0032,國立聯合大學,P 進,B 學士,1083,748,335,189,76,149,62,166,80,195,79,0,0,0,0,0,0,49,38,05 苗栗縣,1 一般
110,0033,國立虎尾科技大學,D 日,D 博士,57,49,8,13,2,11,2,7,0,7,0,5,1,6,1,0,2,0,0,09 雲林縣,2 技職
110,0033,國立虎尾科技大學,D 日,M 碩士,912,747,165,390,93,279,54,63,11,15,7,0,0,0,0,0,0,0,0,09 雲林縣,2 技職
110,0033,國立虎尾科技大學,N 職,M 碩士,193,142,51,65,23,41,14,16,6,14,4,6,4,0,0,0,0,0,0,09 雲林縣,2 技職
110,0033,國立虎尾科技大學,D 日,B 四技,7340,5609,1731,1454,446,1390,439,1298,417,1276,409,0,0,0,0,0,0,191,20,09 雲林縣,2 技職
110,0033,國立虎尾科技大學,N 修,B 四技,2200,1791,409,546,99,401,97,429,99,331,104,0,0,0,0,0,0,84,10,09 雲林縣,2 技職
110,0033,國立虎尾科技大學,D 日,C 二技,235,181,54,0,0,0,0,94,28,80,26,0,0,0,0,0,0,7,0,09 雲林縣,2 技職
110,0033,國立虎尾科技大學,N 修,C 二技,169,112,57,0,0,0,0,46,33,64,21,0,0,0,0,0,0,2,3,09 雲林縣,2 技職
110,0033,國立虎尾科技大學,D 日,2 二專,64,60,4,34,0,17,4,0,0,0,0,0,0,0,0,0,0,9,0,09 雲林縣,2 技職
110,0033,國立虎尾科技大學,D 日,5 五專,238,207,31,58,11,73,9,34,4,42,7,0,0,0,0,0,0,0,0,09 雲林縣,2 技職
110,0035,國立臺南藝術大學,D 日,D 博士,58,25,33,8,9,5,8,3,4,4,4,2,1,2,5,1,2,0,0,11 臺南市,1 一般
110,0035,國立臺南藝術大學,D 日,M 碩士,548,196,352,66,100,50,96,41,69,38,85,1,1,0,1,0,0,0,0,11 臺南市,1 一般
110,0035,國立臺南藝術大學,N 職,M 碩士,51,16,35,5,11,6,9,2,6,0,1,0,3,2,2,1,3,0,0,11 臺南市,1 一般
110,0035,國立臺南藝術大學,D 日,B 學士,786,251,535,74,126,48,128,51,120,55,132,0,0,0,0,0,0,23,29,11 臺南市,1 一般
110,0035,國立臺南藝術大學,D 日,5 七年,173,77,96,24,35,30,28,23,33,0,0,0,0,0,0,0,0,0,0,11 臺南市,1 一般
110,0036,國立臺南大學,D 日,D 博士,153,64,89,9,18,12,11,8,15,6,13,9,12,6,8,14,12,0,0,21 臺南市,1 一般
110,0036,國立臺南大學,D 日,M 碩士,988,414,574,145,196,135,157,78,103,51,104,3,11,2,3,0,0,0,0,21 臺南市,1 一般
110,0036,國立臺南大學,N 職,M 碩士,662,208,454,65,152,72,143,27,73,31,60,12,20,1,6,0,0,0,0,21 臺南市,1 一般
110,0036,國立臺南大學,D 日,B 學士,3955,1840,2115,463,537,443,510,439,517,424,501,0,0,0,0,0,0,71,50,21 臺南市,1 一般
110,0036,國立臺南大學,P 進,B 學士,181,107,74,24,19,32,19,29,13,19,19,0,0,0,0,0,0,3,4,21 臺南市,1 一般
110,0037,國立臺北教育大學,D 日,D 博士,154,69,85,6,14,6,12,11,12,7,12,11,7,9,9,19,19,0,0,30 臺北市,3 師範
110,0037,國立臺北教育大學,D 日,M 碩士,1418,440,978,148,299,121,282,73,169,78,168,15,40,4,11,1,9,0,0,30 臺北市,3 師範
110,0037,國立臺北教育大學,N 職,M 碩士,1048,262,786,109,274,80,252,33,104,20,94,5,14,15,47,0,1,0,0,30 臺北市,3 師範
110,0037,國立臺北教育大學,D 日,B 學士,3318,1101,2217,273,536,278,517,241,539,253,558,0,0,0,0,0,0,56,67,30 臺北市,3 師範
110,0039,國立臺中教育大學,D 日,D 博士,106,40,66,5,9,6,7,6,12,4,13,4,9,8,7,7,9,0,0,19 臺中市,3 師範
110,0039,國立臺中教育大學,D 日,M 碩士,882,284,598,100,203,92,178,56,124,30,80,2,9,4,4,0,0,0,0,19 臺中市,3 師範
110,0039,國立臺中教育大學,N 職,M 碩士,783,167,616,49,204,51,190,25,100,20,82,14,25,8,15,0,0,0,0,19 臺中市,3 師範
110,0039,國立臺中教育大學,D 日,B 學士,3234,1158,2076,306,511,272,505,271,511,246,508,0,0,0,0,0,0,63,41,19 臺中市,3 師範
110,0042,國立澎湖科技大學,D 日,M 碩士,87,45,42,16,19,17,14,10,7,2,2,0,0,0,0,0,0,0,0,16 澎湖縣,2 技職
110,0042,國立澎湖科技大學,N 職,M 碩士,40,26,14,9,7,15,4,2,3,0,0,0,0,0,0,0,0,0,0,16 澎湖縣,2 技職
110,0042,國立澎湖科技大學,D 日,B 四技,2583,1583,1000,401,209,383,253,368,255,334,252,0,0,0,0,0,0,97,31,16 澎湖縣,2 技職
110,0042,國立澎湖科技大學,N 修,B 四技,285,139,146,31,36,30,32,34,35,42,36,0,0,0,0,0,0,2,7,16 澎湖縣,2 技職
110,0042,國立澎湖科技大學,D 日,5 五專,68,65,3,35,0,11,0,9,2,10,1,0,0,0,0,0,0,0,0,16 澎湖縣,2 技職
110,0043,國立勤益科技大學,D 日,D 博士,45,39,6,14,2,13,1,8,2,1,0,1,1,1,0,1,0,0,0,06 臺中市,2 技職
110,0043,國立勤益科技大學,D 日,M 碩士,618,465,153,221,76,186,59,43,15,14,3,1,0,0,0,0,0,0,0,06 臺中市,2 技職
110,0043,國立勤益科技大學,N 職,M 碩士,292,228,64,101,30,87,27,26,2,7,2,3,3,4,0,0,0,0,0,06 臺中市,2 技職
110,0043,國立勤益科技大學,D 日,B 四技,6812,4703,2109,1251,558,1126,504,1086,503,1062,514,0,0,0,0,0,0,178,30,06 臺中市,2 技職
110,0043,國立勤益科技大學,N 修,B 四技,3679,3103,576,891,154,753,133,663,122,604,136,0,0,0,0,0,0,192,31,06 臺中市,2 技職
110,0043,國立勤益科技大學,D 日,C 二技,143,108,35,0,0,0,0,56,18,25,4,0,0,0,0,0,0,27,13,06 臺中市,2 技職
110,0043,國立勤益科技大學,N 修,C 二技,445,357,88,0,0,0,0,183,45,162,40,0,0,0,0,0,0,12,3,06 臺中市,2 技職
110,0043,國立勤益科技大學,N 修,2 二專,408,295,113,114,47,124,54,0,0,0,0,0,0,0,0,0,0,57,12,06 臺中市,2 技職
110,0044,國立體育大學,D 日,D 博士,153,105,48,15,10,17,8,23,7,15,2,9,8,12,6,14,7,0,0,03 桃園市,1 一般
110,0044,國立體育大學,D 日,M 碩士,339,189,150,71,63,59,50,32,24,27,13,0,0,0,0,0,0,0,0,03 桃園市,1 一般
110,0044,國立體育大學,N 職,M 碩士,236,141,95,45,38,34,36,30,10,18,7,6,1,8,3,0,0,0,0,03 桃園市,1 一般
110,0044,國立體育大學,D 日,B 學士,1822,1152,670,302,176,269,171,246,146,250,152,0,0,0,0,0,0,85,25,03 桃園市,1 一般
110,0044,國立體育大學,N 修,C 二年制,93,58,35,0,0,0,0,36,17,19,14,0,0,0,0,0,0,3,4,03 桃園市,1 一般
110,0046,國立臺北護理健康大學,D 日,D 博士,77,8,69,1,13,2,16,1,11,1,14,3,8,0,2,0,5,0,0,30 臺北市,2 技職
110,0046,國立臺北護理健康大學,D 日,M 碩士,559,94,465,34,150,31,141,14,97,15,77,0,0,0,0,0,0,0,0,30 臺北市,2 技職
110,0046,國立臺北護理健康大學,N 職,M 碩士,205,27,178,10,58,9,54,6,45,2,21,0,0,0,0,0,0,0,0,30 臺北市,2 技職
110,0046,國立臺北護理健康大學,D 日,B 四技,2837,756,2081,181,532,195,525,167,475,178,468,0,0,0,0,0,0,35,81,30 臺北市,2 技職
110,0046,國立臺北護理健康大學,D 日,C 二技,948,87,861,0,0,0,0,46,412,38,431,0,0,0,0,0,0,3,18,30 臺北市,2 技職
110,0046,國立臺北護理健康大學,N 修,C 二技,739,32,707,0,0,0,0,9,245,12,233,10,214,0,0,0,0,1,15,30 臺北市,2 技職
110,0047,國立高雄餐旅大學,D 日,D 博士,32,16,16,3,4,4,2,4,4,2,3,1,1,1,0,1,2,0,0,50 高雄市,2 技職
110,0047,國立高雄餐旅大學,D 日,M 碩士,168,58,110,28,47,21,39,6,14,2,7,1,3,0,0,0,0,0,0,50 高雄市,2 技職
110,0047,國立高雄餐旅大學,N 職,M 碩士,36,15,21,5,8,7,9,2,2,1,1,0,1,0,0,0,0,0,0,50 高雄市,2 技職
110,0047,國立高雄餐旅大學,D 日,B 四技,3033,983,2050,256,490,245,507,225,507,243,532,0,0,0,0,0,0,14,14,50 高雄市,2 技職
110,0047,國立高雄餐旅大學,N 修,B 四技,1010,361,649,110,162,80,138,78,146,87,192,0,0,0,0,0,0,6,11,50 高雄市,2 技職
110,0047,國立高雄餐旅大學,D 日,C 二技,73,18,55,0,0,0,0,8,19,10,35,0,0,0,0,0,0,0,1,50 高雄市,2 技職
110,0047,國立高雄餐旅大學,N 修,C 二技,197,49,148,0,0,0,0,23,56,24,89,0,0,0,0,0,0,2,3,50 高雄市,2 技職
110,0047,國立高雄餐旅大學,D 日,5 五專,249,97,152,17,32,17,34,22,28,22,26,17,28,0,0,0,0,2,4,50 高雄市,2 技職
110,0048,國立金門大學,D 日,M 碩士,200,112,88,61,42,34,32,13,9,4,5,0,0,0,0,0,0,0,0,71 金門縣,1 一般
110,0048,國立金門大學,N 職,M 碩士,112,74,38,27,21,23,15,11,1,13,1,0,0,0,0,0,0,0,0,71 金門縣,1 一般
110,0048,國立金門大學,D 日,B 學士,3074,1623,1451,444,398,416,324,356,348,323,341,18,14,0,0,0,0,66,26,71 金門縣,1 一般
110,0048,國立金門大學,P 進,B 學士,829,467,362,128,95,89,89,110,72,99,90,0,0,0,0,0,0,41,16,71 金門縣,1 一般
110,0049,國立臺灣體育運動大學,D 日,D 博士,13,5,8,2,3,3,5,0,0,0,0,0,0,0,0,0,0,0,0,19 臺中市,1 一般
110,0049,國立臺灣體育運動大學,D 日,M 碩士,260,133,127,42,44,38,34,29,23,20,25,2,0,1,0,1,1,0,0,19 臺中市,1 一般
110,0049,國立臺灣體育運動大學,N 職,M 碩士,114,72,42,28,14,24,14,14,7,5,3,1,2,0,2,0,0,0,0,19 臺中市,1 一般
110,0049,國立臺灣體育運動大學,D 日,B 學士,2346,1349,997,364,211,317,251,298,232,280,244,0,0,0,0,0,0,90,59,19 臺中市,1 一般
110,0049,國立臺灣體育運動大學,P 進,B 學士,388,273,115,73,30,64,22,57,22,49,28,0,0,0,0,0,0,30,13,19 臺中市,1 一般
110,0050,國立臺中科技大學,D 日,M 碩士,430,178,252,80,110,65,98,24,30,9,14,0,0,0,0,0,0,0,0,19 臺中市,2 技職
110,0050,國立臺中科技大學,N 職,M 碩士,244,102,142,49,73,35,54,12,10,6,5,0,0,0,0,0,0,0,0,19 臺中市,2 技職
110,0050,國立臺中科技大學,D 日,B 四技,5424,1740,3684,498,932,413,918,394,868,374,889,0,0,0,0,0,0,61,77,19 臺中市,2 技職
110,0050,國立臺中科技大學,N 修,B 四技,2179,763,1416,228,345,170,310,166,332,147,351,0,0,0,0,0,0,52,78,19 臺中市,2 技職
110,0050,國立臺中科技大學,D 日,C 二技,1346,282,1064,0,0,0,0,135,503,137,533,0,0,0,0,0,0,10,28,19 臺中市,2 技職
110,0050,國立臺中科技大學,N 修,C 二技,1808,594,1214,0,0,0,0,274,628,275,516,0,0,0,0,0,0,45,70,19 臺中市,2 技職
110,0050,國立臺中科技大學,N 修,2 二專,1196,456,740,222,361,188,324,0,0,0,0,0,0,0,0,0,0,46,55,19 臺中市,2 技職
110,0050,國立臺中科技大學,D 日,5 五專,3564,966,2598,215,512,211,551,211,536,163,499,141,445,0,0,0,0,25,55,19 臺中市,2 技職
110,0051,國立臺北商業大學,D 日,D 博士,8,7,1,3,0,2,1,2,0,0,0,0,0,0,0,0,0,0,0,30 臺北市,2 技職
110,0051,國立臺北商業大學,D 日,M 碩士,301,129,172,51,77,69,87,5,8,4,0,0,0,0,0,0,0,0,0,30 臺北市,2 技職
110,0051,國立臺北商業大學,N 職,M 碩士,68,28,40,14,21,10,15,4,4,0,0,0,0,0,0,0,0,0,0,30 臺北市,2 技職
110,0051,國立臺北商業大學,D 日,B 四技,2461,786,1675,205,400,185,408,203,431,177,394,0,0,0,0,0,0,16,42,30 臺北市,2 技職
110,0051,國立臺北商業大學,N 修,B 四技,907,327,580,101,159,95,148,68,137,52,113,0,0,0,0,0,0,11,23,30 臺北市,2 技職
110,0051,國立臺北商業大學,D 日,C 二技,645,138,507,0,0,0,0,61,239,67,260,0,0,0,0,0,0,10,8,30 臺北市,2 技職
110,0051,國立臺北商業大學,N 修,C 二技,903,308,595,0,0,0,0,149,276,143,297,0,0,0,0,0,0,16,22,30 臺北市,2 技職
110,0051,國立臺北商業大學,N 修,2 二專,493,159,334,83,173,76,161,0,0,0,0,0,0,0,0,0,0,0,0,30 臺北市,2 技職
110,0051,國立臺北商業大學,D 日,5 五專,1704,482,1222,93,224,94,255,94,251,106,218,84,247,0,0,0,0,11,27,30 臺北市,2 技職
110,0052,國立屏東大學,D 日,D 博士,47,24,23,4,6,7,3,3,5,3,4,2,3,3,1,2,1,0,0,13 屏東縣,1 一般
110,0052,國立屏東大學,D 日,M 碩士,910,340,570,144,219,113,174,37,108,46,66,0,3,0,0,0,0,0,0,13 屏東縣,1 一般
110,0052,國立屏東大學,N 職,M 碩士,727,227,500,74,165,69,136,34,101,30,49,16,38,4,10,0,1,0,0,13 屏東縣,1 一般
110,0052,國立屏東大學,D 日,B 學士,6630,2786,3844,739,933,681,917,649,916,609,971,0,0,0,0,0,0,108,107,13 屏東縣,1 一般
110,0052,國立屏東大學,P 進,B 學士,823,388,435,99,109,102,127,68,93,78,80,0,0,0,0,0,0,41,26,13 屏東縣,1 一般
110,0053,國立高雄科技大學,D 日,D 博士,621,465,156,110,52,79,26,79,30,64,16,55,7,25,12,53,13,0,0,50 高雄市,2 技職
110,0053,國立高雄科技大學,D 日,M 碩士,2530,1722,808,803,428,711,279,138,62,69,39,0,0,1,0,0,0,0,0,50 高雄市,2 技職
110,0053,國立高雄科技大學,N 職,M 碩士,2010,1290,720,489,330,454,282,167,63,87,23,50,9,43,13,0,0,0,0,50 高雄市,2 技職
110,0053,國立高雄科技大學,D 日,B 四技,17453,10790,6663,2702,1728,2708,1660,2461,1604,2523,1518,0,0,0,0,0,0,396,153,50 高雄市,2 技職
110,0053,國立高雄科技大學,N 修,B 四技,3938,2640,1298,630,309,597,302,605,313,563,306,0,0,0,0,0,0,245,68,50 高雄市,2 技職
110,0053,國立高雄科技大學,D 日,C 二技,439,269,170,0,0,0,0,123,82,105,71,0,0,0,0,0,0,41,17,50 高雄市,2 技職
110,0053,國立高雄科技大學,N 修,C 二技,113,69,44,0,0,0,0,34,24,29,17,0,0,0,0,0,0,6,3,50 高雄市,2 技職
110,0053,國立高雄科技大學,D 日,5 五專,798,650,148,129,30,109,34,140,33,175,33,75,17,0,0,0,0,22,1,50 高雄市,2 技職
110,0144,國立臺灣戲曲學院,D 日,B 四技,539,186,353,49,84,51,83,33,87,44,82,0,0,0,0,0,0,9,17,30 臺北市,2 技職
110,0144,國立臺灣戲曲學院,N 修,B 四技,2,1,1,0,0,0,0,0,0,0,0,0,0,0,0,0,0,1,1,30 臺北市,2 技職
110,0221,國立臺南護理專科學校,D 日,2 二專,99,7,92,1,37,6,52,0,0,0,0,0,0,0,0,0,0,0,3,21 臺南市,2 技職
110,0221,國立臺南護理專科學校,N 修,2 二專,23,6,17,6,17,0,0,0,0,0,0,0,0,0,0,0,0,0,0,21 臺南市,2 技職
110,0221,國立臺南護理專科學校,D 日,5 五專,1804,163,1641,32,340,36,335,33,319,31,317,29,321,0,0,0,0,2,9,21 臺南市,2 技職
110,0222,國立臺東專科學校,D 日,2 二專,573,407,166,184,86,216,77,0,0,0,0,0,0,0,0,0,0,7,3,14 臺東縣,2 技職
110,0222,國立臺東專科學校,N 修,2 二專,116,65,51,24,28,36,21,0,0,0,0,0,0,0,0,0,0,5,2,14 臺東縣,2 技職
110,0222,國立臺東專科學校,D 日,5 五專,266,127,139,25,14,21,17,31,23,16,28,24,44,0,0,0,0,10,13,14 臺東縣,2 技職
110,1001,東海大學,D 日,D 博士,253,152,101,29,13,18,10,21,23,24,14,24,12,15,8,21,21,0,0,19 臺中市,1 一般
110,1001,東海大學,D 日,M 碩士,1300,631,669,220,271,208,184,93,125,100,80,2,5,8,4,0,0,0,0,19 臺中市,1 一般
110,1001,東海大學,N 職,M 碩士,763,380,383,129,138,112,119,53,63,37,31,25,19,24,13,0,0,0,0,19 臺中市,1 一般
110,1001,東海大學,D 日,B 學士,13147,5830,7317,1529,1793,1405,1764,1242,1788,1315,1736,9,18,0,0,0,0,330,218,19 臺中市,1 一般
110,1001,東海大學,P 進,B 學士,404,209,195,21,27,34,32,31,31,52,47,34,44,0,0,0,0,37,14,19 臺中市,1 一般
110,1002,輔仁大學,D 日,D 博士,427,228,199,39,34,35,25,40,35,30,27,32,29,21,24,31,25,0,0,01 新北市,1 一般
110,1002,輔仁大學,D 日,M 碩士,1969,799,1170,300,458,232,340,155,232,105,133,5,6,2,1,0,0,0,0,01 新北市,1 一般
110,1002,輔仁大學,N 職,M 碩士,1492,553,939,214,325,166,307,81,147,42,75,25,51,25,34,0,0,0,0,01 新北市,1 一般
110,1002,輔仁大學,D 日,B 學士,17751,7282,10469,1794,2510,1655,2682,1715,2461,1604,2456,38,13,35,17,0,0,441,330,01 新北市,1 一般
110,1002,輔仁大學,P 進,B 學士,4063,1565,2498,430,613,362,560,330,575,290,540,0,0,0,0,0,0,153,210,01 新北市,1 一般
110,1002,輔仁大學,N 修,C 二技,58,2,56,0,0,0,0,1,36,0,20,0,0,0,0,0,0,1,0,01 新北市,2 技職
110,1003,東吳大學,D 日,D 博士,127,70,57,9,9,9,6,12,12,4,6,13,8,14,11,9,5,0,0,30 臺北市,1 一般
110,1003,東吳大學,D 日,M 碩士,1317,587,730,191,246,185,185,96,145,111,147,4,7,0,0,0,0,0,0,30 臺北市,1 一般
110,1003,東吳大學,N 職,M 碩士,1209,567,642,146,190,140,157,100,109,62,86,69,41,50,59,0,0,0,0,30 臺北市,1 一般
110,1003,東吳大學,D 日,B 學士,11851,4621,7230,1095,1745,1072,1709,1046,1732,1024,1603,98,142,0,0,0,0,286,299,30 臺北市,1 一般
110,1003,東吳大學,P 進,B 學士,954,358,596,62,82,85,143,76,142,73,127,42,81,0,0,0,0,20,21,30 臺北市,1 一般
110,1004,中原大學,D 日,D 博士,353,244,109,51,24,36,21,46,20,45,22,17,8,24,8,25,6,0,0,03 桃園市,1 一般
110,1004,中原大學,D 日,M 碩士,1612,937,675,405,281,348,215,107,95,69,68,7,13,1,3,0,0,0,0,03 桃園市,1 一般
110,1004,中原大學,N 職,M 碩士,906,528,378,207,151,160,141,49,37,30,16,47,19,33,11,2,3,0,0,03 桃園市,1 一般
110,1004,中原大學,D 日,B 學士,13658,7180,6478,1686,1630,1633,1530,1616,1511,1626,1471,82,80,0,0,0,0,537,256,03 桃園市,1 一般
110,1005,淡江大學,D 日,D 博士,374,257,117,47,24,38,17,41,18,33,19,36,11,35,17,27,11,0,0,01 新北市,1 一般
110,1005,淡江大學,D 日,M 碩士,1528,843,685,368,294,309,220,110,90,56,81,0,0,0,0,0,0,0,0,01 新北市,1 一般
110,1005,淡江大學,N 職,M 碩士,723,376,347,122,141,135,121,48,29,37,27,24,16,10,13,0,0,0,0,01 新北市,1 一般
110,1005,淡江大學,D 日,B 學士,20763,10875,9888,2676,2391,2625,2349,2491,2427,2351,2348,37,26,0,0,0,0,695,347,01 新北市,1 一般
110,1005,淡江大學,P 進,B 學士,1146,661,485,130,94,150,92,146,118,157,133,0,0,0,0,0,0,78,48,01 新北市,1 一般
110,1006,中國文化大學,D 日,D 博士,505,315,190,33,33,30,21,42,22,38,17,28,24,48,18,96,55,0,0,30 臺北市,1 一般
110,1006,中國文化大學,D 日,M 碩士,1582,838,744,208,232,180,173,142,119,117,93,87,79,104,48,0,0,0,0,30 臺北市,1 一般
110,1006,中國文化大學,N 職,M 碩士,616,232,384,49,127,49,90,33,46,37,37,28,41,36,43,0,0,0,0,30 臺北市,1 一般
110,1006,中國文化大學,D 日,B 學士,20203,10196,10007,2352,2210,2298,2271,2083,2261,2018,2260,28,20,0,0,0,0,1417,985,30 臺北市,1 一般
110,1006,中國文化大學,P 進,B 學士,1438,607,831,149,192,100,157,142,197,108,174,0,0,0,0,0,0,108,111,30 臺北市,1 一般
110,1006,中國文化大學,N 修,C 二技,159,60,99,0,0,0,0,23,40,28,45,7,13,0,0,0,0,2,1,30 臺北市,2 技職
110,1007,逢甲大學,D 日,D 博士,417,300,117,59,24,53,24,45,14,40,19,38,11,30,9,35,16,0,0,19 臺中市,1 一般
110,1007,逢甲大學,D 日,M 碩士,1647,1078,569,528,321,395,184,96,32,57,32,1,0,1,0,0,0,0,0,19 臺中市,1 一般
110,1007,逢甲大學,N 職,M 碩士,1122,669,453,264,188,221,188,69,40,51,8,35,19,29,10,0,0,0,0,19 臺中市,1 一般
110,1007,逢甲大學,D 日,B 學士,17321,10121,7200,2388,1778,2354,1802,2427,1764,2366,1689,58,41,0,0,0,0,528,126,19 臺中市,1 一般
110,1007,逢甲大學,P 進,B 學士,886,526,360,115,76,119,91,117,81,111,85,0,0,0,0,0,0,64,27,19 臺中市,1 一般
110,1008,靜宜大學,D 日,D 博士,50,22,28,6,6,2,6,3,6,3,5,2,2,5,2,1,1,0,0,06 臺中市,1 一般
110,1008,靜宜大學,D 日,M 碩士,652,250,402,98,163,67,122,56,70,25,46,1,0,3,1,0,0,0,0,06 臺中市,1 一般
110,1008,靜宜大學,N 職,M 碩士,333,157,176,42,56,59,50,21,24,11,22,13,11,10,8,1,5,0,0,06 臺中市,1 一般
110,1008,靜宜大學,D 日,B 學士,11138,4339,6799,1068,1608,1053,1667,910,1651,928,1569,0,0,0,0,0,0,380,304,06 臺中市,1 一般
110,1009,長庚大學,D 日,D 博士,443,292,151,50,29,35,22,44,17,36,22,33,15,32,12,62,34,0,0,03 桃園市,1 一般
110,1009,長庚大學,D 日,M 碩士,1062,510,552,211,227,179,175,83,84,31,46,3,14,3,6,0,0,0,0,03 桃園市,1 一般
110,1009,長庚大學,N 職,M 碩士,189,94,95,36,48,29,39,14,4,5,3,8,1,2,0,0,0,0,0,03 桃園市,1 一般
110,1009,長庚大學,D 日,B 學士,5236,2553,2683,573,670,590,578,537,633,546,565,103,66,82,76,25,19,97,76,03 桃園市,1 一般
110,1010,元智大學,D 日,D 博士,261,196,65,40,12,29,9,32,13,35,10,26,11,14,4,20,6,0,0,03 桃園市,1 一般
110,1010,元智大學,D 日,M 碩士,770,476,294,210,148,159,94,67,33,39,17,1,2,0,0,0,0,0,0,03 桃園市,1 一般
110,1010,元智大學,N 職,M 碩士,603,390,213,131,83,105,66,63,22,41,23,16,8,30,10,4,1,0,0,03 桃園市,1 一般
110,1010,元智大學,D 日,B 學士,7165,4012,3153,1014,842,983,755,891,739,891,711,0,0,0,0,0,0,233,106,03 桃園市,1 一般
110,1011,中華大學,D 日,D 博士,76,55,21,11,3,12,5,11,4,9,3,3,2,2,2,7,2,0,0,18 新竹市,1 一般
110,1011,中華大學,D 日,M 碩士,285,183,102,106,56,39,23,24,18,13,5,1,0,0,0,0,0,0,0,18 新竹市,1 一般
110,1011,中華大學,N 職,M 碩士,155,89,66,48,33,23,28,12,2,6,3,0,0,0,0,0,0,0,0,18 新竹市,1 一般
110,1011,中華大學,D 日,B 學士,4113,2725,1388,686,324,607,316,577,295,658,375,19,7,0,0,0,0,178,71,18 新竹市,1 一般
110,1011,中華大學,P 進,B 學士,173,117,56,52,21,21,16,15,7,21,5,0,0,0,0,0,0,8,7,18 新竹市,1 一般
110,1011,中華大學,N 修,C 二技,243,171,72,0,0,0,0,13,6,156,65,0,0,0,0,0,0,2,1,18 新竹市,2 技職
110,1012,大葉大學,D 日,D 博士,115,83,32,11,13,15,6,17,4,12,3,10,1,13,2,5,3,0,0,07 彰化縣,1 一般
110,1012,大葉大學,D 日,M 碩士,392,236,156,115,79,60,34,35,27,25,15,1,1,0,0,0,0,0,0,07 彰化縣,1 一般
110,1012,大葉大學,N 職,M 碩士,216,82,134,49,72,14,34,7,12,2,7,3,3,7,6,0,0,0,0,07 彰化縣,1 一般
110,1012,大葉大學,D 日,B 學士,5638,3018,2620,615,543,688,595,725,644,783,753,0,0,0,0,0,0,207,85,07 彰化縣,1 一般
110,1012,大葉大學,P 進,B 學士,340,214,126,43,25,46,16,42,27,64,53,0,0,0,0,0,0,19,5,07 彰化縣,1 一般
110,1012,大葉大學,N 修,C 二技,74,1,73,0,0,0,0,0,23,1,26,0,0,0,0,0,0,0,24,07 彰化縣,2 技職
110,1013,華梵大學,D 日,D 博士,65,31,34,2,9,5,5,5,5,5,4,5,3,6,3,3,5,0,0,01 新北市,1 一般
110,1013,華梵大學,D 日,M 碩士,167,74,93,25,34,23,19,12,25,14,15,0,0,0,0,0,0,0,0,01 新北市,1 一般
110,1013,華梵大學,N 職,M 碩士,190,79,111,34,60,15,28,23,16,4,2,2,0,1,5,0,0,0,0,01 新北市,1 一般
110,1013,華梵大學,D 日,B 學士,668,347,321,83,100,66,65,52,40,105,98,0,0,0,0,0,0,41,18,01 新北市,1 一般
110,1014,義守大學,D 日,D 博士,155,107,48,16,5,21,8,15,13,16,7,13,7,15,3,11,5,0,0,12 高雄市,1 一般
110,1014,義守大學,D 日,M 碩士,360,200,160,84,71,75,46,31,30,10,13,0,0,0,0,0,0,0,0,12 高雄市,1 一般
110,1014,義守大學,N 職,M 碩士,342,221,121,95,65,74,41,18,7,17,3,13,4,4,1,0,0,0,0,12 高雄市,1 一般
110,1014,義守大學,D 日,B 學士,12061,6091,5970,1467,1487,1462,1460,1462,1377,1287,1408,22,29,0,0,0,0,391,209,12 高雄市,1 一般
110,1014,義守大學,P 進,B 學士,877,637,240,206,57,75,30,111,68,167,58,0,0,0,0,0,0,78,27,12 高雄市,1 一般
110,1014,義守大學,N 修,C 二技,164,28,136,0,0,0,0,13,70,12,59,0,0,0,0,0,0,3,7,12 高雄市,2 技職
110,1015,世新大學,D 日,D 博士,87,45,42,9,6,8,10,7,7,7,9,5,4,3,2,6,4,0,0,30 臺北市,1 一般
110,1015,世新大學,D 日,M 碩士,582,273,309,115,149,80,80,36,48,42,31,0,1,0,0,0,0,0,0,30 臺北市,1 一般
110,1015,世新大學,N 職,M 碩士,656,337,319,103,107,70,76,53,50,40,29,31,37,40,20,0,0,0,0,30 臺北市,1 一般
110,1015,世新大學,D 日,B 學士,9517,3421,6096,863,1479,813,1454,819,1485,760,1490,0,0,0,0,0,0,166,188,30 臺北市,1 一般
110,1015,世新大學,P 進,B 學士,592,218,374,76,139,40,59,36,73,54,83,0,0,0,0,0,0,12,20,30 臺北市,1 一般
110,1016,銘傳大學,D 日,D 博士,69,33,36,6,5,4,3,8,7,2,9,3,5,7,3,3,4,0,0,30 臺北市,1 一般
110,1016,銘傳大學,D 日,M 碩士,765,329,436,132,191,108,132,45,64,44,49,0,0,0,0,0,0,0,0,30 臺北市,1 一般
110,1016,銘傳大學,N 職,M 碩士,781,343,438,107,160,109,155,40,46,39,33,25,32,23,12,0,0,0,0,30 臺北市,1 一般
110,1016,銘傳大學,D 日,B 學士,17355,6893,10462,1732,2529,1530,2542,1572,2530,1537,2440,26,27,0,0,0,0,496,394,30 臺北市,1 一般
110,1017,實踐大學,D 日,D 博士,32,13,19,3,0,1,3,2,8,2,2,4,3,0,3,1,0,0,0,30 臺北市,1 一般
110,1017,實踐大學,D 日,M 碩士,383,170,213,61,71,38,66,40,44,29,31,2,1,0,0,0,0,0,0,30 臺北市,1 一般
110,1017,實踐大學,N 職,M 碩士,117,42,75,12,23,14,25,8,13,7,13,1,1,0,0,0,0,0,0,30 臺北市,1 一般
110,1017,實踐大學,D 日,B 學士,10582,3452,7130,859,1674,843,1705,754,1728,691,1665,12,24,0,0,0,0,293,334,30 臺北市,1 一般
110,1017,實踐大學,P 進,B 學士,1682,542,1140,78,207,132,270,139,306,139,265,0,0,0,0,0,0,54,92,30 臺北市,1 一般
110,1017,實踐大學,N 修,C 二技,98,25,73,0,0,0,0,10,28,13,35,0,0,0,0,0,0,2,10,30 臺北市,2 技職
110,1018,朝陽科技大學,D 日,D 博士,110,72,38,17,8,11,7,18,11,7,7,6,1,6,2,7,2,0,0,06 臺中市,2 技職
110,1018,朝陽科技大學,D 日,M 碩士,613,321,292,141,109,97,82,50,49,24,29,8,18,0,2,1,3,0,0,06 臺中市,2 技職
110,1018,朝陽科技大學,N 職,M 碩士,339,152,187,39,49,39,52,17,18,18,24,16,12,16,22,7,10,0,0,06 臺中市,2 技職
110,1018,朝陽科技大學,D 日,B 四技,11467,4970,6497,1282,1598,1134,1556,1139,1557,1137,1627,0,0,0,0,0,0,278,159,06 臺中市,2 技職
110,1018,朝陽科技大學,N 修,B 四技,2071,1051,1020,177,182,204,203,262,275,327,286,0,0,0,0,0,0,81,74,06 臺中市,2 技職
110,1018,朝陽科技大學,D 日,C 二技,55,19,36,0,0,0,0,12,9,6,26,0,0,0,0,0,0,1,1,06 臺中市,2 技職
110,1019,高雄醫學大學,D 日,D 博士,319,151,168,36,33,27,31,28,33,20,27,16,20,12,14,12,10,0,0,50 高雄市,1 一般
110,1019,高雄醫學大學,D 日,M 碩士,754,233,521,112,190,82,201,28,84,11,45,0,1,0,0,0,0,0,0,50 高雄市,1 一般
110,1019,高雄醫學大學,N 職,M 碩士,208,87,121,37,59,30,41,8,10,7,9,5,2,0,0,0,0,0,0,50 高雄市,1 一般
110,1019,高雄醫學大學,D 日,B 學士,5247,2199,3048,516,713,454,741,465,672,442,691,134,97,143,94,0,0,45,40,50 高雄市,1 一般
110,1020,南華大學,D 日,D 博士,54,33,21,6,3,7,3,6,4,6,4,5,4,2,1,1,2,0,0,10 嘉義縣,1 一般
110,1020,南華大學,D 日,M 碩士,552,219,333,95,142,65,91,30,65,27,35,2,0,0,0,0,0,0,0,10 嘉義縣,1 一般
110,1020,南華大學,N 職,M 碩士,370,140,230,68,78,31,62,17,49,14,29,10,12,0,0,0,0,0,0,10 嘉義縣,1 一般
110,1020,南華大學,D 日,B 學士,4199,1986,2213,469,539,454,534,458,543,463,539,0,0,0,0,0,0,142,58,10 嘉義縣,1 一般
110,1020,南華大學,P 進,B 學士,297,182,115,49,46,41,26,48,21,33,18,0,0,0,0,0,0,11,4,10 嘉義縣,1 一般
110,1021,真理大學,D 日,M 碩士,118,69,49,23,20,18,14,16,11,12,4,0,0,0,0,0,0,0,0,01 新北市,1 一般
110,1021,真理大學,N 職,M 碩士,20,8,12,2,4,2,4,1,3,2,1,1,0,0,0,0,0,0,0,01 新北市,1 一般
110,1021,真理大學,D 日,B 學士,4861,2404,2457,544,539,680,607,538,558,481,654,0,0,0,0,0,0,161,99,01 新北市,1 一般
110,1021,真理大學,P 進,B 學士,11,8,3,0,0,0,0,0,0,5,0,0,0,0,0,0,0,3,3,01 新北市,1 一般
110,1022,大同大學,D 日,D 博士,94,61,33,16,5,10,3,11,7,5,10,9,2,4,3,6,3,0,0,30 臺北市,1 一般
110,1022,大同大學,D 日,M 碩士,221,149,72,67,30,42,34,26,5,14,3,0,0,0,0,0,0,0,0,30 臺北市,1 一般
110,1022,大同大學,N 職,M 碩士,140,114,26,41,6,13,5,22,4,21,5,17,6,0,0,0,0,0,0,30 臺北市,1 一般
110,1022,大同大學,D 日,B 學士,3525,2176,1349,542,359,547,318,517,309,453,325,0,0,0,0,0,0,117,38,30 臺北市,1 一般
110,1023,南臺科技大學,D 日,D 博士,93,63,30,12,10,9,4,10,5,12,5,7,5,5,1,8,0,0,0,11 臺南市,2 技職
110,1023,南臺科技大學,D 日,M 碩士,753,428,325,201,128,123,105,60,43,28,29,10,10,6,10,0,0,0,0,11 臺南市,2 技職
110,1023,南臺科技大學,N 職,M 碩士,311,153,158,54,58,51,62,18,16,9,14,12,5,9,3,0,0,0,0,11 臺南市,2 技職
110,1023,南臺科技大學,D 日,B 四技,12285,7069,5216,1664,1245,1710,1203,1724,1287,1593,1322,0,0,0,0,0,0,378,159,11 臺南市,2 技職
110,1023,南臺科技大學,N 修,B 四技,3193,2070,1123,365,183,401,208,521,299,538,326,0,0,0,0,0,0,245,107,11 臺南市,2 技職
110,1023,南臺科技大學,D 日,C 二技,118,14,104,0,0,0,0,5,50,9,54,0,0,0,0,0,0,0,0,11 臺南市,2 技職
110,1023,南臺科技大學,N 修,C 二技,153,54,99,0,0,0,0,21,46,27,47,0,0,0,0,0,0,6,6,11 臺南市,2 技職
110,1023,南臺科技大學,D 日,5 五專,316,285,31,76,7,78,13,64,6,67,4,0,0,0,0,0,0,0,1,11 臺南市,2 技職
110,1024,崑山科技大學,D 日,D 博士,32,26,6,5,1,5,0,5,3,6,1,3,1,0,0,2,0,0,0,11 臺南市,2 技職
110,1024,崑山科技大學,D 日,M 碩士,299,179,120,97,61,65,46,8,5,9,8,0,0,0,0,0,0,0,0,11 臺南市,2 技職
110,1024,崑山科技大學,N 職,M 碩士,146,94,52,42,28,40,19,8,4,4,1,0,0,0,0,0,0,0,0,11 臺南市,2 技職
110,1024,崑山科技大學,D 日,B 四技,6756,4136,2620,988,572,852,576,1053,673,996,698,0,0,0,0,0,0,247,101,11 臺南市,2 技職
110,1024,崑山科技大學,N 修,B 四技,2384,1625,759,394,171,322,162,380,186,406,183,0,0,0,0,0,0,123,57,11 臺南市,2 技職
110,1024,崑山科技大學,D 日,C 二技,49,23,26,0,0,0,0,23,26,0,0,0,0,0,0,0,0,0,0,11 臺南市,2 技職
110,1024,崑山科技大學,N 修,C 二技,291,163,128,0,0,0,0,93,63,67,62,0,0,0,0,0,0,3,3,11 臺南市,2 技職
110,1024,崑山科技大學,N 修,2 二專,13,7,6,0,0,4,5,0,0,0,0,0,0,0,0,0,0,3,1,11 臺南市,2 技職
110,1025,嘉南藥理大學,D 日,M 碩士,174,82,92,31,41,34,43,9,6,8,2,0,0,0,0,0,0,0,0,11 臺南市,2 技職
110,1025,嘉南藥理大學,N 職,M 碩士,198,85,113,36,52,35,44,10,14,4,1,0,1,0,1,0,0,0,0,11 臺南市,2 技職
110,1025,嘉南藥理大學,D 日,B 四技,9010,3815,5195,898,1205,896,1169,976,1364,897,1361,0,0,0,0,0,0,148,96,11 臺南市,2 技職
110,1025,嘉南藥理大學,N 修,B 四技,1461,740,721,165,142,151,132,170,186,199,229,0,0,0,0,0,0,55,32,11 臺南市,2 技職
110,1025,嘉南藥理大學,D 日,C 二技,94,4,90,0,0,0,0,0,48,4,41,0,0,0,0,0,0,0,1,11 臺南市,2 技職
110,1025,嘉南藥理大學,N 修,C 二技,521,78,443,0,0,0,0,44,239,28,202,0,0,0,0,0,0,6,2,11 臺南市,2 技職
110,1026,樹德科技大學,D 日,D 博士,32,13,19,3,3,0,2,1,2,3,0,6,12,0,0,0,0,0,0,12 高雄市,2 技職
110,1026,樹德科技大學,D 日,M 碩士,214,89,125,40,55,23,35,11,12,15,23,0,0,0,0,0,0,0,0,12 高雄市,2 技職
110,1026,樹德科技大學,N 職,M 碩士,365,170,195,51,82,51,44,24,29,44,40,0,0,0,0,0,0,0,0,12 高雄市,2 技職
110,1026,樹德科技大學,D 日,B 四技,7383,3226,4157,791,983,694,905,756,1034,790,1107,0,0,0,0,0,0,195,128,12 高雄市,2 技職
110,1026,樹德科技大學,N 修,B 四技,1114,637,477,162,139,122,89,155,116,160,108,0,0,0,0,0,0,38,25,12 高雄市,2 技職
110,1026,樹德科技大學,D 日,C 二技,2,0,2,0,0,0,0,0,0,0,1,0,0,0,0,0,0,0,1,12 高雄市,2 技職
110,1026,樹德科技大學,N 修,C 二技,538,231,307,0,0,0,0,118,157,106,145,0,0,0,0,0,0,7,5,12 高雄市,2 技職
110,1026,樹德科技大學,N 修,2 二專,395,204,191,109,92,89,88,0,0,0,0,0,0,0,0,0,0,6,11,12 高雄市,2 技職
110,1027,慈濟大學,D 日,D 博士,111,53,58,6,16,10,8,9,12,7,4,5,3,6,7,10,8,0,0,15 花蓮縣,1 一般
110,1027,慈濟大學,D 日,M 碩士,374,111,263,48,111,34,75,18,47,10,30,1,0,0,0,0,0,0,0,15 花蓮縣,1 一般
110,1027,慈濟大學,N 職,M 碩士,19,4,15,1,1,1,5,1,4,0,3,1,2,0,0,0,0,0,0,15 花蓮縣,1 一般
110,1027,慈濟大學,D 日,B 學士,2844,1117,1727,259,407,236,425,247,389,247,388,60,37,27,31,0,0,41,50,15 花蓮縣,1 一般
110,1028,臺北醫學大學,D 日,D 博士,581,317,264,69,65,65,54,65,49,52,45,24,21,28,18,14,12,0,0,30 臺北市,1 一般
110,1028,臺北醫學大學,D 日,M 碩士,691,224,467,105,215,85,194,20,37,13,20,1,1,0,0,0,0,0,0,30 臺北市,1 一般
110,1028,臺北醫學大學,N 職,M 碩士,314,87,227,48,76,25,70,5,44,9,37,0,0,0,0,0,0,0,0,30 臺北市,1 一般
110,1028,臺北醫學大學,D 日,B 學士,4551,1867,2684,410,619,342,647,391,589,342,545,179,111,155,114,0,0,48,59,30 臺北市,1 一般
110,1029,中山醫學大學,D 日,D 博士,178,109,69,24,8,22,15,24,14,12,11,10,7,8,9,9,5,0,0,19 臺中市,1 一般
110,1029,中山醫學大學,D 日,M 碩士,532,175,357,67,150,72,127,25,57,11,23,0,0,0,0,0,0,0,0,19 臺中市,1 一般
110,1029,中山醫學大學,N 職,M 碩士,165,29,136,10,64,11,44,5,13,2,4,1,11,0,0,0,0,0,0,19 臺中市,1 一般
110,1029,中山醫學大學,D 日,B 學士,6055,2158,3897,503,950,439,881,474,930,429,853,105,100,124,84,0,0,84,99,19 臺中市,1 一般
110,1029,中山醫學大學,N 修,C 二技,122,39,83,0,0,0,0,12,28,13,25,11,29,0,0,0,0,3,1,19 臺中市,2 技職
110,1030,龍華科技大學,D 日,M 碩士,322,219,103,89,39,76,44,33,13,21,7,0,0,0,0,0,0,0,0,03 桃園市,2 技職
110,1030,龍華科技大學,N 職,M 碩士,111,89,22,45,8,24,12,12,2,8,0,0,0,0,0,0,0,0,0,03 桃園市,2 技職
110,1030,龍華科技大學,D 日,B 四技,7618,5121,2497,1301,529,1226,621,1078,564,1164,661,0,0,0,0,0,0,352,122,03 桃園市,2 技職
110,1030,龍華科技大學,N 修,B 四技,3234,2512,722,763,246,554,130,506,157,505,150,0,0,0,0,0,0,184,39,03 桃園市,2 技職
110,1030,龍華科技大學,D 日,C 二技,40,25,15,0,0,0,0,3,2,1,2,21,11,0,0,0,0,0,0,03 桃園市,2 技職
110,1030,龍華科技大學,D 日,5 五專,679,604,75,179,20,154,19,140,17,112,15,18,4,0,0,0,0,1,0,03 桃園市,2 技職
110,1031,輔英科技大學,D 日,M 碩士,170,42,128,17,42,16,50,7,20,2,14,0,2,0,0,0,0,0,0,12 高雄市,2 技職
110,1031,輔英科技大學,N 職,M 碩士,95,3,92,0,21,1,24,0,19,2,22,0,6,0,0,0,0,0,0,12 高雄市,2 技職
110,1031,輔英科技大學,D 日,B 四技,3703,1465,2238,343,518,369,542,344,553,300,534,0,0,0,0,0,0,109,91,12 高雄市,2 技職
110,1031,輔英科技大學,N 修,B 四技,546,413,133,139,70,53,13,88,20,101,27,0,0,0,0,0,0,32,3,12 高雄市,2 技職
110,1031,輔英科技大學,D 日,C 二技,1544,178,1366,0,0,0,0,74,662,98,679,0,0,0,0,0,0,6,25,12 高雄市,2 技職
110,1031,輔英科技大學,N 修,C 二技,988,200,788,0,0,0,0,81,342,76,331,22,22,0,0,0,0,21,93,12 高雄市,2 技職
110,1031,輔英科技大學,D 日,5 五專,2682,308,2374,64,428,56,530,69,472,61,463,48,446,0,0,0,0,10,35,12 高雄市,2 技職
110,1032,明新科技大學,D 日,M 碩士,269,158,111,55,64,61,28,23,9,19,10,0,0,0,0,0,0,0,0,04 新竹縣,2 技職
110,1032,明新科技大學,N 職,M 碩士,280,195,85,86,56,54,13,25,8,14,5,10,3,6,0,0,0,0,0,04 新竹縣,2 技職
110,1032,明新科技大學,D 日,B 四技,7072,4263,2809,840,545,795,581,1031,709,1293,859,0,0,0,0,0,0,304,115,04 新竹縣,2 技職
110,1032,明新科技大學,N 修,B 四技,2798,1768,1030,417,227,390,229,382,243,417,259,0,0,0,0,0,0,162,72,04 新竹縣,2 技職
110,1032,明新科技大學,D 日,C 二技,60,33,27,0,0,0,0,23,16,10,11,0,0,0,0,0,0,0,0,04 新竹縣,2 技職
110,1032,明新科技大學,N 修,C 二技,654,339,315,0,0,0,0,185,138,147,170,0,0,0,0,0,0,7,7,04 新竹縣,2 技職
110,1032,明新科技大學,D 日,2 二專,21,21,0,5,0,13,0,0,0,0,0,0,0,0,0,0,0,3,0,04 新竹縣,2 技職
110,1032,明新科技大學,N 修,2 二專,223,138,85,62,45,67,35,0,0,0,0,0,0,0,0,0,0,9,5,04 新竹縣,2 技職
110,1033,長榮大學,D 日,D 博士,48,35,13,8,4,9,4,7,2,3,3,4,0,3,0,1,0,0,0,11 臺南市,1 一般
110,1033,長榮大學,D 日,M 碩士,268,96,172,43,54,28,43,11,35,12,24,2,16,0,0,0,0,0,0,11 臺南市,1 一般
110,1033,長榮大學,N 職,M 碩士,115,79,36,36,15,31,11,8,4,2,3,1,3,1,0,0,0,0,0,11 臺南市,1 一般
110,1033,長榮大學,D 日,B 學士,7106,3203,3903,760,791,835,901,743,990,699,1115,0,0,0,0,0,0,166,106,11 臺南市,1 一般
110,1033,長榮大學,P 進,B 學士,312,217,95,66,24,38,21,55,22,43,23,0,0,0,0,0,0,15,5,11 臺南市,1 一般
110,1034,弘光科技大學,D 日,D 博士,13,2,11,1,4,1,2,0,3,0,0,0,1,0,1,0,0,0,0,06 臺中市,2 技職
110,1034,弘光科技大學,D 日,M 碩士,197,58,139,24,52,26,49,3,21,5,17,0,0,0,0,0,0,0,0,06 臺中市,2 技職
110,1034,弘光科技大學,N 職,M 碩士,107,24,83,12,28,8,24,1,14,1,9,1,5,1,3,0,0,0,0,06 臺中市,2 技職
110,1034,弘光科技大學,D 日,B 四技,7224,2614,4610,598,1140,634,1125,643,1143,589,1055,0,0,0,0,0,0,150,147,06 臺中市,2 技職
110,1034,弘光科技大學,N 修,B 四技,3170,1490,1680,406,423,361,386,336,384,297,397,6,12,0,0,0,0,84,78,06 臺中市,2 技職
110,1034,弘光科技大學,D 日,C 二技,726,53,673,0,0,0,0,30,339,21,332,0,0,0,0,0,0,2,2,06 臺中市,2 技職
110,1034,弘光科技大學,N 修,C 二技,836,80,756,0,0,0,0,36,267,31,291,10,192,0,0,0,0,3,6,06 臺中市,2 技職
110,1034,弘光科技大學,N 修,2 二專,133,20,113,14,58,3,44,0,0,0,0,0,0,0,0,0,0,3,11,06 臺中市,2 技職
110,1034,弘光科技大學,D 日,5 五專,260,32,228,5,47,5,47,9,42,9,44,3,46,0,0,0,0,1,2,06 臺中市,2 技職
110,1035,中國醫藥大學,D 日,D 博士,407,242,165,61,41,52,32,40,31,32,20,24,15,20,16,13,10,0,0,19 臺中市,1 一般
110,1035,中國醫藥大學,D 日,M 碩士,496,184,312,91,161,69,114,17,25,7,12,0,0,0,0,0,0,0,0,19 臺中市,1 一般
110,1035,中國醫藥大學,N 職,M 碩士,86,17,69,5,27,7,28,4,12,1,1,0,1,0,0,0,0,0,0,19 臺中市,1 一般
110,1035,中國醫藥大學,D 日,B 學士,6254,2647,3607,534,791,512,789,487,746,509,721,310,300,180,134,62,60,53,66,19 臺中市,1 一般
110,1036,健行科技大學,D 日,M 碩士,290,186,104,77,54,53,28,37,11,14,9,4,2,0,0,1,0,0,0,03 桃園市,2 技職
110,1036,健行科技大學,N 職,M 碩士,33,21,12,6,4,6,5,4,0,3,2,1,0,1,1,0,0,0,0,03 桃園市,2 技職
110,1036,健行科技大學,D 日,B 四技,6565,4447,2118,982,491,896,475,1047,477,1202,565,0,0,0,0,0,0,320,110,03 桃園市,2 技職
110,1036,健行科技大學,N 修,B 四技,3870,2417,1453,578,396,578,332,549,365,514,294,0,0,0,0,0,0,198,66,03 桃園市,2 技職
110,1036,健行科技大學,D 日,C 二技,45,29,16,0,0,0,0,5,4,12,6,0,0,0,0,0,0,12,6,03 桃園市,2 技職
110,1036,健行科技大學,N 修,C 二技,364,177,187,0,0,0,0,103,92,71,94,0,0,0,0,0,0,3,1,03 桃園市,2 技職
110,1037,正修科技大學,D 日,D 博士,14,14,0,4,0,2,0,3,0,3,0,1,0,0,0,1,0,0,0,12 高雄市,2 技職
110,1037,正修科技大學,D 日,M 碩士,327,189,138,92,67,75,46,18,19,4,6,0,0,0,0,0,0,0,0,12 高雄市,2 技職
110,1037,正修科技大學,N 職,M 碩士,202,140,62,89,37,38,21,10,4,3,0,0,0,0,0,0,0,0,0,12 高雄市,2 技職
110,1037,正修科技大學,D 日,B 四技,8630,5499,3131,1494,774,1279,730,1274,762,1255,804,0,0,0,0,0,0,197,61,12 高雄市,2 技職
110,1037,正修科技大學,N 修,B 四技,4799,3212,1587,695,341,714,357,801,376,720,414,0,0,0,0,0,0,282,99,12 高雄市,2 技職
110,1037,正修科技大學,D 日,C 二技,101,68,33,0,0,0,0,25,3,0,0,43,30,0,0,0,0,0,0,12 高雄市,2 技職
110,1037,正修科技大學,N 修,C 二技,2273,1124,1149,0,0,0,0,609,639,500,503,0,0,0,0,0,0,15,7,12 高雄市,2 技職
110,1037,正修科技大學,N 修,2 二專,948,573,375,264,179,287,188,0,0,0,0,0,0,0,0,0,0,22,8,12 高雄市,2 技職
110,1037,正修科技大學,D 日,5 五專,274,211,63,50,20,64,17,53,10,44,16,0,0,0,0,0,0,0,0,12 高雄市,2 技職
110,1038,萬能科技大學,D 日,M 碩士,134,68,66,30,24,22,22,12,16,4,4,0,0,0,0,0,0,0,0,03 桃園市,2 技職
110,1038,萬能科技大學,N 職,M 碩士,146,67,79,37,60,29,18,0,0,1,0,0,0,0,1,0,0,0,0,03 桃園市,2 技職
110,1038,萬能科技大學,D 日,B 四技,5793,3179,2614,716,588,704,605,757,665,787,630,0,0,0,0,0,0,215,126,03 桃園市,2 技職
110,1038,萬能科技大學,N 修,B 四技,2474,1436,1038,416,258,294,244,316,228,337,267,0,0,0,0,0,0,73,41,03 桃園市,2 技職
110,1038,萬能科技大學,N 修,C 二技,434,219,215,0,0,0,0,110,114,94,93,0,0,0,0,0,0,15,8,03 桃園市,2 技職
110,1038,萬能科技大學,N 修,2 二專,32,1,31,0,0,1,26,0,0,0,0,0,0,0,0,0,0,0,5,03 桃園市,2 技職
110,1039,玄奘大學,D 日,D 博士,1,1,0,0,0,0,0,0,0,0,0,0,0,0,0,1,0,0,0,18 新竹市,1 一般
110,1039,玄奘大學,D 日,M 碩士,246,89,157,28,45,23,44,14,37,19,30,4,1,1,0,0,0,0,0,18 新竹市,1 一般
110,1039,玄奘大學,N 職,M 碩士,142,45,97,13,28,13,28,8,16,7,14,3,10,1,1,0,0,0,0,18 新竹市,1 一般
110,1039,玄奘大學,D 日,B 學士,1630,681,949,119,202,170,232,164,214,166,250,0,0,0,0,0,0,62,51,18 新竹市,1 一般
110,1039,玄奘大學,P 進,B 學士,30,13,17,0,0,0,0,0,0,9,11,0,0,0,0,0,0,4,6,18 新竹市,1 一般
110,1040,建國科技大學,D 日,M 碩士,134,85,49,29,24,30,12,15,7,11,6,0,0,0,0,0,0,0,0,07 彰化縣,2 技職
110,1040,建國科技大學,D 日,B 四技,3535,2421,1114,353,169,389,172,682,337,859,380,0,0,0,0,0,0,138,56,07 彰化縣,2 技職
110,1040,建國科技大學,N 修,B 四技,1827,1356,471,294,149,268,109,386,89,335,117,0,0,0,0,0,0,73,7,07 彰化縣,2 技職
110,1040,建國科技大學,N 修,C 二技,306,191,115,0,0,0,0,97,48,89,65,0,0,0,0,0,0,5,2,07 彰化縣,2 技職
110,1040,建國科技大學,N 修,2 二專,69,41,28,9,11,25,16,0,0,0,0,0,0,0,0,0,0,7,1,07 彰化縣,2 技職
110,1041,明志科技大學,D 日,D 博士,37,29,8,14,6,5,0,2,1,6,1,1,0,1,0,0,0,0,0,01 新北市,2 技職
110,1041,明志科技大學,D 日,M 碩士,473,348,125,164,54,127,57,41,9,16,5,0,0,0,0,0,0,0,0,01 新北市,2 技職
110,1041,明志科技大學,N 職,M 碩士,20,17,3,10,2,3,0,2,0,2,1,0,0,0,0,0,0,0,0,01 新北市,2 技職
110,1041,明志科技大學,D 日,B 四技,3625,2626,999,633,273,627,239,614,247,620,227,0,0,0,0,0,0,132,13,01 新北市,2 技職
110,1041,明志科技大學,N 修,B 四技,283,268,15,25,3,23,1,86,5,98,5,0,0,0,0,0,0,36,1,01 新北市,2 技職
110,1042,高苑科技大學,D 日,M 碩士,83,45,38,16,18,23,14,1,6,5,0,0,0,0,0,0,0,0,0,12 高雄市,2 技職
110,1042,高苑科技大學,N 職,M 碩士,178,117,61,63,46,47,12,3,2,2,0,2,1,0,0,0,0,0,0,12 高雄市,2 技職
110,1042,高苑科技大學,D 日,B 四技,1640,1043,597,214,160,154,109,243,155,393,162,0,0,0,0,0,0,39,11,12 高雄市,2 技職
110,1042,高苑科技大學,N 修,B 四技,786,623,163,129,65,123,26,136,22,147,38,0,0,0,0,0,0,88,12,12 高雄市,2 技職
110,1042,高苑科技大學,N 修,C 二技,286,176,110,0,0,0,0,78,65,73,42,0,0,0,0,0,0,25,3,12 高雄市,2 技職
110,1042,高苑科技大學,N 修,2 二專,167,91,76,35,47,16,26,0,0,0,0,0,0,0,0,0,0,40,3,12 高雄市,2 技職
110,1043,大仁科技大學,D 日,M 碩士,78,35,43,15,29,13,8,7,6,0,0,0,0,0,0,0,0,0,0,13 屏東縣,2 技職
110,1043,大仁科技大學,N 職,M 碩士,167,87,80,33,28,46,43,6,7,2,2,0,0,0,0,0,0,0,0,13 屏東縣,2 技職
110,1043,大仁科技大學,D 日,B 四技,3110,1483,1627,303,330,283,315,359,398,335,382,85,111,0,0,0,0,118,91,13 屏東縣,2 技職
110,1043,大仁科技大學,N 修,B 四技,167,104,63,18,16,11,13,23,14,39,14,0,0,0,0,0,0,13,6,13 屏東縣,2 技職
110,1043,大仁科技大學,N 修,C 二技,1320,462,858,0,0,0,0,252,459,196,377,0,0,0,0,0,0,14,22,13 屏東縣,2 技職
110,1043,大仁科技大學,N 修,2 二專,92,47,45,21,23,18,20,0,0,0,0,0,0,0,0,0,0,8,2,13 屏東縣,2 技職
110,1044,聖約翰科技大學,D 日,M 碩士,88,62,26,18,11,16,8,16,4,12,3,0,0,0,0,0,0,0,0,01 新北市,2 技職
110,1044,聖約翰科技大學,N 職,M 碩士,105,78,27,24,10,20,11,21,6,13,0,0,0,0,0,0,0,0,0,01 新北市,2 技職
110,1044,聖約翰科技大學,D 日,B 四技,1018,641,377,65,24,66,57,159,100,246,150,0,0,0,0,0,0,105,46,01 新北市,2 技職
110,1044,聖約翰科技大學,N 修,B 四技,305,248,57,48,8,24,1,103,17,71,30,0,0,0,0,0,0,2,1,01 新北市,2 技職
110,1044,聖約翰科技大學,D 日,C 二技,2,0,2,0,0,0,0,0,0,0,2,0,0,0,0,0,0,0,0,01 新北市,2 技職
110,1044,聖約翰科技大學,N 修,C 二技,83,58,25,0,0,0,0,26,6,32,19,0,0,0,0,0,0,0,0,01 新北市,2 技職
110,1044,聖約翰科技大學,N 修,2 二專,79,53,26,27,10,26,12,0,0,0,0,0,0,0,0,0,0,0,4,01 新北市,2 技職
110,1044,聖約翰科技大學,D 日,5 五專,158,125,33,0,0,10,4,33,7,40,10,32,9,0,0,0,0,10,3,01 新北市,2 技職
110,1045,嶺東科技大學,D 日,M 碩士,239,118,121,53,61,48,38,9,13,8,9,0,0,0,0,0,0,0,0,19 臺中市,2 技職
110,1045,嶺東科技大學,N 職,M 碩士,157,98,59,64,34,27,20,5,3,2,2,0,0,0,0,0,0,0,0,19 臺中市,2 技職
110,1045,嶺東科技大學,D 日,B 四技,7205,2689,4516,623,1069,632,1108,639,1177,673,1068,0,0,0,0,0,0,122,94,19 臺中市,2 技職
110,1045,嶺東科技大學,N 修,B 四技,2651,1476,1175,391,300,344,261,322,288,293,253,0,0,0,0,0,0,126,73,19 臺中市,2 技職
110,1045,嶺東科技大學,D 日,C 二技,1,0,1,0,0,0,0,0,0,0,1,0,0,0,0,0,0,0,0,19 臺中市,2 技職
110,1046,中國科技大學,D 日,M 碩士,183,102,81,49,37,27,27,16,13,10,4,0,0,0,0,0,0,0,0,30 臺北市,2 技職
110,1046,中國科技大學,N 職,M 碩士,82,56,26,21,19,30,7,4,0,1,0,0,0,0,0,0,0,0,0,30 臺北市,2 技職
110,1046,中國科技大學,D 日,B 四技,6058,2800,3258,671,760,589,691,725,836,638,828,0,0,0,0,0,0,177,143,30 臺北市,2 技職
110,1046,中國科技大學,N 修,B 四技,1115,655,460,177,113,126,104,160,101,120,99,0,0,0,0,0,0,72,43,30 臺北市,2 技職
110,1046,中國科技大學,D 日,C 二技,7,2,5,0,0,0,0,2,5,0,0,0,0,0,0,0,0,0,0,30 臺北市,2 技職
110,1046,中國科技大學,N 修,C 二技,776,413,363,0,0,0,0,184,190,217,170,0,0,0,0,0,0,12,3,30 臺北市,2 技職
110,1046,中國科技大學,N 修,X 4+X,1,0,1,0,0,0,0,0,0,0,0,0,0,0,0,0,0,0,1,30 臺北市,2 技職
110,1046,中國科技大學,N 修,2 二專,390,196,194,103,81,66,96,0,0,0,0,0,0,0,0,0,0,27,17,30 臺北市,2 技職
110,1047,中臺科技大學,D 日,D 博士,9,6,3,2,1,1,0,1,1,0,1,0,0,0,0,2,0,0,0,19 臺中市,2 技職
110,1047,中臺科技大學,D 日,M 碩士,118,35,83,15,33,14,29,4,8,1,6,1,7,0,0,0,0,0,0,19 臺中市,2 技職
110,1047,中臺科技大學,N 職,M 碩士,266,57,209,23,86,14,58,9,37,9,23,2,5,0,0,0,0,0,0,19 臺中市,2 技職
110,1047,中臺科技大學,D 日,B 四技,4344,1838,2506,386,506,413,511,442,666,452,682,0,0,0,0,0,0,145,141,19 臺中市,2 技職
110,1047,中臺科技大學,N 修,B 四技,1502,528,974,130,246,135,225,123,217,100,198,14,54,0,0,0,0,26,34,19 臺中市,2 技職
110,1047,中臺科技大學,D 日,C 二技,575,92,483,0,0,0,0,48,251,43,228,0,0,0,0,0,0,1,4,19 臺中市,2 技職
110,1047,中臺科技大學,N 修,C 二技,774,103,671,0,0,0,0,41,388,46,242,14,34,0,0,0,0,2,7,19 臺中市,2 技職
110,1047,中臺科技大學,D 日,2 二專,16,6,10,6,10,0,0,0,0,0,0,0,0,0,0,0,0,0,0,19 臺中市,2 技職
110,1048,亞洲大學,D 日,D 博士,235,146,89,26,20,27,15,30,17,25,15,15,8,16,8,7,6,0,0,06 臺中市,1 一般
110,1048,亞洲大學,D 日,M 碩士,603,242,361,87,161,81,90,51,59,23,51,0,0,0,0,0,0,0,0,06 臺中市,1 一般
110,1048,亞洲大學,N 職,M 碩士,426,197,229,129,145,52,51,13,22,3,11,0,0,0,0,0,0,0,0,06 臺中市,1 一般
110,1048,亞洲大學,D 日,B 學士,9443,3320,6123,798,1554,794,1500,779,1444,775,1475,0,0,0,0,0,0,174,150,06 臺中市,1 一般
110,1048,亞洲大學,P 進,B 學士,724,330,394,88,110,66,84,53,69,79,102,0,0,0,0,0,0,44,29,06 臺中市,1 一般
110,1049,開南大學,D 日,M 碩士,216,79,137,37,71,23,28,7,25,10,12,1,0,1,1,0,0,0,0,03 桃園市,1 一般
110,1049,開南大學,N 職,M 碩士,317,177,140,89,91,46,30,16,7,10,7,12,4,4,1,0,0,0,0,03 桃園市,1 一般
110,1049,開南大學,D 日,B 學士,3648,1733,1915,345,415,429,442,404,455,411,463,0,0,0,0,0,0,144,140,03 桃園市,1 一般
110,1049,開南大學,P 進,B 學士,927,534,393,118,83,122,107,146,91,123,102,0,0,0,0,0,0,25,10,03 桃園市,1 一般
110,1050,佛光大學,D 日,D 博士,63,21,42,0,9,4,7,4,6,4,9,3,3,1,6,5,2,0,0,02 宜蘭縣,1 一般
110,1050,佛光大學,D 日,M 碩士,429,172,257,70,104,33,56,32,54,35,42,1,0,0,1,1,0,0,0,02 宜蘭縣,1 一般
110,1050,佛光大學,N 職,M 碩士,113,57,56,27,34,12,8,0,3,8,7,10,4,0,0,0,0,0,0,02 宜蘭縣,1 一般
110,1050,佛光大學,D 日,B 學士,2637,1229,1408,302,347,307,335,283,345,260,342,0,0,0,0,0,0,77,39,02 宜蘭縣,1 一般
110,1051,台南應用科技大學,D 日,M 碩士,101,29,72,11,30,11,23,6,10,1,9,0,0,0,0,0,0,0,0,11 臺南市,2 技職
110,1051,台南應用科技大學,N 職,M 碩士,100,24,76,9,26,12,23,2,11,0,7,1,9,0,0,0,0,0,0,11 臺南市,2 技職
110,1051,台南應用科技大學,D 日,B 四技,7673,2314,5359,563,1309,526,1298,597,1362,533,1305,0,0,0,0,0,0,95,85,11 臺南市,2 技職
110,1051,台南應用科技大學,N 修,B 四技,2213,847,1366,171,260,188,320,218,380,215,348,0,0,0,0,0,0,55,58,11 臺南市,2 技職
110,1051,台南應用科技大學,D 日,C 二技,480,85,395,0,0,0,0,39,190,40,178,0,0,0,0,0,0,6,27,11 臺南市,2 技職
110,1051,台南應用科技大學,N 修,C 二技,199,22,177,0,0,0,0,5,77,16,92,0,0,0,0,0,0,1,8,11 臺南市,2 技職
110,1051,台南應用科技大學,D 日,5 五專,950,231,719,38,129,45,133,55,145,52,163,41,149,0,0,0,0,0,0,11 臺南市,2 技職
110,1052,遠東科技大學,D 日,M 碩士,276,147,129,58,57,63,68,20,2,6,2,0,0,0,0,0,0,0,0,11 臺南市,2 技職
110,1052,遠東科技大學,N 職,M 碩士,39,37,2,8,1,13,1,8,0,5,0,2,0,1,0,0,0,0,0,11 臺南市,2 技職
110,1052,遠東科技大學,D 日,B 四技,2438,1716,722,225,93,332,128,420,186,541,267,0,0,0,0,0,0,198,48,11 臺南市,2 技職
110,1052,遠東科技大學,N 修,B 四技,486,378,108,72,17,60,23,120,25,106,38,0,0,0,0,0,0,20,5,11 臺南市,2 技職
110,1052,遠東科技大學,N 修,C 二技,321,191,130,0,0,0,0,98,77,85,50,0,0,0,0,0,0,8,3,11 臺南市,2 技職
110,1052,遠東科技大學,N 修,2 二專,197,125,72,55,37,66,33,0,0,0,0,0,0,0,0,0,0,4,2,11 臺南市,2 技職
110,1053,元培醫事科技大學,D 日,D 博士,2,2,0,1,0,1,0,0,0,0,0,0,0,0,0,0,0,0,0,18 新竹市,2 技職
110,1053,元培醫事科技大學,D 日,M 碩士,265,120,145,49,61,42,48,19,21,10,15,0,0,0,0,0,0,0,0,18 新竹市,2 技職
110,1053,元培醫事科技大學,N 職,M 碩士,41,9,32,7,14,1,7,1,9,0,2,0,0,0,0,0,0,0,0,18 新竹市,2 技職
110,1053,元培醫事科技大學,D 日,B 四技,3501,1474,2027,321,499,307,445,362,496,356,499,0,0,0,0,0,0,128,88,18 新竹市,2 技職
110,1053,元培醫事科技大學,N 修,B 四技,1390,709,681,101,122,183,180,219,178,181,172,0,0,0,0,0,0,25,29,18 新竹市,2 技職
110,1053,元培醫事科技大學,D 日,C 二技,103,8,95,0,0,0,0,5,46,3,48,0,0,0,0,0,0,0,1,18 新竹市,2 技職
110,1053,元培醫事科技大學,N 修,C 二技,449,81,368,0,0,0,0,29,140,41,184,0,0,0,0,0,0,11,44,18 新竹市,2 技職
110,1054,景文科技大學,D 日,M 碩士,18,13,5,0,0,9,4,2,1,2,0,0,0,0,0,0,0,0,0,01 新北市,2 技職
110,1054,景文科技大學,N 職,M 碩士,47,32,15,22,12,6,3,1,0,3,0,0,0,0,0,0,0,0,0,01 新北市,2 技職
110,1054,景文科技大學,D 日,B 四技,4646,2066,2580,404,513,451,557,535,758,516,647,0,0,0,0,0,0,160,105,01 新北市,2 技職
110,1054,景文科技大學,N 修,B 四技,755,397,358,94,78,57,47,107,97,112,111,0,0,0,0,0,0,27,25,01 新北市,2 技職
110,1054,景文科技大學,D 日,C 二技,21,12,9,0,0,0,0,10,7,2,2,0,0,0,0,0,0,0,0,01 新北市,2 技職
110,1054,景文科技大學,N 修,C 二技,294,141,153,0,0,0,0,86,71,49,79,0,0,0,0,0,0,6,3,01 新北市,2 技職
110,1054,景文科技大學,N 修,2 二專,122,71,51,31,24,37,25,0,0,0,0,0,0,0,0,0,0,3,2,01 新北市,2 技職
110,1055,中華醫事科技大學,D 日,M 碩士,91,42,49,18,24,20,18,3,5,1,2,0,0,0,0,0,0,0,0,11 臺南市,2 技職
110,1055,中華醫事科技大學,N 職,M 碩士,23,12,11,3,3,9,8,0,0,0,0,0,0,0,0,0,0,0,0,11 臺南市,2 技職
110,1055,中華醫事科技大學,D 日,B 四技,3036,1107,1929,194,392,236,407,228,524,387,555,0,0,0,0,0,0,62,51,11 臺南市,2 技職
110,1055,中華醫事科技大學,N 修,B 四技,554,241,313,70,89,44,58,61,74,47,72,0,0,0,0,0,0,19,20,11 臺南市,2 技職
110,1055,中華醫事科技大學,D 日,C 二技,853,196,657,0,0,0,0,84,341,109,309,0,0,0,0,0,0,3,7,11 臺南市,2 技職
110,1055,中華醫事科技大學,N 修,C 二技,725,196,529,0,0,0,0,103,287,85,231,0,0,0,0,0,0,8,11,11 臺南市,2 技職
110,1055,中華醫事科技大學,D 日,2 二專,1,1,0,0,0,0,0,0,0,0,0,0,0,0,0,0,0,1,0,11 臺南市,2 技職
110,1055,中華醫事科技大學,N 修,2 二專,81,42,39,21,20,21,19,0,0,0,0,0,0,0,0,0,0,0,0,11 臺南市,2 技職
110,1055,中華醫事科技大學,D 日,5 五專,3147,702,2445,143,493,163,546,135,481,127,439,112,454,0,0,0,0,22,32,11 臺南市,2 技職
110,1056,東南科技大學,D 日,M 碩士,127,80,47,31,22,36,20,9,4,4,1,0,0,0,0,0,0,0,0,01 新北市,2 技職
110,1056,東南科技大學,N 職,M 碩士,48,42,6,26,1,15,4,0,1,1,0,0,0,0,0,0,0,0,0,01 新北市,2 技職
110,1056,東南科技大學,D 日,B 四技,4050,2616,1434,534,336,548,313,689,365,720,359,0,0,0,0,0,0,125,61,01 新北市,2 技職
110,1056,東南科技大學,N 修,B 四技,625,461,164,107,52,78,34,133,33,115,39,0,0,0,0,0,0,28,6,01 新北市,2 技職
110,1057,德明財經科技大學,D 日,M 碩士,42,23,19,10,8,2,5,2,0,9,6,0,0,0,0,0,0,0,0,30 臺北市,2 技職
110,1057,德明財經科技大學,N 職,M 碩士,26,15,11,3,4,6,5,2,1,1,1,1,0,2,0,0,0,0,0,30 臺北市,2 技職
110,1057,德明財經科技大學,D 日,B 四技,6585,2806,3779,569,786,613,772,663,972,662,978,0,0,0,0,0,0,299,271,30 臺北市,2 技職
110,1057,德明財經科技大學,N 修,B 四技,414,224,190,40,39,46,35,52,51,50,44,0,0,0,0,0,0,36,21,30 臺北市,2 技職
110,1057,德明財經科技大學,D 日,C 二技,106,34,72,0,0,0,0,22,30,10,42,0,0,0,0,0,0,2,0,30 臺北市,2 技職
110,1057,德明財經科技大學,N 修,C 二技,119,46,73,0,0,0,0,17,35,28,37,0,0,0,0,0,0,1,1,30 臺北市,2 技職
110,1058,明道大學,D 日,D 博士,32,19,13,4,1,1,4,6,1,3,3,1,2,2,2,2,0,0,0,07 彰化縣,1 一般
110,1058,明道大學,D 日,M 碩士,148,80,68,21,29,31,19,17,13,10,6,1,1,0,0,0,0,0,0,07 彰化縣,1 一般
110,1058,明道大學,N 職,M 碩士,53,24,29,13,19,7,7,2,3,2,0,0,0,0,0,0,0,0,0,07 彰化縣,1 一般
110,1058,明道大學,D 日,B 學士,1324,750,574,66,75,113,116,223,172,292,182,0,0,0,0,0,0,56,29,07 彰化縣,1 一般
110,1058,明道大學,P 進,B 學士,456,307,149,63,28,72,20,71,37,91,58,0,0,0,0,0,0,10,6,07 彰化縣,1 一般
110,1060,南開科技大學,D 日,M 碩士,77,41,36,17,15,15,16,6,3,3,2,0,0,0,0,0,0,0,0,08 南投縣,2 技職
110,1060,南開科技大學,N 職,M 碩士,67,23,44,9,21,10,17,2,3,2,3,0,0,0,0,0,0,0,0,08 南投縣,2 技職
110,1060,南開科技大學,D 日,B 四技,1790,1213,577,171,84,261,95,295,159,405,209,0,0,0,0,0,0,81,30,08 南投縣,2 技職
110,1060,南開科技大學,N 修,B 四技,632,443,189,107,33,87,40,114,51,102,55,0,0,0,0,0,0,33,10,08 南投縣,2 技職
110,1060,南開科技大學,N 修,C 二技,190,86,104,0,0,0,0,51,52,34,52,0,0,0,0,0,0,1,0,08 南投縣,2 技職
110,1060,南開科技大學,N 修,2 二專,64,39,25,20,12,18,13,0,0,0,0,0,0,0,0,0,0,1,0,08 南投縣,2 技職
110,1060,南開科技大學,D 日,5 五專,415,353,62,50,6,67,8,63,15,76,18,89,14,0,0,0,0,8,1,08 南投縣,2 技職
110,1061,中華科技大學,D 日,M 碩士,206,141,65,66,35,68,29,6,1,1,0,0,0,0,0,0,0,0,0,30 臺北市,2 技職
110,1061,中華科技大學,N 職,M 碩士,129,105,24,38,15,57,7,9,2,0,0,1,0,0,0,0,0,0,0,30 臺北市,2 技職
110,1061,中華科技大學,D 日,B 四技,2838,1998,840,368,173,425,162,545,227,520,235,0,0,0,0,0,0,140,43,30 臺北市,2 技職
110,1061,中華科技大學,N 修,B 四技,644,528,116,126,30,115,28,135,36,126,21,0,0,0,0,0,0,26,1,30 臺北市,2 技職
110,1061,中華科技大學,D 日,C 二技,41,5,36,0,0,0,0,2,33,3,3,0,0,0,0,0,0,0,0,30 臺北市,2 技職
110,1061,中華科技大學,N 修,C 二技,389,208,181,0,0,0,0,117,118,87,62,0,0,0,0,0,0,4,1,30 臺北市,2 技職
110,1061,中華科技大學,N 修,2 二專,118,77,41,40,12,34,23,0,0,0,0,0,0,0,0,0,0,3,6,30 臺北市,2 技職
110,1062,僑光科技大學,D 日,M 碩士,32,15,17,11,14,3,2,0,0,1,1,0,0,0,0,0,0,0,0,19 臺中市,2 技職
110,1062,僑光科技大學,N 職,M 碩士,18,10,8,7,5,0,0,3,1,0,2,0,0,0,0,0,0,0,0,19 臺中市,2 技職
110,1062,僑光科技大學,D 日,B 四技,5899,2477,3422,586,791,597,749,601,875,606,948,0,0,0,0,0,0,87,59,19 臺中市,2 技職
110,1062,僑光科技大學,N 修,B 四技,3892,2296,1596,601,348,474,328,530,414,530,419,0,0,0,0,0,0,161,87,19 臺中市,2 技職
110,1063,育達科技大學,D 日,M 碩士,164,72,92,27,35,20,23,8,5,17,29,0,0,0,0,0,0,0,0,05 苗栗縣,2 技職
110,1063,育達科技大學,N 職,M 碩士,161,89,72,22,34,41,24,14,7,12,7,0,0,0,0,0,0,0,0,05 苗栗縣,2 技職
110,1063,育達科技大學,D 日,B 四技,1558,796,762,144,135,134,145,216,140,214,269,0,0,0,0,0,0,88,73,05 苗栗縣,2 技職
110,1063,育達科技大學,N 修,B 四技,859,495,364,133,112,92,72,129,87,97,82,0,0,0,0,0,0,44,11,05 苗栗縣,2 技職
110,1063,育達科技大學,N 修,C 二技,1042,331,711,0,0,0,0,172,388,150,312,0,0,0,0,0,0,9,11,05 苗栗縣,2 技職
110,1064,美和科技大學,D 日,M 碩士,147,60,87,30,35,21,27,8,17,1,8,0,0,0,0,0,0,0,0,13 屏東縣,2 技職
110,1064,美和科技大學,N 職,M 碩士,217,49,168,15,55,14,39,12,69,8,4,0,1,0,0,0,0,0,0,13 屏東縣,2 技職
110,1064,美和科技大學,D 日,B 四技,1987,825,1162,170,250,163,230,229,318,228,338,0,0,0,0,0,0,35,26,13 屏東縣,2 技職
110,1064,美和科技大學,N 修,B 四技,521,195,326,46,76,36,85,33,58,62,89,0,0,0,0,0,0,18,18,13 屏東縣,2 技職
110,1064,美和科技大學,D 日,C 二技,227,34,193,0,0,0,0,20,98,13,94,0,0,0,0,0,0,1,1,13 屏東縣,2 技職
110,1064,美和科技大學,N 修,C 二技,1072,232,840,0,0,0,0,106,494,122,339,0,0,0,0,0,0,4,7,13 屏東縣,2 技職
110,1064,美和科技大學,N 修,2 二專,127,65,62,34,28,28,32,0,0,0,0,0,0,0,0,0,0,3,2,13 屏東縣,2 技職
110,1064,美和科技大學,D 日,5 五專,1637,223,1414,47,240,41,286,52,290,40,268,31,277,0,0,0,0,12,53,13 屏東縣,2 技職
110,1065,吳鳳科技大學,D 日,M 碩士,50,30,20,14,6,11,10,3,1,1,3,1,0,0,0,0,0,0,0,10 嘉義縣,2 技職
110,1065,吳鳳科技大學,N 職,M 碩士,62,40,22,22,14,15,8,3,0,0,0,0,0,0,0,0,0,0,0,10 嘉義縣,2 技職
110,1065,吳鳳科技大學,D 日,B 四技,3040,2073,967,459,206,407,241,576,262,570,237,0,0,0,0,0,0,61,21,10 嘉義縣,2 技職
110,1065,吳鳳科技大學,N 修,B 四技,771,577,194,147,39,118,48,143,41,140,64,0,0,0,0,0,0,29,2,10 嘉義縣,2 技職
110,1065,吳鳳科技大學,N 修,C 二技,768,371,397,0,0,0,0,164,221,206,175,0,0,0,0,0,0,1,1,10 嘉義縣,2 技職
110,1065,吳鳳科技大學,N 修,2 二專,224,129,95,63,51,64,44,0,0,0,0,0,0,0,0,0,0,2,0,10 嘉義縣,2 技職
110,1066,環球科技大學,D 日,M 碩士,127,58,69,19,25,22,17,11,18,6,9,0,0,0,0,0,0,0,0,09 雲林縣,2 技職
110,1066,環球科技大學,N 職,M 碩士,71,27,44,8,22,13,12,4,9,1,0,1,1,0,0,0,0,0,0,09 雲林縣,2 技職
110,1066,環球科技大學,D 日,B 四技,1728,827,901,130,103,149,181,235,280,240,283,0,0,0,0,0,0,73,54,09 雲林縣,2 技職
110,1066,環球科技大學,N 修,B 四技,452,238,214,46,23,55,47,56,51,75,75,0,0,0,0,0,0,6,18,09 雲林縣,2 技職
110,1066,環球科技大學,N 修,C 二技,325,138,187,0,0,0,0,52,90,76,84,0,0,0,0,0,0,10,13,09 雲林縣,2 技職
110,1066,環球科技大學,N 修,2 二專,128,92,36,60,24,29,12,0,0,0,0,0,0,0,0,0,0,3,0,09 雲林縣,2 技職
110,1067,台灣首府大學,D 日,M 碩士,53,11,42,5,17,3,20,3,3,0,2,0,0,0,0,0,0,0,0,11 臺南市,1 一般
110,1067,台灣首府大學,D 日,B 學士,590,278,312,20,27,37,48,77,96,123,124,0,0,0,0,0,0,21,17,11 臺南市,1 一般
110,1067,台灣首府大學,P 進,B 學士,168,104,64,15,14,15,12,18,16,44,20,0,0,0,0,0,0,12,2,11 臺南市,1 一般
110,1068,中州科技大學,D 日,M 碩士,2,1,1,0,0,0,0,0,1,1,0,0,0,0,0,0,0,0,0,07 彰化縣,2 技職
110,1068,中州科技大學,N 職,M 碩士,10,3,7,1,3,0,0,2,3,0,1,0,0,0,0,0,0,0,0,07 彰化縣,2 技職
110,1068,中州科技大學,D 日,B 四技,554,334,220,24,12,56,18,104,81,116,95,0,0,0,0,0,0,34,14,07 彰化縣,2 技職
110,1068,中州科技大學,N 修,B 四技,532,372,160,67,28,98,35,71,34,106,51,0,0,0,0,0,0,30,12,07 彰化縣,2 技職
110,1068,中州科技大學,N 修,C 二技,757,209,548,0,0,0,0,91,226,117,314,0,0,0,0,0,0,1,8,07 彰化縣,2 技職
110,1068,中州科技大學,N 修,2 二專,76,7,69,0,26,7,40,0,0,0,0,0,0,0,0,0,0,0,3,07 彰化縣,2 技職
110,1069,修平科技大學,D 日,M 碩士,77,50,27,23,15,18,11,5,0,4,1,0,0,0,0,0,0,0,0,06 臺中市,2 技職
110,1069,修平科技大學,N 職,M 碩士,40,31,9,22,7,8,2,1,0,0,0,0,0,0,0,0,0,0,0,06 臺中市,2 技職
110,1069,修平科技大學,D 日,B 四技,2833,2086,747,393,137,482,180,538,193,530,198,0,0,0,0,0,0,143,39,06 臺中市,2 技職
110,1069,修平科技大學,N 修,B 四技,1387,1275,112,345,27,293,29,276,27,318,24,0,0,0,0,0,0,43,5,06 臺中市,2 技職
110,1069,修平科技大學,N 修,C 二技,684,473,211,0,0,0,0,249,117,220,93,0,0,0,0,0,0,4,1,06 臺中市,2 技職
110,1069,修平科技大學,N 修,2 二專,3,3,0,0,0,0,0,0,0,0,0,0,0,0,0,0,0,3,0,06 臺中市,2 技職
110,1070,長庚科技大學,D 日,M 碩士,71,7,64,4,25,2,22,1,16,0,1,0,0,0,0,0,0,0,0,03 桃園市,2 技職
110,1070,長庚科技大學,N 職,M 碩士,150,3,147,1,43,0,39,0,34,1,20,0,8,0,3,1,0,0,0,03 桃園市,2 技職
110,1070,長庚科技大學,D 日,B 四技,3504,470,3034,133,759,112,758,104,753,119,749,0,0,0,0,0,0,2,15,03 桃園市,2 技職
110,1070,長庚科技大學,D 日,C 二技,1475,110,1365,0,0,0,0,58,669,52,694,0,0,0,0,0,0,0,2,03 桃園市,2 技職
110,1070,長庚科技大學,N 修,C 二技,1197,88,1109,0,0,0,0,49,568,39,522,0,14,0,0,0,0,0,5,03 桃園市,2 技職
110,1071,臺北城市科技大學,D 日,M 碩士,87,66,21,26,10,27,6,7,1,6,4,0,0,0,0,0,0,0,0,30 臺北市,2 技職
110,1071,臺北城市科技大學,D 日,B 四技,6813,4329,2484,956,533,950,542,1043,638,988,609,0,0,0,0,0,0,392,162,30 臺北市,2 技職
110,1071,臺北城市科技大學,N 修,B 四技,744,583,161,182,44,138,36,138,41,98,34,0,0,0,0,0,0,27,6,30 臺北市,2 技職
110,1071,臺北城市科技大學,D 日,C 二技,8,5,3,0,0,0,0,4,3,1,0,0,0,0,0,0,0,0,0,30 臺北市,2 技職
110,1071,臺北城市科技大學,N 修,C 二技,500,260,240,0,0,0,0,130,130,119,103,0,0,0,0,0,0,11,7,30 臺北市,2 技職
110,1071,臺北城市科技大學,N 修,2 二專,374,174,200,102,96,65,91,0,0,0,0,0,0,0,0,0,0,7,13,30 臺北市,2 技職
110,1071,臺北城市科技大學,D 日,5 五專,933,603,330,108,57,107,62,130,79,117,77,113,47,0,0,0,0,28,8,30 臺北市,2 技職
110,1072,敏實科技大學,D 日,B 四技,262,197,65,62,15,72,6,18,15,22,18,0,0,0,0,0,0,23,11,04 新竹縣,2 技職
110,1072,敏實科技大學,N 修,B 四技,114,61,53,8,13,10,8,10,8,25,16,0,0,0,0,0,0,8,8,04 新竹縣,2 技職
110,1072,敏實科技大學,D 日,5 五專,203,106,97,8,8,9,12,13,19,18,15,50,32,0,0,0,0,8,11,04 新竹縣,2 技職
110,1073,醒吾科技大學,D 日,M 碩士,65,27,38,17,16,5,15,5,7,0,0,0,0,0,0,0,0,0,0,01 新北市,2 技職
110,1073,醒吾科技大學,N 職,M 碩士,73,41,32,12,11,7,7,2,6,10,4,3,4,7,0,0,0,0,0,01 新北市,2 技職
110,1073,醒吾科技大學,D 日,B 四技,5751,2559,3192,602,836,674,771,550,714,585,744,0,0,0,0,0,0,148,127,01 新北市,2 技職
110,1073,醒吾科技大學,N 修,B 四技,706,303,403,107,105,39,38,61,72,77,164,0,0,0,0,0,0,19,24,01 新北市,2 技職
110,1073,醒吾科技大學,D 日,C 二技,22,6,16,0,0,0,0,0,0,0,0,0,0,0,0,0,0,6,16,01 新北市,2 技職
110,1073,醒吾科技大學,N 修,C 二技,444,190,254,0,0,0,0,91,116,90,132,0,0,0,0,0,0,9,6,01 新北市,2 技職
110,1073,醒吾科技大學,N 修,2 二專,123,59,64,17,12,35,50,0,0,0,0,0,0,0,0,0,0,7,2,01 新北市,2 技職
110,1073,醒吾科技大學,D 日,5 五專,333,127,206,17,17,19,31,30,41,28,60,29,56,0,0,0,0,4,1,01 新北市,2 技職
110,1075,文藻外語大學,D 日,M 碩士,221,54,167,22,53,12,44,12,29,7,35,1,6,0,0,0,0,0,0,50 高雄市,2 技職
110,1075,文藻外語大學,N 職,M 碩士,52,15,37,5,12,4,9,1,9,1,5,0,2,3,0,1,0,0,0,50 高雄市,2 技職
110,1075,文藻外語大學,D 日,B 四技,4829,1408,3421,309,759,339,756,323,856,343,839,0,0,0,0,0,0,94,211,50 高雄市,2 技職
110,1075,文藻外語大學,N 修,B 四技,1518,573,945,116,168,134,195,125,216,128,217,0,0,0,0,0,0,70,149,50 高雄市,2 技職
110,1075,文藻外語大學,D 日,C 二技,219,41,178,0,0,0,0,13,57,22,82,0,0,0,0,0,0,6,39,50 高雄市,2 技職
110,1075,文藻外語大學,N 修,C 二技,146,32,114,0,0,0,0,11,48,18,45,0,0,0,0,0,0,3,21,50 高雄市,2 技職
110,1075,文藻外語大學,D 日,5 五專,1698,290,1408,75,339,63,294,58,299,48,225,39,226,0,0,0,0,7,25,50 高雄市,2 技職
110,1076,華夏科技大學,D 日,M 碩士,35,30,5,15,2,6,3,5,0,4,0,0,0,0,0,0,0,0,0,01 新北市,2 技職
110,1076,華夏科技大學,N 職,M 碩士,62,42,20,19,9,15,9,5,1,3,1,0,0,0,0,0,0,0,0,01 新北市,2 技職
110,1076,華夏科技大學,D 日,B 四技,1277,821,456,171,65,170,91,232,148,180,130,0,0,0,0,0,0,68,22,01 新北市,2 技職
110,1076,華夏科技大學,N 修,B 四技,720,386,334,64,66,127,46,87,117,78,83,0,0,0,0,0,0,30,22,01 新北市,2 技職
110,1076,華夏科技大學,D 日,C 二技,79,68,11,0,0,0,0,19,5,41,6,0,0,0,0,0,0,8,0,01 新北市,2 技職
110,1076,華夏科技大學,N 修,C 二技,657,391,266,0,0,0,0,138,90,236,170,0,0,0,0,0,0,17,6,01 新北市,2 技職
110,1076,華夏科技大學,N 修,2 二專,112,46,66,0,15,42,42,0,0,0,0,0,0,0,0,0,0,4,9,01 新北市,2 技職
110,1076,華夏科技大學,D 日,5 五專,558,450,108,73,23,116,29,78,20,96,26,79,10,0,0,0,0,8,0,01 新北市,2 技職
110,1077,慈濟科技大學,D 日,M 碩士,61,18,43,7,16,9,17,0,9,2,1,0,0,0,0,0,0,0,0,15 花蓮縣,2 技職
110,1077,慈濟科技大學,D 日,B 四技,1289,496,793,125,197,106,196,123,197,114,190,0,0,0,0,0,0,28,13,15 花蓮縣,2 技職
110,1077,慈濟科技大學,N 修,B 四技,11,4,7,0,0,1,0,1,1,1,4,0,0,0,0,0,0,1,2,15 花蓮縣,2 技職
110,1077,慈濟科技大學,D 日,C 二技,273,28,245,0,0,0,0,16,125,12,118,0,0,0,0,0,0,0,2,15 花蓮縣,2 技職
110,1077,慈濟科技大學,N 修,C 二技,203,21,182,0,0,0,0,9,92,11,86,0,0,0,0,0,0,1,4,15 花蓮縣,2 技職
110,1077,慈濟科技大學,D 日,2 二專,14,4,10,0,0,4,10,0,0,0,0,0,0,0,0,0,0,0,0,15 花蓮縣,2 技職
110,1077,慈濟科技大學,N 修,2 二專,11,5,6,0,0,5,3,0,0,0,0,0,0,0,0,0,0,0,3,15 花蓮縣,2 技職
110,1077,慈濟科技大學,D 日,5 五專,1349,206,1143,27,216,48,253,42,237,36,200,45,207,0,0,0,0,8,30,15 花蓮縣,2 技職
110,1078,致理科技大學,D 日,M 碩士,50,10,40,5,12,3,16,1,9,1,3,0,0,0,0,0,0,0,0,01 新北市,2 技職
110,1078,致理科技大學,N 職,M 碩士,45,13,32,5,15,4,8,1,5,2,3,1,1,0,0,0,0,0,0,01 新北市,2 技職
110,1078,致理科技大學,D 日,B 四技,6435,2105,4330,495,1054,552,1022,451,1065,459,1035,0,0,0,0,0,0,148,154,01 新北市,2 技職
110,1078,致理科技大學,N 修,B 四技,3177,1310,1867,314,433,287,419,305,429,316,447,0,0,0,0,0,0,88,139,01 新北市,2 技職
110,1078,致理科技大學,D 日,C 二技,221,41,180,0,0,0,0,19,90,20,88,0,0,0,0,0,0,2,2,01 新北市,2 技職
110,1078,致理科技大學,N 修,C 二技,2,1,1,0,0,0,0,0,0,0,1,0,0,0,0,0,0,1,0,01 新北市,2 技職
110,1078,致理科技大學,D 日,5 五專,1556,348,1208,77,253,71,254,77,247,75,222,38,211,0,0,0,0,10,21,01 新北市,2 技職
110,1079,康寧大學,D 日,M 碩士,8,3,5,0,0,0,1,0,2,3,2,0,0,0,0,0,0,0,0,30 臺北市,1 一般
110,1079,康寧大學,N 職,M 碩士,13,5,8,0,0,0,0,1,1,3,5,1,2,0,0,0,0,0,0,30 臺北市,1 一般
110,1079,康寧大學,D 日,B 學士,236,59,177,11,39,11,44,10,38,7,45,0,0,0,0,0,0,20,11,30 臺北市,1 一般
110,1079,康寧大學,P 進,B 學士,6,3,3,0,0,0,0,0,2,1,1,0,0,0,0,0,0,2,0,30 臺北市,1 一般
110,1079,康寧大學,N 修,C 二技,182,15,167,0,0,0,0,10,87,5,80,0,0,0,0,0,0,0,0,30 臺北市,2 技職
110,1079,康寧大學,N 修,2 二專,182,45,137,23,71,22,63,0,0,0,0,0,0,0,0,0,0,0,3,30 臺北市,2 技職
110,1079,康寧大學,D 日,5 五專,2653,636,2017,123,394,140,441,136,378,104,394,120,369,0,0,0,0,13,41,30 臺北市,2 技職
110,1080,宏國德霖科技大學,D 日,M 碩士,31,16,15,10,10,6,5,0,0,0,0,0,0,0,0,0,0,0,0,01 新北市,2 技職
110,1080,宏國德霖科技大學,D 日,B 四技,1932,1192,740,250,178,242,148,330,201,298,194,0,0,0,0,0,0,72,19,01 新北市,2 技職
110,1080,宏國德霖科技大學,N 修,B 四技,1072,697,375,155,81,146,72,188,115,170,89,0,0,0,0,0,0,38,18,01 新北市,2 技職
110,1080,宏國德霖科技大學,D 日,C 二技,70,31,39,0,0,0,0,14,21,17,17,0,0,0,0,0,0,0,1,01 新北市,2 技職
110,1080,宏國德霖科技大學,N 修,C 二技,776,448,328,0,0,0,0,228,161,199,156,0,0,0,0,0,0,21,11,01 新北市,2 技職
110,1080,宏國德霖科技大學,N 修,2 二專,25,7,18,0,0,4,18,0,0,0,0,0,0,0,0,0,0,3,0,01 新北市,2 技職
110,1080,宏國德霖科技大學,D 日,5 五專,1090,657,433,164,89,140,89,125,84,107,88,114,75,0,0,0,0,7,8,01 新北市,2 技職
110,1081,東方設計大學,D 日,D 博士,28,14,14,4,1,2,3,1,5,2,1,3,2,1,2,1,0,0,0,12 高雄市,2 技職
110,1081,東方設計大學,D 日,M 碩士,81,30,51,18,28,7,18,3,3,1,2,1,0,0,0,0,0,0,0,12 高雄市,2 技職
110,1081,東方設計大學,N 職,M 碩士,42,19,23,14,16,5,4,0,3,0,0,0,0,0,0,0,0,0,0,12 高雄市,2 技職
110,1081,東方設計大學,D 日,B 四技,476,270,206,14,27,29,19,45,40,120,91,0,0,0,0,0,0,62,29,12 高雄市,2 技職
110,1081,東方設計大學,N 修,B 四技,45,35,10,0,0,1,2,11,3,20,3,0,0,0,0,0,0,3,2,12 高雄市,2 技職
110,1081,東方設計大學,D 日,C 二技,24,12,12,0,0,0,0,6,5,4,7,0,0,0,0,0,0,2,0,12 高雄市,2 技職
110,1081,東方設計大學,N 修,C 二技,241,138,103,0,0,0,0,69,59,62,37,0,0,0,0,0,0,7,7,12 高雄市,2 技職
110,1081,東方設計大學,N 修,2 二專,75,43,32,20,13,20,19,0,0,0,0,0,0,0,0,0,0,3,0,12 高雄市,2 技職
110,1081,東方設計大學,D 日,5 五專,459,213,246,18,18,23,49,50,46,49,51,69,76,0,0,0,0,4,6,12 高雄市,2 技職
110,1082,崇右影藝科技大學,D 日,M 碩士,63,36,27,6,8,22,14,6,2,1,3,1,0,0,0,0,0,0,0,17 基隆市,2 技職
110,1082,崇右影藝科技大學,D 日,B 四技,1573,699,874,148,246,97,136,182,238,210,208,0,0,0,0,0,0,62,46,17 基隆市,2 技職
110,1082,崇右影藝科技大學,N 修,C 二技,142,80,62,0,0,0,0,0,0,73,57,0,0,0,0,0,0,7,5,17 基隆市,2 技職
110,1082,崇右影藝科技大學,N 修,2 二專,140,78,62,0,0,69,55,0,0,0,0,0,0,0,0,0,0,9,7,17 基隆市,2 技職
110,1082,崇右影藝科技大學,D 日,5 五專,6,3,3,0,0,0,0,0,0,0,0,0,0,0,0,0,0,3,3,17 基隆市,2 技職
110,1083,台北海洋科技大學,D 日,M 碩士,143,82,61,36,24,36,24,6,5,4,8,0,0,0,0,0,0,0,0,01 新北市,2 技職
110,1083,台北海洋科技大學,D 日,B 四技,2237,1274,963,389,258,222,195,275,225,270,217,0,0,0,0,0,0,118,68,01 新北市,2 技職
110,1083,台北海洋科技大學,N 修,B 四技,216,108,108,37,33,23,42,21,14,24,17,0,0,0,0,0,0,3,2,01 新北市,2 技職
110,1083,台北海洋科技大學,D 日,C 二技,184,125,59,0,0,0,0,60,28,53,25,0,0,0,0,0,0,12,6,01 新北市,2 技職
110,1083,台北海洋科技大學,N 修,C 二技,516,221,295,0,0,0,0,134,162,86,130,0,0,0,0,0,0,1,3,01 新北市,2 技職
110,1083,台北海洋科技大學,D 日,2 二專,51,49,2,21,1,27,1,0,0,0,0,0,0,0,0,0,0,1,0,01 新北市,2 技職
110,1083,台北海洋科技大學,N 修,2 二專,81,73,8,46,2,23,6,0,0,0,0,0,0,0,0,0,0,4,0,01 新北市,2 技職
110,1083,台北海洋科技大學,D 日,5 五專,696,426,270,73,54,77,45,99,59,75,60,82,40,0,0,0,0,20,12,01 新北市,2 技職
110,1084,亞東科技大學,D 日,M 碩士,51,43,8,17,5,15,1,9,0,2,2,0,0,0,0,0,0,0,0,01 新北市,2 技職
110,1084,亞東科技大學,D 日,B 四技,3848,2805,1043,599,237,676,260,690,272,725,256,0,0,0,0,0,0,115,18,01 新北市,2 技職
110,1084,亞東科技大學,D 日,C 二技,177,8,169,0,0,0,0,5,85,3,84,0,0,0,0,0,0,0,0,01 新北市,2 技職
110,1084,亞東科技大學,N 修,C 二技,147,1,146,0,0,0,0,0,50,0,50,1,46,0,0,0,0,0,0,01 新北市,2 技職
110,1125,中信金融管理學院,D 日,M 碩士,117,58,59,26,35,16,19,11,4,5,1,0,0,0,0,0,0,0,0,21 臺南市,1 一般
110,1125,中信金融管理學院,N 職,M 碩士,37,15,22,11,19,4,3,0,0,0,0,0,0,0,0,0,0,0,0,21 臺南市,1 一般
110,1125,中信金融管理學院,D 日,B 學士,765,470,295,171,83,109,87,98,60,83,65,0,0,0,0,0,0,9,0,21 臺南市,1 一般
110,1148,大漢技術學院,D 日,M 碩士,87,51,36,21,17,16,14,14,5,0,0,0,0,0,0,0,0,0,0,15 花蓮縣,2 技職
110,1148,大漢技術學院,D 日,B 四技,197,112,85,18,11,24,18,29,20,31,32,0,0,0,0,0,0,10,4,15 花蓮縣,2 技職
110,1148,大漢技術學院,N 修,B 四技,294,188,106,46,39,57,24,41,24,37,17,0,0,0,0,0,0,7,2,15 花蓮縣,2 技職
110,1148,大漢技術學院,N 修,C 二技,219,118,101,0,0,0,0,61,48,51,53,0,0,0,0,0,0,6,0,15 花蓮縣,2 技職
110,1148,大漢技術學院,N 修,2 二專,107,55,52,28,30,27,20,0,0,0,0,0,0,0,0,0,0,0,2,15 花蓮縣,2 技職
110,1159,和春技術學院,D 日,B 四技,77,61,16,0,0,15,2,10,2,23,7,0,0,0,0,0,0,13,5,12 高雄市,2 技職
110,1159,和春技術學院,N 修,B 四技,32,26,6,0,0,7,0,7,2,7,3,0,0,0,0,0,0,5,1,12 高雄市,2 技職
110,1159,和春技術學院,N 修,C 二技,106,76,30,0,0,0,0,0,0,69,26,0,0,0,0,0,0,7,4,12 高雄市,2 技職
110,1159,和春技術學院,N 修,2 二專,52,43,9,0,0,33,7,0,0,0,0,0,0,0,0,0,0,10,2,12 高雄市,2 技職
110,1159,和春技術學院,D 日,5 五專,34,18,16,0,0,0,0,3,0,3,2,11,12,0,0,0,0,1,2,12 高雄市,2 技職
110,1168,南亞技術學院,D 日,M 碩士,11,9,2,0,0,2,1,4,1,3,0,0,0,0,0,0,0,0,0,03 桃園市,2 技職
110,1168,南亞技術學院,D 日,B 四技,1168,748,420,139,70,195,101,216,102,168,111,0,0,0,0,0,0,30,36,03 桃園市,2 技職
110,1168,南亞技術學院,N 修,B 四技,391,239,152,37,32,29,37,75,27,76,41,0,0,0,0,0,0,22,15,03 桃園市,2 技職
110,1168,南亞技術學院,N 修,C 二技,966,338,628,0,0,0,0,88,315,239,304,0,0,0,0,0,0,11,9,03 桃園市,2 技職
110,1168,南亞技術學院,N 修,2 二專,30,20,10,0,0,16,8,0,0,0,0,0,0,0,0,0,0,4,2,03 桃園市,2 技職
110,1168,南亞技術學院,D 日,5 五專,196,118,78,18,12,16,14,26,13,20,20,30,17,0,0,0,0,8,2,03 桃園市,2 技職
110,1182,蘭陽技術學院,D 日,B 四技,132,79,53,0,0,8,10,13,4,52,35,0,0,0,0,0,0,6,4,02 宜蘭縣,2 技職
110,1182,蘭陽技術學院,N 修,C 二技,63,34,29,0,0,0,0,0,0,34,29,0,0,0,0,0,0,0,0,02 宜蘭縣,2 技職
110,1182,蘭陽技術學院,D 日,5 五專,130,71,59,0,0,5,6,10,8,19,20,22,16,0,0,0,0,15,9,02 宜蘭縣,2 技職
110,1183,黎明技術學院,D 日,B 四技,3550,1877,1673,390,437,404,404,460,390,531,382,0,0,0,0,0,0,92,60,01 新北市,2 技職
110,1183,黎明技術學院,N 修,B 四技,1259,786,473,293,159,162,104,175,96,130,102,0,0,0,0,0,0,26,12,01 新北市,2 技職
110,1183,黎明技術學院,N 修,C 二技,65,15,50,0,0,0,0,10,29,4,21,0,0,0,0,0,0,1,0,01 新北市,2 技職
110,1183,黎明技術學院,D 日,5 五專,380,316,64,54,14,67,16,50,10,64,10,70,12,0,0,0,0,11,2,01 新北市,2 技職
110,1185,經國管理暨健康學院,D 日,M 碩士,48,4,44,1,19,1,17,1,5,1,3,0,0,0,0,0,0,0,0,17 基隆市,2 技職
110,1185,經國管理暨健康學院,N 職,M 碩士,40,12,28,8,12,1,13,2,1,1,1,0,1,0,0,0,0,0,0,17 基隆市,2 技職
110,1185,經國管理暨健康學院,D 日,B 四技,1643,613,1030,98,175,102,179,185,317,173,277,0,0,0,0,0,0,55,82,17 基隆市,2 技職
110,1185,經國管理暨健康學院,N 修,B 四技,9,7,2,0,0,0,0,0,0,0,0,0,0,0,0,0,0,7,2,17 基隆市,2 技職
110,1185,經國管理暨健康學院,D 日,C 二技,173,23,150,0,0,0,0,7,73,13,74,0,0,0,0,0,0,3,3,17 基隆市,2 技職
110,1185,經國管理暨健康學院,N 修,C 二技,869,158,711,0,0,0,0,89,408,57,290,0,0,0,0,0,0,12,13,17 基隆市,2 技職
110,1185,經國管理暨健康學院,N 修,2 二專,214,42,172,19,86,21,72,0,0,0,0,0,0,0,0,0,0,2,14,17 基隆市,2 技職
110,1185,經國管理暨健康學院,D 日,5 五專,1012,259,753,49,158,48,154,57,125,52,135,41,126,0,0,0,0,12,55,17 基隆市,2 技職
110,1188,大同技術學院,D 日,B 四技,397,185,212,24,32,31,26,28,44,85,100,0,0,0,0,0,0,17,10,20 嘉義市,2 技職
110,1188,大同技術學院,N 修,B 四技,190,63,127,16,51,14,23,14,24,18,26,0,0,0,0,0,0,1,3,20 嘉義市,2 技職
110,1188,大同技術學院,N 修,C 二技,230,48,182,0,0,0,0,23,115,25,65,0,0,0,0,0,0,0,2,20 嘉義市,2 技職
110,1188,大同技術學院,N 修,2 二專,45,22,23,17,12,4,11,0,0,0,0,0,0,0,0,0,0,1,0,20 嘉義市,2 技職
110,1188,大同技術學院,D 日,5 五專,80,44,36,3,5,12,7,8,6,3,9,9,8,0,0,0,0,9,1,20 嘉義市,2 技職
110,1195,馬偕醫學院,D 日,D 博士,8,8,0,3,0,3,0,2,0,0,0,0,0,0,0,0,0,0,0,01 新北市,1 一般
110,1195,馬偕醫學院,D 日,M 碩士,60,18,42,5,6,8,28,2,5,3,3,0,0,0,0,0,0,0,0,01 新北市,1 一般
110,1195,馬偕醫學院,N 職,M 碩士,28,6,22,2,13,4,9,0,0,0,0,0,0,0,0,0,0,0,0,01 新北市,1 一般
110,1195,馬偕醫學院,D 日,B 學士,727,254,473,53,111,60,98,42,112,44,112,26,20,24,17,0,0,5,3,01 新北市,1 一般
110,1195,馬偕醫學院,N 修,C 二技,78,2,76,0,0,0,0,0,39,2,37,0,0,0,0,0,0,0,0,01 新北市,2 技職
110,1196,法鼓文理學院,D 日,D 博士,18,8,10,1,1,3,1,1,1,3,1,0,1,0,1,0,4,0,0,01 新北市,1 一般
110,1196,法鼓文理學院,D 日,M 碩士,259,70,189,13,58,17,42,21,46,19,43,0,0,0,0,0,0,0,0,01 新北市,1 一般
110,1196,法鼓文理學院,D 日,B 學士,52,22,30,6,6,7,2,4,12,5,9,0,0,0,0,0,0,0,1,01 新北市,1 一般
110,1282,馬偕醫護管理專科學校,D 日,2 二專,1,0,1,0,0,0,0,0,0,0,0,0,0,0,0,0,0,0,1,30 臺北市,2 技職
110,1282,馬偕醫護管理專科學校,N 修,2 二專,144,72,72,41,37,29,33,0,0,0,0,0,0,0,0,0,0,2,2,30 臺北市,2 技職
110,1282,馬偕醫護管理專科學校,D 日,5 五專,3852,504,3348,135,733,106,676,87,634,67,620,88,615,0,0,0,0,21,70,30 臺北市,2 技職
110,1283,仁德醫護管理專科學校,N 修,2 二專,416,212,204,134,121,70,82,0,0,0,0,0,0,0,0,0,0,8,1,05 苗栗縣,2 技職
110,1283,仁德醫護管理專科學校,D 日,5 五專,5970,1333,4637,253,881,311,945,254,888,222,858,195,826,0,0,0,0,98,239,05 苗栗縣,2 技職
110,1284,樹人醫護管理專科學校,N 修,2 二專,562,301,261,117,112,123,94,32,39,21,13,0,0,0,0,0,0,8,3,12 高雄市,2 技職
110,1284,樹人醫護管理專科學校,D 日,5 五專,6743,1472,5271,344,1128,277,1148,285,1028,264,960,235,851,0,0,0,0,67,156,12 高雄市,2 技職
110,1285,慈惠醫護管理專科學校,D 日,2 二專,89,19,70,8,38,8,23,0,0,0,0,0,0,0,0,0,0,3,9,13 屏東縣,2 技職
110,1285,慈惠醫護管理專科學校,N 修,2 二專,251,88,163,33,74,29,66,14,6,8,8,0,0,0,0,0,0,4,9,13 屏東縣,2 技職
110,1285,慈惠醫護管理專科學校,D 日,5 五專,3005,641,2364,101,335,104,410,125,468,145,498,112,474,0,0,0,0,54,179,13 屏東縣,2 技職
110,1286,耕莘健康管理專科學校,N 修,2 二專,120,9,111,6,54,3,53,0,0,0,0,0,0,0,0,0,0,0,4,01 新北市,2 技職
110,1286,耕莘健康管理專科學校,D 日,5 五專,4272,422,3850,83,719,78,705,66,710,79,745,79,782,0,0,0,0,37,189,01 新北市,2 技職
110,1287,敏惠醫護管理專科學校,N 修,2 二專,64,19,45,14,21,5,24,0,0,0,0,0,0,0,0,0,0,0,0,11 臺南市,2 技職
110,1287,敏惠醫護管理專科學校,D 日,5 五專,3841,486,3355,104,664,113,678,100,650,84,645,66,622,0,0,0,0,19,96,11 臺南市,2 技職
110,1289,育英醫護管理專科學校,D 日,5 五專,1923,220,1703,38,336,42,348,50,312,37,320,43,338,0,0,0,0,10,49,50 高雄市,2 技職
110,1291,聖母醫護管理專科學校,D 日,2 二專,34,17,17,9,8,8,9,0,0,0,0,0,0,0,0,0,0,0,0,02 宜蘭縣,2 技職
110,1291,聖母醫護管理專科學校,N 修,2 二專,51,27,24,16,13,11,11,0,0,0,0,0,0,0,0,0,0,0,0,02 宜蘭縣,2 技職
110,1291,聖母醫護管理專科學校,D 日,5 五專,1787,292,1495,50,278,48,266,59,297,66,284,62,354,0,0,0,0,7,16,02 宜蘭縣,2 技職
110,1292,新生醫護管理專科學校,N 修,2 二專,70,9,61,2,36,7,25,0,0,0,0,0,0,0,0,0,0,0,0,03 桃園市,2 技職
110,1292,新生醫護管理專科學校,D 日,5 五專,5985,728,5257,140,1132,163,1074,137,1010,120,945,137,938,0,0,0,0,31,158,03 桃園市,2 技職
110,1293,崇仁醫護管理專科學校,D 日,5 五專,3209,445,2764,110,519,95,542,77,575,71,523,81,559,0,0,0,0,11,46,10 嘉義縣,2 技職
110,3002,臺北市立大學,D 日,D 博士,220,95,125,16,18,13,18,14,16,13,14,10,13,9,10,20,36,0,0,30 臺北市,1 一般
110,3002,臺北市立大學,D 日,M 碩士,1348,447,901,144,292,125,234,90,157,52,120,19,65,17,33,0,0,0,0,30 臺北市,1 一般
110,3002,臺北市立大學,N 職,M 碩士,1201,316,885,105,280,96,257,46,159,28,85,19,54,22,50,0,0,0,0,30 臺北市,1 一般
110,3002,臺北市立大學,D 日,B 學士,5345,2363,2982,575,727,552,701,538,732,510,711,0,0,0,0,0,0,188,111,30 臺北市,1 一般
111,0001,國立政治大學,D 日,D 博士,922,530,392,78,63,88,67,81,66,72,61,70,50,66,45,75,40,0,0,30 臺北市,1 一般
111,0001,國立政治大學,D 日,M 碩士,4203,1907,2296,663,823,611,733,352,441,279,297,2,2,0,0,0,0,0,0,30 臺北市,1 一般
111,0001,國立政治大學,N 職,M 碩士,1870,921,949,278,292,278,319,193,179,103,97,68,61,1,1,0,0,0,0,30 臺北市,1 一般
111,0001,國立政治大學,D 日,B 學士,9732,3976,5756,875,1388,927,1351,923,1273,915,1314,0,0,0,0,0,0,336,430,30 臺北市,1 一般
111,0002,國立清華大學,D 日,D 博士,1669,1169,500,227,97,215,102,178,72,185,67,139,67,94,41,131,54,0,0,18 新竹市,1 一般
111,0002,國立清華大學,D 日,M 碩士,5859,3551,2308,1430,848,1332,832,552,350,230,252,4,19,3,6,0,1,0,0,18 新竹市,1 一般
111,0002,國立清華大學,N 職,M 碩士,1387,511,876,184,286,201,247,57,134,31,109,26,54,1,12,11,34,0,0,18 新竹市,1 一般
111,0002,國立清華大學,D 日,B 學士,9118,4957,4161,1248,1072,1249,968,1123,1001,1062,924,0,0,0,0,0,0,275,196,18 新竹市,1 一般
111,0002,國立清華大學,D 日,X 4+X,1,1,0,1,0,0,0,0,0,0,0,0,0,0,0,0,0,0,0,18 新竹市,1 一般
111,0003,國立臺灣大學,D 日,D 博士,3629,2444,1185,437,222,466,237,418,196,367,153,237,134,213,117,306,126,0,0,30 臺北市,1 一般
111,0003,國立臺灣大學,D 日,M 碩士,11096,6651,4445,2650,1751,2528,1608,955,615,518,471,0,0,0,0,0,0,0,0,30 臺北市,1 一般
111,0003,國立臺灣大學,N 職,M 碩士,1623,1003,620,316,222,344,221,183,98,59,41,49,24,52,14,0,0,0,0,30 臺北市,1 一般
111,0003,國立臺灣大學,D 日,B 學士,17074,9514,7560,2155,1734,2224,1729,2023,1689,2035,1617,202,128,170,94,0,0,705,569,30 臺北市,1 一般
111,0004,國立臺灣師範大學,D 日,D 博士,1326,632,694,111,117,113,107,82,125,90,101,72,83,96,94,68,67,0,0,30 臺北市,3 師範
111,0004,國立臺灣師範大學,D 日,M 碩士,4360,1903,2457,675,817,621,820,367,489,240,331,0,0,0,0,0,0,0,0,30 臺北市,3 師範
111,0004,國立臺灣師範大學,N 職,M 碩士,2182,650,1532,232,511,166,442,105,290,85,147,38,91,24,51,0,0,0,0,30 臺北市,3 師範
111,0004,國立臺灣師範大學,D 日,B 學士,8394,3810,4584,921,1088,931,1091,841,1079,817,1019,0,0,0,0,0,0,300,307,30 臺北市,3 師範
111,0005,國立成功大學,D 日,D 博士,1857,1231,626,233,116,220,124,218,110,206,102,148,65,104,58,102,51,0,0,21 臺南市,1 一般
111,0005,國立成功大學,D 日,M 碩士,7425,4776,2649,2046,1114,2023,1071,494,301,203,148,10,13,0,2,0,0,0,0,21 臺南市,1 一般
111,0005,國立成功大學,N 職,M 碩士,1533,932,601,297,219,279,200,183,105,107,50,62,27,3,0,1,0,0,0,21 臺南市,1 一般
111,0005,國立成功大學,D 日,B 學士,12010,7406,4604,1790,1113,1833,1100,1613,1057,1632,1008,91,65,59,42,0,0,388,219,21 臺南市,1 一般
111,0006,國立中興大學,D 日,D 博士,969,655,314,89,58,113,70,103,40,100,43,88,40,70,27,92,36,0,0,19 臺中市,1 一般
111,0006,國立中興大學,D 日,M 碩士,3668,2170,1498,943,632,877,611,253,173,94,77,3,5,0,0,0,0,0,0,19 臺中市,1 一般
111,0006,國立中興大學,N 職,M 碩士,1733,1114,619,381,243,373,200,161,93,110,49,89,34,0,0,0,0,0,0,19 臺中市,1 一般
111,0006,國立中興大學,D 日,B 學士,8201,4643,3558,1108,877,1131,829,1106,844,1078,862,30,45,0,0,0,0,190,101,19 臺中市,1 一般
111,0006,國立中興大學,P 進,B 學士,892,399,493,92,135,91,112,88,109,87,90,34,37,0,0,0,0,7,10,19 臺中市,1 一般
111,0007,國立陽明交通大學,D 日,D 博士,2613,1790,823,309,154,324,155,265,144,270,132,235,87,170,70,217,81,0,0,18 新竹市,1 一般
111,0007,國立陽明交通大學,D 日,M 碩士,7617,4791,2826,1804,1169,1785,1048,924,428,276,173,1,7,1,1,0,0,0,0,18 新竹市,1 一般
111,0007,國立陽明交通大學,N 職,M 碩士,1872,1173,699,377,257,360,229,187,108,139,68,110,37,0,0,0,0,0,0,18 新竹市,1 一般
111,0007,國立陽明交通大學,D 日,B 學士,8605,5489,3116,1197,709,1286,686,1228,698,1233,743,165,96,147,97,6,2,227,85,18 新竹市,1 一般
111,0008,國立中央大學,D 日,D 博士,1025,713,312,131,68,125,52,115,45,100,43,86,33,74,39,82,32,0,0,03 桃園市,1 一般
111,0008,國立中央大學,D 日,M 碩士,3650,2439,1211,1052,533,1028,477,256,121,90,71,13,9,0,0,0,0,0,0,03 桃園市,1 一般
111,0008,國立中央大學,N 職,M 碩士,1465,923,542,347,227,318,215,137,56,68,27,46,12,7,5,0,0,0,0,03 桃園市,1 一般
111,0008,國立中央大學,D 日,B 學士,6154,3823,2331,975,583,981,567,890,596,851,509,0,0,0,0,0,0,126,76,03 桃園市,1 一般
111,0009,國立中山大學,D 日,D 博士,854,558,296,114,66,107,63,93,55,77,38,71,39,50,21,46,14,0,0,50 高雄市,1 一般
111,0009,國立中山大學,D 日,M 碩士,3402,2072,1330,857,538,796,490,298,209,121,93,0,0,0,0,0,0,0,0,50 高雄市,1 一般
111,0009,國立中山大學,N 職,M 碩士,1095,537,558,197,202,170,208,78,70,60,41,17,19,15,18,0,0,0,0,50 高雄市,1 一般
111,0009,國立中山大學,D 日,B 學士,4945,2976,1969,746,486,726,471,695,440,644,458,0,0,0,0,0,0,165,114,50 高雄市,1 一般
111,0012,國立臺灣海洋大學,D 日,D 博士,328,240,88,36,16,34,18,45,13,41,20,23,7,21,6,40,8,0,0,17 基隆市,1 一般
111,0012,國立臺灣海洋大學,D 日,M 碩士,1478,976,502,436,223,343,173,123,54,49,32,14,9,11,8,0,3,0,0,17 基隆市,1 一般
111,0012,國立臺灣海洋大學,N 職,M 碩士,670,395,275,138,108,145,93,48,35,34,21,12,11,3,3,15,4,0,0,17 基隆市,1 一般
111,0012,國立臺灣海洋大學,D 日,B 學士,6094,4188,1906,1029,446,983,472,1002,479,927,466,0,0,0,0,0,0,247,43,17 基隆市,1 一般
111,0012,國立臺灣海洋大學,P 進,B 學士,597,390,207,154,52,111,42,54,49,58,35,0,0,0,0,0,0,13,29,17 基隆市,1 一般
111,0013,國立中正大學,D 日,D 博士,558,356,202,59,42,58,34,47,28,59,35,43,23,36,18,54,22,0,0,10 嘉義縣,1 一般
111,0013,國立中正大學,D 日,M 碩士,2858,1685,1173,670,468,658,411,221,163,129,118,7,13,0,0,0,0,0,0,10 嘉義縣,1 一般
111,0013,國立中正大學,N 職,M 碩士,1399,582,817,205,297,184,265,90,115,55,92,46,48,2,0,0,0,0,0,10 嘉義縣,1 一般
111,0013,國立中正大學,D 日,B 學士,6558,3537,3021,884,766,904,761,829,738,788,683,0,0,0,0,0,0,132,73,10 嘉義縣,1 一般
111,0014,國立高雄師範大學,D 日,D 博士,445,214,231,32,41,32,37,29,34,27,33,28,21,22,26,44,39,0,0,50 高雄市,3 師範
111,0014,國立高雄師範大學,D 日,M 碩士,1519,556,963,173,308,172,253,96,196,77,142,23,39,10,14,5,11,0,0,50 高雄市,3 師範
111,0014,國立高雄師範大學,N 職,M 碩士,1385,497,888,163,253,165,316,97,156,27,80,17,35,28,48,0,0,0,0,50 高雄市,3 師範
111,0014,國立高雄師範大學,D 日,B 學士,3870,1915,1955,496,464,471,458,441,508,439,450,0,0,0,0,0,0,68,75,50 高雄市,3 師範
111,0015,國立彰化師範大學,D 日,D 博士,488,288,200,46,29,36,34,52,26,37,33,46,28,29,30,42,20,0,0,07 彰化縣,3 師範
111,0015,國立彰化師範大學,D 日,M 碩士,1686,837,849,340,301,281,265,129,143,84,125,3,9,0,6,0,0,0,0,07 彰化縣,3 師範
111,0015,國立彰化師範大學,N 職,M 碩士,1364,556,808,213,251,184,227,58,106,40,95,34,71,27,58,0,0,0,0,07 彰化縣,3 師範
111,0015,國立彰化師範大學,D 日,B 學士,4988,2710,2278,669,556,624,570,648,543,633,551,0,0,0,0,0,0,136,58,07 彰化縣,3 師範
111,0017,國立臺北大學,D 日,D 博士,202,137,65,22,9,25,8,24,15,25,11,18,7,8,9,15,6,0,0,01 新北市,1 一般
111,0017,國立臺北大學,D 日,M 碩士,1506,742,764,277,294,249,276,116,96,98,88,2,10,0,0,0,0,0,0,01 新北市,1 一般
111,0017,國立臺北大學,N 職,M 碩士,639,307,332,115,127,112,118,45,46,21,28,14,13,0,0,0,0,0,0,01 新北市,1 一般
111,0017,國立臺北大學,D 日,B 學士,5959,2743,3216,671,760,694,769,657,780,628,789,0,0,0,0,0,0,93,118,01 新北市,1 一般
111,0017,國立臺北大學,P 進,B 學士,1971,816,1155,215,273,208,290,188,273,148,261,0,0,0,0,0,0,57,58,01 新北市,1 一般
111,0018,國立嘉義大學,D 日,D 博士,197,116,81,19,16,22,11,15,16,17,12,15,5,15,4,13,17,0,0,20 嘉義市,1 一般
111,0018,國立嘉義大學,D 日,M 碩士,1210,553,657,170,247,195,201,109,110,79,99,0,0,0,0,0,0,0,0,20 嘉義市,1 一般
111,0018,國立嘉義大學,N 職,M 碩士,910,349,561,108,155,110,205,63,98,68,103,0,0,0,0,0,0,0,0,20 嘉義市,1 一般
111,0018,國立嘉義大學,D 日,B 學士,7338,3801,3537,930,778,947,955,935,848,849,872,23,25,0,0,0,0,117,59,20 嘉義市,1 一般
111,0018,國立嘉義大學,P 進,B 學士,1831,1128,703,275,181,273,167,255,162,253,156,0,0,0,0,0,0,72,37,20 嘉義市,1 一般
111,0019,國立高雄大學,D 日,D 博士,30,26,4,5,1,4,1,3,2,5,0,4,0,2,0,3,0,0,0,50 高雄市,1 一般
111,0019,國立高雄大學,D 日,M 碩士,701,437,264,171,108,152,87,75,36,38,29,1,4,0,0,0,0,0,0,50 高雄市,1 一般
111,0019,國立高雄大學,N 職,M 碩士,539,340,199,114,61,105,69,43,25,43,18,16,11,17,13,2,2,0,0,50 高雄市,1 一般
111,0019,國立高雄大學,D 日,B 學士,4592,2684,1908,662,451,643,468,641,481,612,443,15,16,0,0,0,0,111,49,50 高雄市,1 一般
111,0019,國立高雄大學,N 修,C 二技,124,58,66,0,0,0,0,24,24,12,23,0,0,0,0,0,0,22,19,50 高雄市,2 技職
111,0020,國立東華大學,D 日,D 博士,421,240,181,40,38,40,38,31,34,38,22,32,21,17,14,42,14,0,0,15 花蓮縣,1 一般
111,0020,國立東華大學,D 日,M 碩士,1443,689,754,233,282,233,206,106,114,88,112,19,20,10,20,0,0,0,0,15 花蓮縣,1 一般
111,0020,國立東華大學,N 職,M 碩士,538,196,342,60,106,63,101,30,65,22,34,15,25,6,11,0,0,0,0,15 花蓮縣,1 一般
111,0020,國立東華大學,D 日,B 學士,7878,3745,4133,854,953,915,1041,875,999,835,933,0,0,0,0,0,0,266,207,15 花蓮縣,1 一般
111,0021,國立暨南國際大學,D 日,D 博士,354,179,175,33,43,33,27,26,20,25,25,23,19,20,16,19,25,0,0,08 南投縣,1 一般
111,0021,國立暨南國際大學,D 日,M 碩士,867,375,492,149,172,116,147,57,66,44,85,5,11,4,11,0,0,0,0,08 南投縣,1 一般
111,0021,國立暨南國際大學,N 職,M 碩士,494,180,314,70,112,56,96,23,50,16,27,7,16,8,13,0,0,0,0,08 南投縣,1 一般
111,0021,國立暨南國際大學,D 日,B 學士,4666,2268,2398,585,591,602,622,517,562,473,532,0,0,0,0,0,0,91,91,08 南投縣,1 一般
111,0022,國立臺灣科技大學,D 日,D 博士,1075,808,267,207,80,175,65,149,50,114,29,68,16,48,18,47,9,0,0,30 臺北市,2 技職
111,0022,國立臺灣科技大學,D 日,M 碩士,4055,2814,1241,1341,617,1165,495,241,98,67,31,0,0,0,0,0,0,0,0,30 臺北市,2 技職
111,0022,國立臺灣科技大學,N 職,M 碩士,836,513,323,230,141,176,130,59,31,46,19,2,2,0,0,0,0,0,0,30 臺北市,2 技職
111,0022,國立臺灣科技大學,D 日,B 四技,5632,3929,1703,992,405,951,414,942,401,871,389,0,0,0,0,0,0,173,94,30 臺北市,2 技職
111,0022,國立臺灣科技大學,D 日,C 二技,50,9,41,0,0,0,0,1,17,4,23,0,0,0,0,0,0,4,1,30 臺北市,2 技職
111,0023,國立雲林科技大學,D 日,D 博士,433,269,164,65,29,48,26,53,38,31,16,28,19,15,21,29,15,0,0,09 雲林縣,2 技職
111,0023,國立雲林科技大學,D 日,M 碩士,2018,1258,760,550,327,510,278,145,112,53,43,0,0,0,0,0,0,0,0,09 雲林縣,2 技職
111,0023,國立雲林科技大學,N 職,M 碩士,815,480,335,184,144,172,119,78,36,32,27,14,9,0,0,0,0,0,0,09 雲林縣,2 技職
111,0023,國立雲林科技大學,D 日,B 四技,6347,3908,2439,962,622,990,573,960,578,876,589,0,0,0,0,0,0,120,77,09 雲林縣,2 技職
111,0023,國立雲林科技大學,N 修,B 四技,227,98,129,25,33,36,35,21,34,14,25,0,0,0,0,0,0,2,2,09 雲林縣,2 技職
111,0023,國立雲林科技大學,D 日,C 二技,187,75,112,0,0,0,0,40,51,31,53,0,0,0,0,0,0,4,8,09 雲林縣,2 技職
111,0024,國立屏東科技大學,D 日,D 博士,254,158,96,32,16,29,23,25,13,24,16,16,9,15,7,17,12,0,0,13 屏東縣,2 技職
111,0024,國立屏東科技大學,D 日,M 碩士,1150,655,495,286,208,250,185,84,78,31,19,4,3,0,2,0,0,0,0,13 屏東縣,2 技職
111,0024,國立屏東科技大學,N 職,M 碩士,281,172,109,72,54,62,39,25,8,6,5,1,3,6,0,0,0,0,0,13 屏東縣,2 技職
111,0024,國立屏東科技大學,D 日,B 四技,7627,4145,3482,1055,828,1023,821,944,834,904,860,29,45,0,0,0,0,190,94,13 屏東縣,2 技職
111,0024,國立屏東科技大學,N 修,B 四技,1318,855,463,176,90,225,113,214,109,189,121,0,0,0,0,0,0,51,30,13 屏東縣,2 技職
111,0025,國立臺北科技大學,D 日,D 博士,737,554,183,84,34,98,33,89,37,89,21,67,18,43,10,84,30,0,0,30 臺北市,2 技職
111,0025,國立臺北科技大學,D 日,M 碩士,3376,2417,959,1060,421,1028,400,256,97,73,41,0,0,0,0,0,0,0,0,30 臺北市,2 技職
111,0025,國立臺北科技大學,N 職,M 碩士,1586,1079,507,389,192,333,187,182,72,90,27,52,19,31,8,2,2,0,0,30 臺北市,2 技職
111,0025,國立臺北科技大學,D 日,B 四技,6308,4432,1876,1034,489,1095,442,1074,420,1063,453,0,0,0,0,0,0,166,72,30 臺北市,2 技職
111,0025,國立臺北科技大學,N 修,B 四技,1438,1202,236,189,32,248,62,349,70,369,61,0,0,0,0,0,0,47,11,30 臺北市,2 技職
111,0025,國立臺北科技大學,D 日,C 二技,37,20,17,0,0,0,0,7,7,11,9,0,0,0,0,0,0,2,1,30 臺北市,2 技職
111,0025,國立臺北科技大學,N 修,C 二技,1,1,0,0,0,0,0,0,0,0,0,0,0,0,0,0,0,1,0,30 臺北市,2 技職
111,0025,國立臺北科技大學,D 日,5 五專,150,123,27,30,6,22,3,27,4,21,8,23,6,0,0,0,0,0,0,30 臺北市,2 技職
111,0028,國立臺北藝術大學,D 日,D 博士,109,46,63,9,11,8,10,7,7,12,15,2,10,5,5,3,5,0,0,30 臺北市,1 一般
111,0028,國立臺北藝術大學,D 日,M 碩士,1011,357,654,113,193,84,180,88,155,72,126,0,0,0,0,0,0,0,0,30 臺北市,1 一般
111,0028,國立臺北藝術大學,N 職,M 碩士,177,58,119,21,32,15,37,5,23,12,18,5,9,0,0,0,0,0,0,30 臺北市,1 一般
111,0028,國立臺北藝術大學,D 日,B 學士,1797,649,1148,145,261,145,265,135,243,140,242,0,0,0,0,0,0,84,137,30 臺北市,1 一般
111,0028,國立臺北藝術大學,D 日,5 七年,85,41,44,13,14,13,15,15,15,0,0,0,0,0,0,0,0,0,0,30 臺北市,1 一般
111,0029,國立臺灣藝術大學,D 日,D 博士,152,71,81,24,11,15,13,10,19,7,17,5,9,6,6,4,6,0,0,01 新北市,1 一般
111,0029,國立臺灣藝術大學,D 日,M 碩士,773,274,499,79,153,81,147,69,123,45,76,0,0,0,0,0,0,0,0,01 新北市,1 一般
111,0029,國立臺灣藝術大學,N 職,M 碩士,386,168,218,42,57,37,63,36,47,24,38,18,7,11,6,0,0,0,0,01 新北市,1 一般
111,0029,國立臺灣藝術大學,D 日,B 學士,2374,669,1705,153,433,158,365,155,372,140,389,0,0,0,0,0,0,63,146,01 新北市,1 一般
111,0029,國立臺灣藝術大學,P 進,B 學士,1583,487,1096,116,247,108,264,108,224,103,245,0,0,0,0,0,0,52,116,01 新北市,1 一般
111,0029,國立臺灣藝術大學,N 修,C 二技,346,87,259,0,0,0,0,35,113,39,97,0,0,0,0,0,0,13,49,01 新北市,2 技職
111,0030,國立臺東大學,D 日,D 博士,47,20,27,3,7,3,4,5,4,2,1,3,5,1,2,3,4,0,0,14 臺東縣,1 一般
111,0030,國立臺東大學,D 日,M 碩士,389,154,235,47,66,52,85,26,46,23,26,5,11,1,1,0,0,0,0,14 臺東縣,1 一般
111,0030,國立臺東大學,N 職,M 碩士,627,165,462,38,170,64,147,34,62,15,38,6,17,3,18,5,10,0,0,14 臺東縣,1 一般
111,0030,國立臺東大學,D 日,B 學士,3668,1837,1831,447,424,447,470,431,451,408,424,0,0,0,0,0,0,104,62,14 臺東縣,1 一般
111,0030,國立臺東大學,P 進,B 學士,247,107,140,21,31,37,50,18,32,26,25,0,0,0,0,0,0,5,2,14 臺東縣,1 一般
111,0030,國立臺東大學,N 修,C 二技,121,45,76,0,0,0,0,22,43,23,33,0,0,0,0,0,0,0,0,14 臺東縣,2 技職
111,0031,國立宜蘭大學,D 日,D 博士,15,10,5,2,1,4,1,0,0,3,1,1,1,0,0,0,1,0,0,02 宜蘭縣,1 一般
111,0031,國立宜蘭大學,D 日,M 碩士,521,345,176,142,78,128,58,53,23,18,12,3,3,1,2,0,0,0,0,02 宜蘭縣,1 一般
111,0031,國立宜蘭大學,N 職,M 碩士,214,153,61,55,27,53,23,16,6,16,1,7,3,5,1,1,0,0,0,02 宜蘭縣,1 一般
111,0031,國立宜蘭大學,D 日,B 學士,4488,2835,1653,716,404,767,430,634,389,619,400,0,0,0,0,0,0,99,30,02 宜蘭縣,1 一般
111,0031,國立宜蘭大學,P 進,B 學士,403,264,139,68,27,65,28,53,39,54,40,0,0,0,0,0,0,24,5,02 宜蘭縣,1 一般
111,0032,國立聯合大學,D 日,D 博士,18,15,3,1,2,4,0,2,1,3,0,1,0,2,0,2,0,0,0,05 苗栗縣,1 一般
111,0032,國立聯合大學,D 日,M 碩士,413,290,123,115,55,112,41,41,20,21,7,0,0,1,0,0,0,0,0,05 苗栗縣,1 一般
111,0032,國立聯合大學,N 職,M 碩士,43,22,21,10,13,11,8,0,0,1,0,0,0,0,0,0,0,0,0,05 苗栗縣,1 一般
111,0032,國立聯合大學,D 日,B 學士,6122,4264,1858,1060,441,1073,474,983,477,957,421,18,15,0,0,0,0,173,30,05 苗栗縣,1 一般
111,0032,國立聯合大學,P 進,B 學士,1053,751,302,223,72,169,74,130,59,158,79,0,0,0,0,0,0,71,18,05 苗栗縣,1 一般
111,0033,國立虎尾科技大學,D 日,D 博士,57,48,9,8,5,9,2,10,1,7,0,8,0,4,0,2,1,0,0,09 雲林縣,2 技職
111,0033,國立虎尾科技大學,D 日,M 碩士,1014,830,184,372,93,351,67,84,18,23,6,0,0,0,0,0,0,0,0,09 雲林縣,2 技職
111,0033,國立虎尾科技大學,N 職,M 碩士,191,138,53,47,26,54,19,24,2,9,2,4,3,0,1,0,0,0,0,09 雲林縣,2 技職
111,0033,國立虎尾科技大學,D 日,B 四技,7441,5726,1715,1526,405,1436,442,1319,435,1279,414,0,0,0,0,0,0,166,19,09 雲林縣,2 技職
111,0033,國立虎尾科技大學,N 修,B 四技,2194,1792,402,477,106,476,91,358,90,414,97,0,0,0,0,0,0,67,18,09 雲林縣,2 技職
111,0033,國立虎尾科技大學,D 日,C 二技,247,192,55,0,0,0,0,94,29,91,25,0,0,0,0,0,0,7,1,09 雲林縣,2 技職
111,0033,國立虎尾科技大學,N 修,C 二技,151,100,51,0,0,0,0,57,25,41,25,0,0,0,0,0,0,2,1,09 雲林縣,2 技職
111,0033,國立虎尾科技大學,D 日,2 二專,70,69,1,31,1,33,0,0,0,0,0,0,0,0,0,0,0,5,0,09 雲林縣,2 技職
111,0033,國立虎尾科技大學,D 日,5 五專,317,275,42,69,13,61,10,73,9,31,4,41,6,0,0,0,0,0,0,09 雲林縣,2 技職
111,0035,國立臺南藝術大學,D 日,D 博士,62,25,37,2,11,8,9,5,7,3,2,4,3,1,1,2,4,0,0,11 臺南市,1 一般
111,0035,國立臺南藝術大學,D 日,M 碩士,579,225,354,67,96,67,94,42,80,48,79,1,4,0,0,0,1,0,0,11 臺南市,1 一般
111,0035,國立臺南藝術大學,N 職,M 碩士,58,14,44,2,12,6,11,4,10,0,4,1,1,0,3,1,3,0,0,11 臺南市,1 一般
111,0035,國立臺南藝術大學,D 日,B 學士,789,259,530,69,123,68,117,47,132,52,119,0,0,0,0,0,0,23,39,11 臺南市,1 一般
111,0035,國立臺南藝術大學,D 日,5 七年,174,70,104,16,42,24,34,30,28,0,0,0,0,0,0,0,0,0,0,11 臺南市,1 一般
111,0036,國立臺南大學,D 日,D 博士,153,64,89,8,17,10,17,13,10,9,13,3,11,7,9,14,12,0,0,21 臺南市,1 一般
111,0036,國立臺南大學,D 日,M 碩士,1002,418,584,150,186,126,168,79,113,61,103,2,12,0,2,0,0,0,0,21 臺南市,1 一般
111,0036,國立臺南大學,N 職,M 碩士,632,205,427,77,138,59,142,29,70,24,53,13,18,3,3,0,3,0,0,21 臺南市,1 一般
111,0036,國立臺南大學,D 日,B 學士,3902,1833,2069,437,470,443,543,444,494,428,507,0,0,0,0,0,0,81,55,21 臺南市,1 一般
111,0036,國立臺南大學,P 進,B 學士,180,111,69,28,15,22,21,28,18,28,12,0,0,0,0,0,0,5,3,21 臺南市,1 一般
111,0037,國立臺北教育大學,D 日,D 博士,152,64,88,7,16,6,13,4,10,10,9,6,12,8,6,23,22,0,0,30 臺北市,3 師範
111,0037,國立臺北教育大學,D 日,M 碩士,1427,435,992,115,285,134,279,79,190,70,162,19,42,13,23,5,11,0,0,30 臺北市,3 師範
111,0037,國立臺北教育大學,N 職,M 碩士,1051,247,804,81,277,94,257,30,111,31,97,1,29,10,33,0,0,0,0,30 臺北市,3 師範
111,0037,國立臺北教育大學,D 日,B 學士,3325,1097,2228,255,562,271,527,274,522,245,531,0,0,0,0,0,0,52,86,30 臺北市,3 師範
111,0039,國立臺中教育大學,D 日,D 博士,108,37,71,3,12,5,10,7,6,5,14,3,11,5,10,9,8,0,0,19 臺中市,3 師範
111,0039,國立臺中教育大學,D 日,M 碩士,902,274,628,78,201,86,192,67,125,36,88,5,17,2,5,0,0,0,0,19 臺中市,3 師範
111,0039,國立臺中教育大學,N 職,M 碩士,779,166,613,56,161,45,185,29,115,21,92,7,39,8,21,0,0,0,0,19 臺中市,3 師範
111,0039,國立臺中教育大學,D 日,B 學士,3211,1151,2060,264,486,300,508,260,515,272,505,0,0,0,0,0,0,55,46,19 臺中市,3 師範
111,0042,國立澎湖科技大學,D 日,M 碩士,80,43,37,18,16,11,11,9,6,5,4,0,0,0,0,0,0,0,0,16 澎湖縣,2 技職
111,0042,國立澎湖科技大學,N 職,M 碩士,41,24,17,14,9,8,7,1,0,1,1,0,0,0,0,0,0,0,0,16 澎湖縣,2 技職
111,0042,國立澎湖科技大學,D 日,B 四技,2472,1543,929,380,217,363,187,361,248,356,251,0,0,0,0,0,0,83,26,16 澎湖縣,2 技職
111,0042,國立澎湖科技大學,N 修,B 四技,240,113,127,28,24,21,33,24,30,33,36,0,0,0,0,0,0,7,4,16 澎湖縣,2 技職
111,0042,國立澎湖科技大學,D 日,5 五專,94,88,6,29,3,30,0,11,0,9,2,9,1,0,0,0,0,0,0,16 澎湖縣,2 技職
111,0043,國立勤益科技大學,D 日,D 博士,52,45,7,10,2,14,1,11,1,8,2,1,0,1,1,0,0,0,0,06 臺中市,2 技職
111,0043,國立勤益科技大學,D 日,M 碩士,678,493,185,211,81,221,86,48,15,10,3,3,0,0,0,0,0,0,0,06 臺中市,2 技職
111,0043,國立勤益科技大學,N 職,M 碩士,296,224,72,85,34,89,28,33,7,11,2,4,1,2,0,0,0,0,0,06 臺中市,2 技職
111,0043,國立勤益科技大學,D 日,B 四技,6919,4765,2154,1271,587,1188,539,1059,492,1063,497,0,0,0,0,0,0,184,39,06 臺中市,2 技職
111,0043,國立勤益科技大學,N 修,B 四技,3666,3117,549,861,140,753,135,679,128,637,116,0,0,0,0,0,0,187,30,06 臺中市,2 技職
111,0043,國立勤益科技大學,D 日,C 二技,86,71,15,0,0,0,0,18,0,52,15,0,0,0,0,0,0,1,0,06 臺中市,2 技職
111,0043,國立勤益科技大學,N 修,C 二技,430,335,95,0,0,0,0,159,51,165,43,0,0,0,0,0,0,11,1,06 臺中市,2 技職
111,0043,國立勤益科技大學,N 修,2 二專,294,216,78,77,25,78,39,0,0,0,0,0,0,0,0,0,0,61,14,06 臺中市,2 技職
111,0044,國立體育大學,D 日,D 博士,144,93,51,13,9,16,9,15,8,18,5,11,3,6,9,14,8,0,0,03 桃園市,1 一般
111,0044,國立體育大學,D 日,M 碩士,352,183,169,57,68,63,53,42,30,21,18,0,0,0,0,0,0,0,0,03 桃園市,1 一般
111,0044,國立體育大學,N 職,M 碩士,221,119,102,36,45,37,31,16,19,17,4,7,3,6,0,0,0,0,0,03 桃園市,1 一般
111,0044,國立體育大學,D 日,B 學士,1914,1175,739,285,206,283,176,258,164,248,149,0,0,0,0,0,0,101,44,03 桃園市,1 一般
111,0044,國立體育大學,N 修,C 二年制,102,65,37,0,0,0,0,27,19,33,14,0,0,0,0,0,0,5,4,03 桃園市,1 一般
111,0046,國立臺北護理健康大學,D 日,D 博士,77,8,69,2,15,1,12,2,15,1,11,0,7,2,7,0,2,0,0,30 臺北市,2 技職
111,0046,國立臺北護理健康大學,D 日,M 碩士,547,82,465,29,160,27,134,13,113,13,58,0,0,0,0,0,0,0,0,30 臺北市,2 技職
111,0046,國立臺北護理健康大學,N 職,M 碩士,208,31,177,12,44,9,58,6,47,4,28,0,0,0,0,0,0,0,0,30 臺北市,2 技職
111,0046,國立臺北護理健康大學,D 日,B 四技,2854,736,2118,178,544,174,522,182,477,161,480,0,0,0,0,0,0,41,95,30 臺北市,2 技職
111,0046,國立臺北護理健康大學,D 日,C 二技,906,84,822,0,0,0,0,45,411,39,406,0,0,0,0,0,0,0,5,30 臺北市,2 技職
111,0046,國立臺北護理健康大學,N 修,C 二技,705,43,662,0,0,0,0,19,206,9,224,12,227,0,0,0,0,3,5,30 臺北市,2 技職
111,0047,國立高雄餐旅大學,D 日,D 博士,31,17,14,3,2,3,4,4,2,3,4,2,1,1,1,1,0,0,0,50 高雄市,2 技職
111,0047,國立高雄餐旅大學,D 日,M 碩士,155,53,102,18,43,22,40,10,13,2,6,1,0,0,0,0,0,0,0,50 高雄市,2 技職
111,0047,國立高雄餐旅大學,N 職,M 碩士,23,11,12,3,4,5,6,1,1,2,1,0,0,0,0,0,0,0,0,50 高雄市,2 技職
111,0047,國立高雄餐旅大學,D 日,B 四技,2938,955,1983,235,480,246,485,239,501,221,498,0,0,0,0,0,0,14,19,50 高雄市,2 技職
111,0047,國立高雄餐旅大學,N 修,B 四技,905,334,571,66,129,108,157,79,134,78,146,0,0,0,0,0,0,3,5,50 高雄市,2 技職
111,0047,國立高雄餐旅大學,D 日,C 二技,71,26,45,0,0,0,0,16,23,8,16,0,0,0,0,0,0,2,6,50 高雄市,2 技職
111,0047,國立高雄餐旅大學,N 修,C 二技,147,42,105,0,0,0,0,19,49,23,55,0,0,0,0,0,0,0,1,50 高雄市,2 技職
111,0047,國立高雄餐旅大學,D 日,5 五專,251,100,151,21,33,18,31,17,34,22,27,21,25,0,0,0,0,1,1,50 高雄市,2 技職
111,0048,國立金門大學,D 日,D 博士,2,1,1,1,1,0,0,0,0,0,0,0,0,0,0,0,0,0,0,71 金門縣,1 一般
111,0048,國立金門大學,D 日,M 碩士,222,123,99,54,53,50,32,13,9,6,5,0,0,0,0,0,0,0,0,71 金門縣,1 一般
111,0048,國立金門大學,N 職,M 碩士,85,43,42,15,22,17,17,8,3,3,0,0,0,0,0,0,0,0,0,71 金門縣,1 一般
111,0048,國立金門大學,D 日,B 學士,3091,1627,1464,355,363,436,397,393,309,342,350,11,11,0,0,0,0,90,34,71 金門縣,1 一般
111,0048,國立金門大學,P 進,B 學士,775,421,354,92,99,103,79,78,87,104,68,0,0,0,0,0,0,44,21,71 金門縣,1 一般
111,0049,國立臺灣體育運動大學,D 日,D 博士,14,6,8,2,2,2,2,2,4,0,0,0,0,0,0,0,0,0,0,19 臺中市,1 一般
111,0049,國立臺灣體育運動大學,D 日,M 碩士,273,135,138,42,52,35,41,29,25,21,13,7,7,0,0,1,0,0,0,19 臺中市,1 一般
111,0049,國立臺灣體育運動大學,N 職,M 碩士,117,80,37,27,11,27,14,17,5,5,4,3,0,1,2,0,1,0,0,19 臺中市,1 一般
111,0049,國立臺灣體育運動大學,D 日,B 學士,2351,1368,983,364,236,332,215,307,246,280,231,0,0,0,0,0,0,85,55,19 臺中市,1 一般
111,0049,國立臺灣體育運動大學,P 進,B 學士,367,263,104,75,26,56,27,55,21,53,21,0,0,0,0,0,0,24,9,19 臺中市,1 一般
111,0050,國立臺中科技大學,D 日,M 碩士,439,181,258,75,104,70,97,27,40,9,17,0,0,0,0,0,0,0,0,19 臺中市,2 技職
111,0050,國立臺中科技大學,N 職,M 碩士,272,94,178,36,85,44,71,5,11,9,11,0,0,0,0,0,0,0,0,19 臺中市,2 技職
111,0050,國立臺中科技大學,D 日,B 四技,5552,1884,3668,571,919,479,921,400,900,387,861,0,0,0,0,0,0,47,67,19 臺中市,2 技職
111,0050,國立臺中科技大學,N 修,B 四技,2166,770,1396,231,403,178,295,162,311,160,321,0,0,0,0,0,0,39,66,19 臺中市,2 技職
111,0050,國立臺中科技大學,D 日,C 二技,1307,333,974,0,0,0,0,182,454,130,493,0,0,0,0,0,0,21,27,19 臺中市,2 技職
111,0050,國立臺中科技大學,N 修,C 二技,1658,513,1145,0,0,0,0,243,570,226,511,0,0,0,0,0,0,44,64,19 臺中市,2 技職
111,0050,國立臺中科技大學,N 修,2 二專,1007,382,625,188,307,160,277,0,0,0,0,0,0,0,0,0,0,34,41,19 臺中市,2 技職
111,0050,國立臺中科技大學,D 日,5 五專,3694,1039,2655,233,547,228,516,201,544,204,504,152,479,0,0,0,0,21,65,19 臺中市,2 技職
111,0051,國立臺北商業大學,D 日,D 博士,9,8,1,3,0,2,0,1,1,2,0,0,0,0,0,0,0,0,0,30 臺北市,2 技職
111,0051,國立臺北商業大學,D 日,M 碩士,307,122,185,70,99,43,71,7,13,2,2,0,0,0,0,0,0,0,0,30 臺北市,2 技職
111,0051,國立臺北商業大學,N 職,M 碩士,94,33,61,18,40,11,20,2,0,2,1,0,0,0,0,0,0,0,0,30 臺北市,2 技職
111,0051,國立臺北商業大學,D 日,B 四技,2439,798,1641,205,383,197,387,182,406,197,426,0,0,0,0,0,0,17,39,30 臺北市,2 技職
111,0051,國立臺北商業大學,N 修,B 四技,922,356,566,95,136,93,146,86,138,66,135,0,0,0,0,0,0,16,11,30 臺北市,2 技職
111,0051,國立臺北商業大學,D 日,C 二技,595,126,469,0,0,0,0,61,225,58,234,0,0,0,0,0,0,7,10,30 臺北市,2 技職
111,0051,國立臺北商業大學,N 修,C 二技,867,306,561,0,0,0,0,152,262,133,262,0,0,0,0,0,0,21,37,30 臺北市,2 技職
111,0051,國立臺北商業大學,N 修,2 二專,302,106,196,30,53,61,126,0,0,0,0,0,0,0,0,0,0,15,17,30 臺北市,2 技職
111,0051,國立臺北商業大學,D 日,5 五專,1755,515,1240,101,255,106,239,95,254,92,239,103,213,0,0,0,0,18,40,30 臺北市,2 技職
111,0052,國立屏東大學,D 日,D 博士,46,23,23,4,4,3,5,7,4,3,4,2,3,2,3,2,0,0,0,13 屏東縣,1 一般
111,0052,國立屏東大學,D 日,M 碩士,912,349,563,141,186,119,171,59,116,26,87,4,3,0,0,0,0,0,0,13 屏東縣,1 一般
111,0052,國立屏東大學,N 職,M 碩士,711,225,486,66,126,65,142,43,95,24,50,25,69,2,3,0,1,0,0,13 屏東縣,1 一般
111,0052,國立屏東大學,D 日,B 學士,6538,2886,3652,747,808,718,927,664,903,642,914,0,0,0,0,0,0,115,100,13 屏東縣,1 一般
111,0052,國立屏東大學,P 進,B 學士,715,339,376,64,49,93,99,94,116,64,92,0,0,0,0,0,0,24,20,13 屏東縣,1 一般
111,0053,國立高雄科技大學,D 日,D 博士,598,444,154,91,43,77,37,69,23,78,18,47,14,45,4,37,15,0,0,50 高雄市,2 技職
111,0053,國立高雄科技大學,D 日,M 碩士,2618,1753,865,831,427,706,340,147,69,68,28,1,1,0,0,0,0,0,0,50 高雄市,2 技職
111,0053,國立高雄科技大學,N 職,M 碩士,2010,1261,749,506,331,436,305,141,63,97,25,46,15,35,10,0,0,0,0,50 高雄市,2 技職
111,0053,國立高雄科技大學,D 日,B 四技,17469,10826,6643,2743,1621,2658,1708,2611,1615,2431,1585,0,0,0,0,0,0,383,114,50 高雄市,2 技職
111,0053,國立高雄科技大學,N 修,B 四技,3751,2541,1210,561,227,582,282,555,302,589,308,0,0,0,0,0,0,254,91,50 高雄市,2 技職
111,0053,國立高雄科技大學,D 日,C 二技,430,279,151,0,0,0,0,150,64,93,73,0,0,0,0,0,0,36,14,50 高雄市,2 技職
111,0053,國立高雄科技大學,N 修,C 二技,105,56,49,0,0,0,0,25,29,28,19,0,0,0,0,0,0,3,1,50 高雄市,2 技職
111,0053,國立高雄科技大學,D 日,5 五專,867,703,164,145,33,131,32,105,34,135,32,169,31,0,0,0,0,18,2,50 高雄市,2 技職
111,0144,國立臺灣戲曲學院,D 日,B 四技,516,194,322,57,73,45,72,48,81,30,86,0,0,0,0,0,0,14,10,30 臺北市,2 技職
111,0221,國立臺南護理專科學校,D 日,2 二專,77,3,74,1,35,1,36,0,0,0,0,0,0,0,0,0,0,1,3,21 臺南市,2 技職
111,0221,國立臺南護理專科學校,N 修,2 二專,43,9,34,4,19,5,15,0,0,0,0,0,0,0,0,0,0,0,0,21 臺南市,2 技職
111,0221,國立臺南護理專科學校,D 日,5 五專,1865,184,1681,46,368,37,356,36,327,32,309,29,310,0,0,0,0,4,11,21 臺南市,2 技職
111,0222,國立臺東專科學校,D 日,2 二專,438,299,139,132,63,163,75,0,0,0,0,0,0,0,0,0,0,4,1,14 臺東縣,2 技職
111,0222,國立臺東專科學校,N 修,2 二專,96,43,53,19,26,20,26,0,0,0,0,0,0,0,0,0,0,4,1,14 臺東縣,2 技職
111,0222,國立臺東專科學校,D 日,5 五專,221,113,108,15,24,22,14,22,16,27,20,17,20,0,0,0,0,10,14,14 臺東縣,2 技職
111,1001,東海大學,D 日,D 博士,240,150,90,26,10,24,10,22,12,18,19,18,13,23,9,19,17,0,0,19 臺中市,1 一般
111,1001,東海大學,D 日,M 碩士,1368,656,712,242,276,175,216,133,130,96,83,7,5,3,2,0,0,0,0,19 臺中市,1 一般
111,1001,東海大學,N 職,M 碩士,760,373,387,113,136,120,133,54,54,41,34,25,17,20,13,0,0,0,0,19 臺中市,1 一般
111,1001,東海大學,D 日,B 學士,12607,5657,6950,1284,1463,1475,1737,1367,1730,1198,1766,14,16,0,0,0,0,319,238,19 臺中市,1 一般
111,1001,東海大學,P 進,B 學士,308,149,159,16,22,19,26,27,34,30,28,30,38,0,0,0,0,27,11,19 臺中市,1 一般
111,1002,輔仁大學,D 日,D 博士,423,218,205,43,35,29,33,34,26,35,32,26,25,28,22,23,32,0,0,01 新北市,1 一般
111,1002,輔仁大學,D 日,M 碩士,2008,782,1226,266,445,269,387,130,220,114,168,1,2,2,4,0,0,0,0,01 新北市,1 一般
111,1002,輔仁大學,N 職,M 碩士,1501,580,921,219,271,185,303,73,149,51,104,22,52,30,42,0,0,0,0,01 新北市,1 一般
111,1002,輔仁大學,D 日,B 學士,17908,7347,10561,1679,2390,1838,2627,1649,2662,1658,2440,40,13,38,13,0,0,445,416,01 新北市,1 一般
111,1002,輔仁大學,P 進,B 學士,4081,1643,2438,353,455,414,599,370,559,339,584,0,0,0,0,0,0,167,241,01 新北市,1 一般
111,1002,輔仁大學,N 修,C 二技,60,3,57,0,0,0,0,2,21,1,35,0,0,0,0,0,0,0,1,01 新北市,2 技職
111,1003,東吳大學,D 日,D 博士,127,73,54,12,4,8,8,12,6,10,11,4,7,15,7,12,11,0,0,30 臺北市,1 一般
111,1003,東吳大學,D 日,M 碩士,1335,599,736,191,243,178,220,118,114,97,153,15,6,0,0,0,0,0,0,30 臺北市,1 一般
111,1003,東吳大學,N 職,M 碩士,1281,590,691,168,199,130,174,104,115,78,86,46,68,64,49,0,0,0,0,30 臺北市,1 一般
111,1003,東吳大學,D 日,B 學士,11772,4634,7138,1068,1527,1091,1720,1048,1716,1028,1713,105,137,0,0,0,0,294,325,30 臺北市,1 一般
111,1003,東吳大學,P 進,B 學士,772,296,476,24,38,67,95,70,122,70,133,48,68,0,0,0,0,17,20,30 臺北市,1 一般
111,1004,中原大學,D 日,D 博士,355,243,112,50,26,46,23,30,22,42,14,30,16,16,5,29,6,0,0,03 桃園市,1 一般
111,1004,中原大學,D 日,M 碩士,1596,902,694,381,295,337,227,117,84,62,78,4,5,1,4,0,1,0,0,03 桃園市,1 一般
111,1004,中原大學,N 職,M 碩士,927,545,382,197,138,168,136,74,52,41,27,23,15,40,12,2,2,0,0,03 桃園市,1 一般
111,1004,中原大學,D 日,B 學士,13751,7176,6575,1713,1552,1655,1605,1626,1540,1579,1509,79,78,0,0,0,0,524,291,03 桃園市,1 一般
111,1005,淡江大學,D 日,D 博士,366,242,124,40,27,44,21,38,17,37,18,24,17,27,9,32,15,0,0,01 新北市,1 一般
111,1005,淡江大學,D 日,M 碩士,1491,827,664,376,266,304,237,88,95,59,66,0,0,0,0,0,0,0,0,01 新北市,1 一般
111,1005,淡江大學,N 職,M 碩士,670,330,340,115,123,112,132,50,39,29,25,10,8,14,13,0,0,0,0,01 新北市,1 一般
111,1005,淡江大學,D 日,B 學士,19799,10498,9301,2196,1814,2604,2403,2549,2331,2419,2375,38,27,0,0,0,0,692,351,01 新北市,1 一般
111,1005,淡江大學,P 進,B 學士,1002,592,410,104,66,129,88,138,88,136,113,0,0,0,0,0,0,85,55,01 新北市,1 一般
111,1006,中國文化大學,D 日,D 博士,508,312,196,34,27,29,30,32,19,37,21,40,14,31,27,109,58,0,0,30 臺北市,1 一般
111,1006,中國文化大學,D 日,M 碩士,1536,826,710,240,193,159,166,128,121,123,97,75,61,101,72,0,0,0,0,30 臺北市,1 一般
111,1006,中國文化大學,N 職,M 碩士,573,207,366,61,109,46,111,21,48,28,31,32,35,19,32,0,0,0,0,30 臺北市,1 一般
111,1006,中國文化大學,D 日,B 學士,18166,9218,8948,1374,1335,2252,2147,2185,2195,2004,2200,27,19,0,0,0,0,1376,1052,30 臺北市,1 一般
111,1006,中國文化大學,P 進,B 學士,1304,509,795,93,212,102,148,87,140,131,184,0,0,0,0,0,0,96,111,30 臺北市,1 一般
111,1006,中國文化大學,N 修,C 二技,178,66,112,0,0,0,0,27,36,30,58,6,16,0,0,0,0,3,2,30 臺北市,2 技職
111,1007,逢甲大學,D 日,D 博士,415,292,123,56,33,53,21,51,24,33,13,28,15,29,7,42,10,0,0,19 臺中市,1 一般
111,1007,逢甲大學,D 日,M 碩士,1694,1106,588,489,276,457,224,109,54,47,32,4,2,0,0,0,0,0,0,19 臺中市,1 一般
111,1007,逢甲大學,N 職,M 碩士,1156,705,451,270,185,244,182,76,49,53,23,38,4,24,8,0,0,0,0,19 臺中市,1 一般
111,1007,逢甲大學,D 日,B 學士,17341,10018,7323,2345,1713,2410,1836,2330,1798,2382,1760,49,45,0,0,0,0,502,171,19 臺中市,1 一般
111,1007,逢甲大學,P 進,B 學士,835,499,336,93,60,121,79,121,88,106,75,0,0,0,0,0,0,58,34,19 臺中市,1 一般
111,1008,靜宜大學,D 日,D 博士,59,29,30,7,5,7,7,1,7,3,5,3,4,2,2,6,0,0,0,06 臺中市,1 一般
111,1008,靜宜大學,D 日,M 碩士,671,248,423,90,164,77,130,43,81,35,45,1,3,2,0,0,0,0,0,06 臺中市,1 一般
111,1008,靜宜大學,N 職,M 碩士,334,129,205,40,79,38,51,23,34,7,12,8,17,12,9,1,3,0,0,06 臺中市,1 一般
111,1008,靜宜大學,D 日,B 學士,10642,4082,6560,808,1364,1046,1630,1008,1649,889,1624,0,0,0,0,0,0,331,293,06 臺中市,1 一般
111,1009,長庚大學,D 日,D 博士,424,270,154,40,35,43,29,29,22,39,16,30,19,23,8,66,25,0,0,03 桃園市,1 一般
111,1009,長庚大學,D 日,M 碩士,1144,534,610,226,254,184,194,80,88,42,49,1,14,1,11,0,0,0,0,03 桃園市,1 一般
111,1009,長庚大學,N 職,M 碩士,183,95,88,39,43,31,33,8,5,9,3,2,2,6,2,0,0,0,0,03 桃園市,1 一般
111,1009,長庚大學,D 日,B 學士,5236,2535,2701,573,621,552,649,594,604,510,584,97,72,101,66,15,31,93,74,03 桃園市,1 一般
111,1010,元智大學,D 日,D 博士,233,162,71,21,16,37,12,28,7,26,12,23,9,18,8,9,7,0,0,03 桃園市,1 一般
111,1010,元智大學,D 日,M 碩士,829,488,341,216,169,170,120,62,41,40,11,0,0,0,0,0,0,0,0,03 桃園市,1 一般
111,1010,元智大學,N 職,M 碩士,572,346,226,98,93,112,79,44,22,48,13,27,12,15,7,2,0,0,0,03 桃園市,1 一般
111,1010,元智大學,D 日,B 學士,7010,3928,3082,870,674,1000,821,944,734,874,729,0,0,0,0,0,0,240,124,03 桃園市,1 一般
111,1011,中華大學,D 日,D 博士,65,48,17,8,5,10,3,11,3,9,2,6,2,1,2,3,0,0,0,18 新竹市,1 一般
111,1011,中華大學,D 日,M 碩士,288,176,112,96,69,55,23,14,9,11,11,0,0,0,0,0,0,0,0,18 新竹市,1 一般
111,1011,中華大學,N 職,M 碩士,134,88,46,46,25,29,20,7,0,6,1,0,0,0,0,0,0,0,0,18 新竹市,1 一般
111,1011,中華大學,D 日,B 學士,3569,2436,1133,443,198,555,260,603,282,570,298,28,18,0,0,0,0,237,77,18 新竹市,1 一般
111,1011,中華大學,P 進,B 學士,174,112,62,39,26,24,11,23,16,14,7,0,0,0,0,0,0,12,2,18 新竹市,1 一般
111,1011,中華大學,N 修,C 二技,231,152,79,0,0,0,0,6,7,144,71,0,0,0,0,0,0,2,1,18 新竹市,2 技職
111,1012,大葉大學,D 日,D 博士,104,69,35,12,9,7,8,11,7,12,5,11,3,10,1,6,2,0,0,07 彰化縣,1 一般
111,1012,大葉大學,D 日,M 碩士,397,221,176,94,90,68,49,30,19,25,18,3,0,1,0,0,0,0,0,07 彰化縣,1 一般
111,1012,大葉大學,N 職,M 碩士,188,91,97,63,48,12,23,7,12,2,6,4,3,3,5,0,0,0,0,07 彰化縣,1 一般
111,1012,大葉大學,D 日,B 學士,4717,2603,2114,478,372,566,491,640,540,704,628,0,0,0,0,0,0,215,83,07 彰化縣,1 一般
111,1012,大葉大學,P 進,B 學士,241,150,91,21,16,34,22,40,17,39,30,0,0,0,0,0,0,16,6,07 彰化縣,1 一般
111,1012,大葉大學,N 修,C 二技,47,1,46,0,0,0,0,1,17,0,17,0,0,0,0,0,0,0,12,07 彰化縣,2 技職
111,1013,華梵大學,D 日,D 博士,64,30,34,3,7,2,6,5,5,5,5,5,4,5,3,5,4,0,0,01 新北市,1 一般
111,1013,華梵大學,D 日,M 碩士,181,76,105,32,36,14,23,19,21,11,25,0,0,0,0,0,0,0,0,01 新北市,1 一般
111,1013,華梵大學,N 職,M 碩士,184,71,113,29,53,17,27,8,23,12,8,3,2,2,0,0,0,0,0,01 新北市,1 一般
111,1013,華梵大學,D 日,B 學士,562,276,286,74,105,61,67,63,55,48,39,0,0,0,0,0,0,30,20,01 新北市,1 一般
111,1014,義守大學,D 日,D 博士,143,100,43,15,5,18,7,21,7,12,8,9,6,12,6,13,4,0,0,12 高雄市,1 一般
111,1014,義守大學,D 日,M 碩士,347,181,166,68,74,75,54,25,23,13,15,0,0,0,0,0,0,0,0,12 高雄市,1 一般
111,1014,義守大學,N 職,M 碩士,353,233,120,100,43,73,53,21,14,19,5,12,1,8,4,0,0,0,0,12 高雄市,1 一般
111,1014,義守大學,D 日,B 學士,11217,5694,5523,1111,1171,1426,1424,1337,1364,1438,1346,27,22,0,0,0,0,355,196,12 高雄市,1 一般
111,1014,義守大學,P 進,B 學士,734,538,196,181,55,116,31,69,24,109,66,0,0,0,0,0,0,63,20,12 高雄市,1 一般
111,1014,義守大學,N 修,C 二技,147,22,125,0,0,0,0,9,56,13,66,0,0,0,0,0,0,0,3,12 高雄市,2 技職
111,1015,世新大學,D 日,D 博士,82,47,35,9,7,6,6,8,10,5,3,8,4,5,2,6,3,0,0,30 臺北市,1 一般
111,1015,世新大學,D 日,M 碩士,543,258,285,114,111,58,97,50,35,35,41,1,1,0,0,0,0,0,0,30 臺北市,1 一般
111,1015,世新大學,N 職,M 碩士,559,282,277,67,74,69,78,46,48,29,28,30,19,39,28,2,2,0,0,30 臺北市,1 一般
111,1015,世新大學,D 日,B 學士,9019,3210,5809,696,1242,791,1430,788,1486,793,1467,0,0,0,0,0,0,142,184,30 臺北市,1 一般
111,1015,世新大學,P 進,B 學士,696,241,455,75,169,72,135,33,58,35,71,0,0,0,0,0,0,26,22,30 臺北市,1 一般
111,1016,銘傳大學,D 日,D 博士,67,32,35,10,4,4,6,3,4,5,5,2,6,2,5,6,5,0,0,30 臺北市,1 一般
111,1016,銘傳大學,D 日,M 碩士,789,299,490,111,202,99,156,53,67,36,65,0,0,0,0,0,0,0,0,30 臺北市,1 一般
111,1016,銘傳大學,N 職,M 碩士,745,317,428,85,158,102,141,47,42,31,37,24,26,28,24,0,0,0,0,30 臺北市,1 一般
111,1016,銘傳大學,D 日,B 學士,16655,6628,10027,1456,2191,1636,2443,1528,2532,1530,2507,26,16,0,0,0,0,452,338,30 臺北市,1 一般
111,1017,實踐大學,D 日,D 博士,27,12,15,3,0,3,1,1,3,2,8,0,1,2,1,1,1,0,0,30 臺北市,1 一般
111,1017,實踐大學,D 日,M 碩士,357,162,195,50,59,51,62,31,55,28,17,2,2,0,0,0,0,0,0,30 臺北市,1 一般
111,1017,實踐大學,N 職,M 碩士,111,27,84,6,33,9,21,4,16,7,14,1,0,0,0,0,0,0,0,30 臺北市,1 一般
111,1017,實踐大學,D 日,B 學士,9896,3316,6580,729,1339,791,1601,779,1579,721,1674,10,28,0,0,0,0,286,359,30 臺北市,1 一般
111,1017,實踐大學,P 進,B 學士,1406,450,956,74,131,71,190,110,241,129,286,0,0,0,0,0,0,66,108,30 臺北市,1 一般
111,1017,實踐大學,N 修,C 二技,78,23,55,0,0,0,0,5,22,9,24,0,0,0,0,0,0,9,9,30 臺北市,2 技職
111,1018,朝陽科技大學,D 日,D 博士,112,73,39,18,10,17,7,11,7,13,10,5,4,3,0,6,1,0,0,06 臺中市,2 技職
111,1018,朝陽科技大學,D 日,M 碩士,609,311,298,137,138,106,79,38,43,27,29,3,7,0,1,0,1,0,0,06 臺中市,2 技職
111,1018,朝陽科技大學,N 職,M 碩士,276,124,152,39,41,23,37,19,23,17,16,11,18,12,13,3,4,0,0,06 臺中市,2 技職
111,1018,朝陽科技大學,D 日,B 四技,11134,4906,6228,1285,1521,1178,1501,1096,1486,1104,1548,0,0,0,0,0,0,243,172,06 臺中市,2 技職
111,1018,朝陽科技大學,N 修,B 四技,1640,815,825,157,132,131,161,174,189,249,270,0,0,0,0,0,0,104,73,06 臺中市,2 技職
111,1018,朝陽科技大學,D 日,C 二技,40,21,19,0,0,0,0,9,6,12,9,0,0,0,0,0,0,0,4,06 臺中市,2 技職
111,1019,高雄醫學大學,D 日,D 博士,313,151,162,36,25,30,30,23,30,29,32,17,19,7,17,9,9,0,0,50 高雄市,1 一般
111,1019,高雄醫學大學,D 日,M 碩士,701,226,475,93,203,93,155,29,84,10,32,1,1,0,0,0,0,0,0,50 高雄市,1 一般
111,1019,高雄醫學大學,N 職,M 碩士,230,89,141,38,60,34,56,11,16,2,5,4,4,0,0,0,0,0,0,50 高雄市,1 一般
111,1019,高雄醫學大學,D 日,B 學士,5274,2242,3032,515,713,492,692,445,746,457,661,151,82,137,95,1,0,44,43,50 高雄市,1 一般
111,1020,南華大學,D 日,D 博士,47,29,18,4,4,3,3,7,3,5,4,3,3,6,0,1,1,0,0,10 嘉義縣,1 一般
111,1020,南華大學,D 日,M 碩士,514,183,331,74,141,48,77,34,65,25,45,2,3,0,0,0,0,0,0,10 嘉義縣,1 一般
111,1020,南華大學,N 職,M 碩士,343,130,213,52,70,34,52,21,40,13,34,10,17,0,0,0,0,0,0,10 嘉義縣,1 一般
111,1020,南華大學,D 日,B 學士,3934,1860,2074,405,495,439,502,429,487,425,510,0,0,0,0,0,0,162,80,10 嘉義縣,1 一般
111,1020,南華大學,P 進,B 學士,298,180,118,43,43,38,26,40,21,47,22,0,0,0,0,0,0,12,6,10 嘉義縣,1 一般
111,1021,真理大學,D 日,M 碩士,124,64,60,28,27,16,15,12,9,8,8,0,1,0,0,0,0,0,0,01 新北市,1 一般
111,1021,真理大學,N 職,M 碩士,14,4,10,0,2,0,3,1,3,1,1,1,1,1,0,0,0,0,0,01 新北市,1 一般
111,1021,真理大學,D 日,B 學士,4175,2155,2020,383,369,511,472,585,544,500,535,0,0,0,0,0,0,176,100,01 新北市,1 一般
111,1021,真理大學,P 進,B 學士,1,1,0,0,0,0,0,0,0,0,0,0,0,0,0,0,0,1,0,01 新北市,1 一般
111,1022,大同大學,D 日,D 博士,95,62,33,11,5,16,1,12,4,9,7,2,9,7,4,5,3,0,0,30 臺北市,1 一般
111,1022,大同大學,D 日,M 碩士,223,140,83,59,39,59,27,15,13,7,4,0,0,0,0,0,0,0,0,30 臺北市,1 一般
111,1022,大同大學,N 職,M 碩士,149,114,35,30,20,36,5,11,2,17,3,20,5,0,0,0,0,0,0,30 臺北市,1 一般
111,1022,大同大學,D 日,B 學士,3351,2102,1249,418,250,546,344,511,306,497,302,0,0,0,0,0,0,130,47,30 臺北市,1 一般
111,1023,南臺科技大學,D 日,D 博士,79,53,26,12,4,8,7,8,4,9,4,7,4,4,3,5,0,0,0,11 臺南市,2 技職
111,1023,南臺科技大學,D 日,M 碩士,741,424,317,149,124,175,113,58,47,23,19,13,8,6,6,0,0,0,0,11 臺南市,2 技職
111,1023,南臺科技大學,N 職,M 碩士,321,160,161,63,65,46,50,18,20,11,13,6,7,16,6,0,0,0,0,11 臺南市,2 技職
111,1023,南臺科技大學,D 日,B 四技,11654,6796,4858,1573,1094,1598,1216,1605,1128,1683,1263,0,0,0,0,0,0,337,157,11 臺南市,2 技職
111,1023,南臺科技大學,N 修,B 四技,2668,1733,935,277,148,316,154,397,221,492,288,0,0,0,0,0,0,251,124,11 臺南市,2 技職
111,1023,南臺科技大學,D 日,C 二技,64,5,59,0,0,0,0,2,8,3,48,0,0,0,0,0,0,0,3,11 臺南市,2 技職
111,1023,南臺科技大學,N 修,C 二技,165,40,125,0,0,0,0,18,74,18,46,0,0,0,0,0,0,4,5,11 臺南市,2 技職
111,1023,南臺科技大學,D 日,5 五專,414,361,53,88,24,74,8,76,13,61,4,62,4,0,0,0,0,0,0,11 臺南市,2 技職
111,1024,崑山科技大學,D 日,D 博士,30,24,6,6,0,4,1,4,0,4,3,5,1,1,1,0,0,0,0,11 臺南市,2 技職
111,1024,崑山科技大學,D 日,M 碩士,307,192,115,89,52,89,48,10,9,4,6,0,0,0,0,0,0,0,0,11 臺南市,2 技職
111,1024,崑山科技大學,N 職,M 碩士,172,114,58,64,27,32,23,9,4,9,4,0,0,0,0,0,0,0,0,11 臺南市,2 技職
111,1024,崑山科技大學,D 日,B 四技,6298,3771,2527,873,728,950,533,779,519,983,646,0,0,0,0,0,0,186,101,11 臺南市,2 技職
111,1024,崑山科技大學,N 修,B 四技,2110,1444,666,348,134,288,136,317,165,369,171,0,0,0,0,0,0,122,60,11 臺南市,2 技職
111,1024,崑山科技大學,D 日,C 二技,55,26,29,0,0,0,0,5,4,21,25,0,0,0,0,0,0,0,0,11 臺南市,2 技職
111,1024,崑山科技大學,N 修,C 二技,291,169,122,0,0,0,0,87,75,79,46,0,0,0,0,0,0,3,1,11 臺南市,2 技職
111,1024,崑山科技大學,D 日,2 二專,12,3,9,3,9,0,0,0,0,0,0,0,0,0,0,0,0,0,0,11 臺南市,2 技職
111,1024,崑山科技大學,N 修,2 二專,1,1,0,0,0,0,0,0,0,0,0,0,0,0,0,0,0,1,0,11 臺南市,2 技職
111,1025,嘉南藥理大學,D 日,M 碩士,164,71,93,40,40,22,38,6,11,3,4,0,0,0,0,0,0,0,0,11 臺南市,2 技職
111,1025,嘉南藥理大學,N 職,M 碩士,192,84,108,37,42,27,43,12,19,5,3,3,1,0,0,0,0,0,0,11 臺南市,2 技職
111,1025,嘉南藥理大學,D 日,B 四技,8350,3515,4835,667,1019,878,1123,820,1125,938,1326,102,154,0,0,0,0,110,88,11 臺南市,2 技職
111,1025,嘉南藥理大學,N 修,B 四技,1194,597,597,127,112,108,113,141,120,159,183,0,0,0,0,0,0,62,69,11 臺南市,2 技職
111,1025,嘉南藥理大學,D 日,C 二技,78,1,77,0,0,0,0,1,30,0,46,0,0,0,0,0,0,0,1,11 臺南市,2 技職
111,1025,嘉南藥理大學,N 修,C 二技,526,85,441,0,0,0,0,46,229,37,209,0,0,0,0,0,0,2,3,11 臺南市,2 技職
111,1025,嘉南藥理大學,D 日,5 五專,112,51,61,51,61,0,0,0,0,0,0,0,0,0,0,0,0,0,0,11 臺南市,2 技職
111,1026,樹德科技大學,D 日,D 博士,33,16,17,4,5,3,2,1,2,1,2,7,6,0,0,0,0,0,0,12 高雄市,2 技職
111,1026,樹德科技大學,D 日,M 碩士,233,87,146,45,63,28,48,4,21,8,14,2,0,0,0,0,0,0,0,12 高雄市,2 技職
111,1026,樹德科技大學,N 職,M 碩士,323,145,178,51,67,32,48,20,27,42,36,0,0,0,0,0,0,0,0,12 高雄市,2 技職
111,1026,樹德科技大學,D 日,B 四技,6632,2892,3740,614,865,739,894,635,847,699,987,0,0,0,0,0,0,205,147,12 高雄市,2 技職
111,1026,樹德科技大學,N 修,B 四技,1098,638,460,225,135,108,94,113,93,147,113,0,0,0,0,0,0,45,25,12 高雄市,2 技職
111,1026,樹德科技大學,N 修,C 二技,504,219,285,0,0,0,0,120,145,94,137,0,0,0,0,0,0,5,3,12 高雄市,2 技職
111,1026,樹德科技大學,N 修,2 二專,308,157,151,64,78,88,71,0,0,0,0,0,0,0,0,0,0,5,2,12 高雄市,2 技職
111,1027,慈濟大學,D 日,D 博士,97,48,49,10,6,4,13,12,9,8,9,6,4,4,1,4,7,0,0,15 花蓮縣,1 一般
111,1027,慈濟大學,D 日,M 碩士,383,119,264,44,79,43,97,20,46,12,42,0,0,0,0,0,0,0,0,15 花蓮縣,1 一般
111,1027,慈濟大學,N 職,M 碩士,19,5,14,2,8,1,1,1,2,0,2,1,1,0,0,0,0,0,0,15 花蓮縣,1 一般
111,1027,慈濟大學,D 日,B 學士,2558,1041,1517,206,264,239,374,228,397,236,374,60,43,30,23,0,0,42,42,15 花蓮縣,1 一般
111,1028,臺北醫學大學,D 日,D 博士,612,324,288,73,73,65,62,64,54,45,40,42,29,16,17,19,13,0,0,30 臺北市,1 一般
111,1028,臺北醫學大學,D 日,M 碩士,699,228,471,99,198,97,197,24,54,7,21,1,1,0,0,0,0,0,0,30 臺北市,1 一般
111,1028,臺北醫學大學,N 職,M 碩士,300,92,208,35,72,42,73,8,31,7,31,0,1,0,0,0,0,0,0,30 臺北市,1 一般
111,1028,臺北醫學大學,D 日,B 學士,4543,1909,2634,401,557,401,604,352,669,376,537,169,107,171,107,0,0,39,53,30 臺北市,1 一般
111,1029,中山醫學大學,D 日,D 博士,181,106,75,21,14,23,8,21,15,19,10,5,9,10,8,7,11,0,0,19 臺中市,1 一般
111,1029,中山醫學大學,D 日,M 碩士,537,177,360,76,138,59,128,25,52,17,42,0,0,0,0,0,0,0,0,19 臺中市,1 一般
111,1029,中山醫學大學,N 職,M 碩士,168,30,138,17,53,9,57,2,15,2,8,0,5,0,0,0,0,0,0,19 臺中市,1 一般
111,1029,中山醫學大學,D 日,B 學士,5983,2125,3858,436,791,476,918,464,928,461,915,119,94,107,102,0,0,62,110,19 臺中市,1 一般
111,1029,中山醫學大學,N 修,C 二技,113,40,73,0,0,0,0,17,19,10,27,12,25,0,0,0,0,1,2,19 臺中市,2 技職
111,1030,龍華科技大學,D 日,M 碩士,359,243,116,100,39,80,42,38,25,25,10,0,0,0,0,0,0,0,0,03 桃園市,2 技職
111,1030,龍華科技大學,N 職,M 碩士,122,91,31,30,17,45,10,7,2,9,2,0,0,0,0,0,0,0,0,03 桃園市,2 技職
111,1030,龍華科技大學,D 日,B 四技,7554,5150,2404,1249,562,1186,505,1229,581,1157,627,0,0,0,0,0,0,329,129,03 桃園市,2 技職
111,1030,龍華科技大學,N 修,B 四技,2851,2200,651,674,206,473,120,418,122,452,150,0,0,0,0,0,0,183,53,03 桃園市,2 技職
111,1030,龍華科技大學,D 日,C 二技,11,8,3,0,0,0,0,4,1,3,2,0,0,0,0,0,0,1,0,03 桃園市,2 技職
111,1030,龍華科技大學,D 日,5 五專,823,742,81,198,18,165,17,149,17,133,16,96,13,0,0,0,0,1,0,03 桃園市,2 技職
111,1031,輔英科技大學,D 日,M 碩士,154,31,123,16,47,8,37,5,21,2,17,0,1,0,0,0,0,0,0,12 高雄市,2 技職
111,1031,輔英科技大學,N 職,M 碩士,79,2,77,0,21,0,14,1,21,0,11,1,10,0,0,0,0,0,0,12 高雄市,2 技職
111,1031,輔英科技大學,D 日,B 四技,3403,1343,2060,237,408,364,499,326,521,315,522,0,0,0,0,0,0,101,110,12 高雄市,2 技職
111,1031,輔英科技大學,N 修,B 四技,417,328,89,99,29,62,19,46,13,82,21,0,0,0,0,0,0,39,7,12 高雄市,2 技職
111,1031,輔英科技大學,D 日,C 二技,1442,167,1275,0,0,0,0,87,611,72,647,0,0,0,0,0,0,8,17,12 高雄市,2 技職
111,1031,輔英科技大學,N 修,C 二技,951,200,751,0,0,0,0,78,304,74,323,18,26,0,0,0,0,30,98,12 高雄市,2 技職
111,1031,輔英科技大學,D 日,5 五專,2652,328,2324,71,440,68,429,56,509,66,454,56,437,0,0,0,0,11,55,12 高雄市,2 技職
111,1032,明新科技大學,D 日,M 碩士,343,197,146,84,68,83,59,17,13,13,6,0,0,0,0,0,0,0,0,04 新竹縣,2 技職
111,1032,明新科技大學,N 職,M 碩士,304,199,105,84,69,58,28,28,2,12,2,9,2,8,2,0,0,0,0,04 新竹縣,2 技職
111,1032,明新科技大學,D 日,B 四技,6523,3909,2614,974,674,849,545,721,492,1064,740,0,0,0,0,0,0,301,163,04 新竹縣,2 技職
111,1032,明新科技大學,N 修,B 四技,2410,1515,895,316,198,339,190,351,213,344,225,0,0,0,0,0,0,165,69,04 新竹縣,2 技職
111,1032,明新科技大學,D 日,C 二技,39,23,16,0,0,0,0,0,0,23,16,0,0,0,0,0,0,0,0,04 新竹縣,2 技職
111,1032,明新科技大學,N 修,C 二技,707,389,318,0,0,0,0,197,178,172,128,0,0,0,0,0,0,20,12,04 新竹縣,2 技職
111,1032,明新科技大學,D 日,2 二專,23,21,2,17,2,4,0,0,0,0,0,0,0,0,0,0,0,0,0,04 新竹縣,2 技職
111,1032,明新科技大學,N 修,2 二專,207,135,72,67,35,51,36,0,0,0,0,0,0,0,0,0,0,17,1,04 新竹縣,2 技職
111,1033,長榮大學,D 日,D 博士,50,36,14,8,3,6,3,9,4,6,2,3,1,3,0,1,1,0,0,11 臺南市,1 一般
111,1033,長榮大學,D 日,M 碩士,244,98,146,42,54,28,29,17,30,10,23,1,10,0,0,0,0,0,0,11 臺南市,1 一般
111,1033,長榮大學,N 職,M 碩士,96,56,40,20,21,22,9,11,2,3,4,0,4,0,0,0,0,0,0,11 臺南市,1 一般
111,1033,長榮大學,D 日,B 學士,6133,2894,3239,544,586,718,742,779,832,705,968,0,0,0,0,0,0,148,111,11 臺南市,1 一般
111,1033,長榮大學,P 進,B 學士,260,194,66,46,13,44,12,41,17,53,20,0,0,0,0,0,0,10,4,11 臺南市,1 一般
111,1034,弘光科技大學,D 日,D 博士,15,1,14,0,5,1,3,0,1,0,3,0,1,0,1,0,0,0,0,06 臺中市,2 技職
111,1034,弘光科技大學,D 日,M 碩士,184,48,136,24,51,18,45,5,21,1,19,0,0,0,0,0,0,0,0,06 臺中市,2 技職
111,1034,弘光科技大學,N 職,M 碩士,102,32,70,13,21,11,23,6,15,1,5,0,3,1,3,0,0,0,0,06 臺中市,2 技職
111,1034,弘光科技大學,D 日,B 四技,6958,2461,4497,544,1077,593,1119,586,1073,624,1074,0,0,0,0,0,0,114,154,06 臺中市,2 技職
111,1034,弘光科技大學,N 修,B 四技,2917,1346,1571,318,403,314,349,313,347,315,367,4,27,0,0,0,0,82,78,06 臺中市,2 技職
111,1034,弘光科技大學,D 日,C 二技,724,50,674,0,0,0,0,21,338,29,332,0,0,0,0,0,0,0,4,06 臺中市,2 技職
111,1034,弘光科技大學,N 修,C 二技,807,83,724,0,0,0,0,30,248,33,267,20,206,0,0,0,0,0,3,06 臺中市,2 技職
111,1034,弘光科技大學,D 日,2 二專,11,5,6,5,6,0,0,0,0,0,0,0,0,0,0,0,0,0,0,06 臺中市,2 技職
111,1034,弘光科技大學,N 修,2 二專,122,14,108,6,60,8,38,0,0,0,0,0,0,0,0,0,0,0,10,06 臺中市,2 技職
111,1034,弘光科技大學,D 日,5 五專,266,31,235,3,50,5,48,5,47,8,42,9,41,0,0,0,0,1,7,06 臺中市,2 技職
111,1035,中國醫藥大學,D 日,D 博士,412,230,182,57,49,52,34,44,28,24,30,24,17,14,14,15,10,0,0,19 臺中市,1 一般
111,1035,中國醫藥大學,D 日,M 碩士,501,183,318,89,167,71,115,16,24,6,6,1,6,0,0,0,0,0,0,19 臺中市,1 一般
111,1035,中國醫藥大學,N 職,M 碩士,83,18,65,11,25,3,25,2,12,2,3,0,0,0,0,0,0,0,0,19 臺中市,1 一般
111,1035,中國醫藥大學,D 日,B 學士,6304,2677,3627,550,780,523,776,508,780,479,736,324,296,169,122,58,66,66,71,19 臺中市,1 一般
111,1036,健行科技大學,D 日,M 碩士,347,205,142,98,72,46,40,32,19,27,9,1,2,0,0,1,0,0,0,03 桃園市,2 技職
111,1036,健行科技大學,N 職,M 碩士,36,20,16,8,12,5,3,1,1,3,0,1,0,2,0,0,0,0,0,03 桃園市,2 技職
111,1036,健行科技大學,D 日,B 四技,5867,3803,2064,785,463,974,607,806,445,983,451,0,0,0,0,0,0,255,98,03 桃園市,2 技職
111,1036,健行科技大學,N 修,B 四技,3409,2124,1285,502,292,430,320,546,304,483,311,0,0,0,0,0,0,163,58,03 桃園市,2 技職
111,1036,健行科技大學,D 日,C 二技,48,31,17,0,0,0,0,5,2,25,15,0,0,0,0,0,0,1,0,03 桃園市,2 技職
111,1036,健行科技大學,N 修,C 二技,385,194,191,0,0,0,0,100,96,92,91,0,0,0,0,0,0,2,4,03 桃園市,2 技職
111,1037,正修科技大學,D 日,D 博士,14,14,0,3,0,4,0,2,0,3,0,2,0,0,0,0,0,0,0,12 高雄市,2 技職
111,1037,正修科技大學,D 日,M 碩士,377,208,169,98,73,84,65,20,20,6,11,0,0,0,0,0,0,0,0,12 高雄市,2 技職
111,1037,正修科技大學,N 職,M 碩士,205,137,68,55,33,72,33,5,1,5,1,0,0,0,0,0,0,0,0,12 高雄市,2 技職
111,1037,正修科技大學,D 日,B 四技,8073,5211,2862,1340,738,1306,666,1177,667,1195,723,0,0,0,0,0,0,193,68,12 高雄市,2 技職
111,1037,正修科技大學,N 修,B 四技,4406,2885,1521,666,444,546,267,668,342,748,360,0,0,0,0,0,0,257,108,12 高雄市,2 技職
111,1037,正修科技大學,D 日,C 二技,28,25,3,0,0,0,0,0,0,25,3,0,0,0,0,0,0,0,0,12 高雄市,2 技職
111,1037,正修科技大學,N 修,C 二技,2497,1226,1271,0,0,0,0,671,678,535,584,0,0,0,0,0,0,20,9,12 高雄市,2 技職
111,1037,正修科技大學,N 修,2 二專,827,493,334,255,166,205,152,0,0,0,0,0,0,0,0,0,0,33,16,12 高雄市,2 技職
111,1037,正修科技大學,D 日,5 五專,340,257,83,50,22,62,21,59,15,46,10,40,15,0,0,0,0,0,0,12 高雄市,2 技職
111,1038,萬能科技大學,D 日,M 碩士,147,77,70,30,31,23,22,18,11,6,6,0,0,0,0,0,0,0,0,03 桃園市,2 技職
111,1038,萬能科技大學,N 職,M 碩士,146,73,73,43,42,29,30,1,1,0,0,0,0,0,0,0,0,0,0,03 桃園市,2 技職
111,1038,萬能科技大學,D 日,B 四技,5312,2929,2383,736,574,652,539,635,539,696,630,0,0,0,0,0,0,210,101,03 桃園市,2 技職
111,1038,萬能科技大學,N 修,B 四技,2249,1296,953,355,262,282,198,295,243,298,215,0,0,0,0,0,0,66,35,03 桃園市,2 技職
111,1038,萬能科技大學,N 修,C 二技,363,182,181,0,0,0,0,81,79,94,99,0,0,0,0,0,0,7,3,03 桃園市,2 技職
111,1038,萬能科技大學,N 修,2 二專,6,0,6,0,0,0,0,0,0,0,0,0,0,0,0,0,0,0,6,03 桃園市,2 技職
111,1039,玄奘大學,D 日,M 碩士,261,92,169,31,48,25,45,18,46,12,27,4,2,2,1,0,0,0,0,18 新竹市,1 一般
111,1039,玄奘大學,N 職,M 碩士,149,44,105,8,35,13,25,12,20,8,19,2,6,1,0,0,0,0,0,18 新竹市,1 一般
111,1039,玄奘大學,D 日,B 學士,1376,561,815,95,169,110,188,161,213,149,206,0,0,0,0,0,0,46,39,18 新竹市,1 一般
111,1039,玄奘大學,P 進,B 學士,5,0,5,0,0,0,0,0,0,0,1,0,0,0,0,0,0,0,4,18 新竹市,1 一般
111,1039,玄奘大學,N 修,C 二技,14,5,9,0,0,0,0,5,9,0,0,0,0,0,0,0,0,0,0,18 新竹市,2 技職
111,1040,建國科技大學,D 日,M 碩士,132,77,55,33,28,28,23,7,1,9,3,0,0,0,0,0,0,0,0,07 彰化縣,2 技職
111,1040,建國科技大學,D 日,B 四技,2679,1841,838,340,148,333,156,341,161,680,326,0,0,0,0,0,0,147,47,07 彰化縣,2 技職
111,1040,建國科技大學,N 修,B 四技,1609,1228,381,336,79,219,104,245,97,364,86,0,0,0,0,0,0,64,15,07 彰化縣,2 技職
111,1040,建國科技大學,N 修,C 二技,319,177,142,0,0,0,0,84,77,84,62,0,0,0,0,0,0,9,3,07 彰化縣,2 技職
111,1040,建國科技大學,D 日,2 二專,9,8,1,8,1,0,0,0,0,0,0,0,0,0,0,0,0,0,0,07 彰化縣,2 技職
111,1040,建國科技大學,N 修,2 二專,48,30,18,16,9,10,9,0,0,0,0,0,0,0,0,0,0,4,0,07 彰化縣,2 技職
111,1041,明志科技大學,D 日,D 博士,47,34,13,10,7,13,5,5,0,2,1,3,0,0,0,1,0,0,0,01 新北市,2 技職
111,1041,明志科技大學,D 日,M 碩士,479,363,116,160,39,151,53,39,22,13,2,0,0,0,0,0,0,0,0,01 新北市,2 技職
111,1041,明志科技大學,N 職,M 碩士,22,17,5,5,3,8,2,4,0,0,0,0,0,0,0,0,0,0,0,01 新北市,2 技職
111,1041,明志科技大學,D 日,B 四技,3598,2577,1021,641,256,617,273,602,234,610,246,0,0,0,0,0,0,107,12,01 新北市,2 技職
111,1041,明志科技大學,N 修,B 四技,198,191,7,24,1,26,1,20,1,84,4,0,0,0,0,0,0,37,0,01 新北市,2 技職
111,1042,高苑科技大學,D 日,M 碩士,90,57,33,19,11,27,12,10,7,1,3,0,0,0,0,0,0,0,0,12 高雄市,2 技職
111,1042,高苑科技大學,N 職,M 碩士,110,84,26,37,14,41,11,5,0,0,0,1,1,0,0,0,0,0,0,12 高雄市,2 技職
111,1042,高苑科技大學,D 日,B 四技,1132,672,460,83,61,160,123,129,99,228,146,0,0,0,0,0,0,72,31,12 高雄市,2 技職
111,1042,高苑科技大學,N 修,B 四技,481,393,88,50,10,76,29,110,26,125,20,0,0,0,0,0,0,32,3,12 高雄市,2 技職
111,1042,高苑科技大學,N 修,C 二技,225,138,87,0,0,0,0,49,43,75,44,0,0,0,0,0,0,14,0,12 高雄市,2 技職
111,1042,高苑科技大學,N 修,2 二專,59,29,30,8,4,18,24,0,0,0,0,0,0,0,0,0,0,3,2,12 高雄市,2 技職
111,1042,高苑科技大學,D 日,5 五專,8,7,1,7,1,0,0,0,0,0,0,0,0,0,0,0,0,0,0,12 高雄市,2 技職
111,1043,大仁科技大學,D 日,M 碩士,84,35,49,21,25,7,17,4,6,3,1,0,0,0,0,0,0,0,0,13 屏東縣,2 技職
111,1043,大仁科技大學,N 職,M 碩士,140,77,63,36,23,35,33,4,5,2,1,0,1,0,0,0,0,0,0,13 屏東縣,2 技職
111,1043,大仁科技大學,D 日,B 四技,2767,1314,1453,269,301,259,283,248,299,338,378,100,117,0,0,0,0,100,75,13 屏東縣,2 技職
111,1043,大仁科技大學,N 修,B 四技,120,74,46,23,9,16,15,6,9,21,12,0,0,0,0,0,0,8,1,13 屏東縣,2 技職
111,1043,大仁科技大學,N 修,C 二技,1322,455,867,0,0,0,0,213,418,210,423,0,0,0,0,0,0,32,26,13 屏東縣,2 技職
111,1043,大仁科技大學,N 修,2 二專,89,49,40,20,15,20,18,0,0,0,0,0,0,0,0,0,0,9,7,13 屏東縣,2 技職
111,1044,聖約翰科技大學,D 日,M 碩士,71,54,17,17,6,21,8,8,1,8,2,0,0,0,0,0,0,0,0,01 新北市,2 技職
111,1044,聖約翰科技大學,N 職,M 碩士,69,51,18,17,7,18,6,6,3,10,2,0,0,0,0,0,0,0,0,01 新北市,2 技職
111,1044,聖約翰科技大學,D 日,B 四技,594,381,213,31,14,52,23,53,40,167,101,0,0,0,0,0,0,78,35,01 新北市,2 技職
111,1044,聖約翰科技大學,N 修,B 四技,181,162,19,21,1,32,2,14,1,92,15,0,0,0,0,0,0,3,0,01 新北市,2 技職
111,1044,聖約翰科技大學,N 修,C 二技,57,45,12,0,0,0,0,14,5,27,6,0,0,0,0,0,0,4,1,01 新北市,2 技職
111,1044,聖約翰科技大學,N 修,2 二專,49,33,16,11,6,22,10,0,0,0,0,0,0,0,0,0,0,0,0,01 新北市,2 技職
111,1044,聖約翰科技大學,D 日,5 五專,98,79,19,0,0,0,0,5,3,31,6,34,8,0,0,0,0,9,2,01 新北市,2 技職
111,1045,嶺東科技大學,D 日,M 碩士,219,97,122,51,61,30,38,10,15,6,8,0,0,0,0,0,0,0,0,19 臺中市,2 技職
111,1045,嶺東科技大學,N 職,M 碩士,154,82,72,34,47,39,23,8,2,1,0,0,0,0,0,0,0,0,0,19 臺中市,2 技職
111,1045,嶺東科技大學,D 日,B 四技,6609,2467,4142,530,915,637,999,572,1029,609,1117,0,0,0,0,0,0,119,82,19 臺中市,2 技職
111,1045,嶺東科技大學,N 修,B 四技,2438,1310,1128,317,292,275,237,312,258,307,277,0,0,0,0,0,0,99,64,19 臺中市,2 技職
111,1045,嶺東科技大學,D 日,C 二技,1,0,1,0,0,0,0,0,1,0,0,0,0,0,0,0,0,0,0,19 臺中市,2 技職
111,1045,嶺東科技大學,N 修,C 二技,45,4,41,0,0,0,0,4,41,0,0,0,0,0,0,0,0,0,0,19 臺中市,2 技職
111,1046,中國科技大學,D 日,M 碩士,185,104,81,40,30,36,27,17,14,11,10,0,0,0,0,0,0,0,0,30 臺北市,2 技職
111,1046,中國科技大學,N 職,M 碩士,60,36,24,18,6,14,17,4,1,0,0,0,0,0,0,0,0,0,0,30 臺北市,2 技職
111,1046,中國科技大學,D 日,B 四技,5409,2524,2885,486,615,646,709,535,619,694,807,0,0,0,0,0,0,163,135,30 臺北市,2 技職
111,1046,中國科技大學,N 修,B 四技,994,589,405,155,114,130,75,103,88,141,94,0,0,0,0,0,0,60,34,30 臺北市,2 技職
111,1046,中國科技大學,D 日,C 二技,7,2,5,0,0,0,0,0,0,2,5,0,0,0,0,0,0,0,0,30 臺北市,2 技職
111,1046,中國科技大學,N 修,C 二技,656,327,329,0,0,0,0,166,152,149,173,0,0,0,0,0,0,12,4,30 臺北市,2 技職
111,1046,中國科技大學,N 修,2 二專,307,159,148,80,79,60,59,0,0,0,0,0,0,0,0,0,0,19,10,30 臺北市,2 技職
111,1047,中臺科技大學,D 日,D 博士,8,4,4,0,1,2,1,1,0,0,0,0,1,0,0,1,1,0,0,19 臺中市,2 技職
111,1047,中臺科技大學,D 日,M 碩士,119,35,84,17,36,13,30,3,8,1,7,1,3,0,0,0,0,0,0,19 臺中市,2 技職
111,1047,中臺科技大學,N 職,M 碩士,271,55,216,17,76,20,71,8,32,8,25,2,12,0,0,0,0,0,0,19 臺中市,2 技職
111,1047,中臺科技大學,D 日,B 四技,3752,1580,2172,262,442,378,483,381,480,422,647,0,0,0,0,0,0,137,120,19 臺中市,2 技職
111,1047,中臺科技大學,N 修,B 四技,1363,487,876,108,171,98,202,119,199,114,205,12,62,0,0,0,0,36,37,19 臺中市,2 技職
111,1047,中臺科技大學,D 日,C 二技,575,102,473,0,0,0,0,54,235,46,237,0,0,0,0,0,0,2,1,19 臺中市,2 技職
111,1047,中臺科技大學,N 修,C 二技,819,100,719,0,0,0,0,52,408,26,261,21,45,0,0,0,0,1,5,19 臺中市,2 技職
111,1047,中臺科技大學,D 日,2 二專,14,5,9,0,0,5,9,0,0,0,0,0,0,0,0,0,0,0,0,19 臺中市,2 技職
111,1048,亞洲大學,D 日,D 博士,230,138,92,33,23,21,20,23,15,22,12,15,11,11,7,13,4,0,0,06 臺中市,1 一般
111,1048,亞洲大學,D 日,M 碩士,631,229,402,93,192,55,104,48,62,33,44,0,0,0,0,0,0,0,0,06 臺中市,1 一般
111,1048,亞洲大學,N 職,M 碩士,420,193,227,119,123,47,72,24,17,3,15,0,0,0,0,0,0,0,0,06 臺中市,1 一般
111,1048,亞洲大學,D 日,B 學士,9079,3211,5868,708,1369,775,1473,772,1450,747,1424,0,0,0,0,0,0,209,152,06 臺中市,1 一般
111,1048,亞洲大學,P 進,B 學士,553,238,315,43,68,54,71,56,70,53,66,0,0,0,0,0,0,32,40,06 臺中市,1 一般
111,1049,開南大學,D 日,M 碩士,228,84,144,37,68,17,35,16,18,12,22,2,1,0,0,0,0,0,0,03 桃園市,1 一般
111,1049,開南大學,N 職,M 碩士,299,174,125,92,72,33,33,18,7,14,3,9,4,8,5,0,1,0,0,03 桃園市,1 一般
111,1049,開南大學,D 日,B 學士,3249,1602,1647,363,312,313,355,374,393,392,448,0,0,0,0,0,0,160,139,03 桃園市,1 一般
111,1049,開南大學,P 進,B 學士,1002,558,444,144,141,108,83,132,105,139,95,0,0,0,0,0,0,35,20,03 桃園市,1 一般
111,1050,佛光大學,D 日,D 博士,64,20,44,3,6,0,7,4,6,3,6,4,9,3,7,3,3,0,0,02 宜蘭縣,1 一般
111,1050,佛光大學,D 日,M 碩士,433,183,250,80,102,43,56,23,36,35,52,1,2,1,2,0,0,0,0,02 宜蘭縣,1 一般
111,1050,佛光大學,N 職,M 碩士,102,56,46,29,30,14,7,4,1,0,2,9,6,0,0,0,0,0,0,02 宜蘭縣,1 一般
111,1050,佛光大學,D 日,B 學士,2469,1169,1300,261,286,268,320,279,314,271,327,0,0,0,0,0,0,90,53,02 宜蘭縣,1 一般
111,1051,台南應用科技大學,D 日,M 碩士,94,32,62,17,24,12,27,3,9,0,2,0,0,0,0,0,0,0,0,11 臺南市,2 技職
111,1051,台南應用科技大學,N 職,M 碩士,104,23,81,8,28,10,32,2,12,3,6,0,3,0,0,0,0,0,0,11 臺南市,2 技職
111,1051,台南應用科技大學,D 日,B 四技,7044,2084,4960,398,1061,540,1262,489,1231,568,1316,0,0,0,0,0,0,89,90,11 臺南市,2 技職
111,1051,台南應用科技大學,N 修,B 四技,1957,733,1224,149,245,119,192,171,304,211,363,35,81,0,0,0,0,48,39,11 臺南市,2 技職
111,1051,台南應用科技大學,D 日,C 二技,450,82,368,0,0,0,0,41,153,36,182,0,0,0,0,0,0,5,33,11 臺南市,2 技職
111,1051,台南應用科技大學,N 修,C 二技,169,17,152,0,0,0,0,7,71,5,71,0,0,0,0,0,0,5,10,11 臺南市,2 技職
111,1051,台南應用科技大學,D 日,5 五專,902,221,681,40,131,41,130,47,133,47,144,46,143,0,0,0,0,0,0,11 臺南市,2 技職
111,1052,遠東科技大學,D 日,M 碩士,228,121,107,52,52,52,47,11,8,6,0,0,0,0,0,0,0,0,0,11 臺南市,2 技職
111,1052,遠東科技大學,N 職,M 碩士,38,36,2,9,0,8,1,9,1,5,0,4,0,1,0,0,0,0,0,11 臺南市,2 技職
111,1052,遠東科技大學,D 日,B 四技,1796,1295,501,232,83,197,69,307,123,405,180,0,0,0,0,0,0,154,46,11 臺南市,2 技職
111,1052,遠東科技大學,N 修,B 四技,375,293,82,60,14,51,15,50,21,113,24,0,0,0,0,0,0,19,8,11 臺南市,2 技職
111,1052,遠東科技大學,N 修,C 二技,302,184,118,0,0,0,0,99,44,80,71,0,0,0,0,0,0,5,3,11 臺南市,2 技職
111,1052,遠東科技大學,N 修,2 二專,193,135,58,88,25,41,32,0,0,0,0,0,0,0,0,0,0,6,1,11 臺南市,2 技職
111,1053,元培醫事科技大學,D 日,D 博士,2,2,0,0,0,1,0,1,0,0,0,0,0,0,0,0,0,0,0,18 新竹市,2 技職
111,1053,元培醫事科技大學,D 日,M 碩士,245,101,144,36,61,37,42,21,29,7,12,0,0,0,0,0,0,0,0,18 新竹市,2 技職
111,1053,元培醫事科技大學,N 職,M 碩士,41,12,29,7,10,5,12,0,1,0,6,0,0,0,0,0,0,0,0,18 新竹市,2 技職
111,1053,元培醫事科技大學,D 日,B 四技,3035,1265,1770,214,310,285,450,279,431,343,475,0,0,0,0,0,0,144,104,18 新竹市,2 技職
111,1053,元培醫事科技大學,N 修,B 四技,1187,582,605,82,117,93,126,150,154,200,172,0,0,0,0,0,0,57,36,18 新竹市,2 技職
111,1053,元培醫事科技大學,D 日,C 二技,102,7,95,0,0,0,0,2,49,5,46,0,0,0,0,0,0,0,0,18 新竹市,2 技職
111,1053,元培醫事科技大學,N 修,C 二技,448,93,355,0,0,0,0,27,117,63,231,0,0,0,0,0,0,3,7,18 新竹市,2 技職
111,1054,景文科技大學,D 日,M 碩士,7,5,2,0,0,0,0,3,1,2,1,0,0,0,0,0,0,0,0,01 新北市,2 技職
111,1054,景文科技大學,N 職,M 碩士,57,36,21,16,8,14,11,4,2,2,0,0,0,0,0,0,0,0,0,01 新北市,2 技職
111,1054,景文科技大學,D 日,B 四技,4206,1905,2301,434,488,380,459,421,513,519,739,0,0,0,0,0,0,151,102,01 新北市,2 技職
111,1054,景文科技大學,N 修,B 四技,686,371,315,143,104,50,45,45,50,103,98,0,0,0,0,0,0,30,18,01 新北市,2 技職
111,1054,景文科技大學,D 日,C 二技,22,12,10,0,0,0,0,3,2,9,7,0,0,0,0,0,0,0,1,01 新北市,2 技職
111,1054,景文科技大學,N 修,C 二技,285,160,125,0,0,0,0,68,61,83,59,0,0,0,0,0,0,9,5,01 新北市,2 技職
111,1054,景文科技大學,N 修,2 二專,79,44,35,17,16,24,15,0,0,0,0,0,0,0,0,0,0,3,4,01 新北市,2 技職
111,1055,中華醫事科技大學,D 日,M 碩士,100,44,56,26,24,13,21,5,9,0,2,0,0,0,0,0,0,0,0,11 臺南市,2 技職
111,1055,中華醫事科技大學,N 職,M 碩士,23,11,12,6,8,3,3,2,1,0,0,0,0,0,0,0,0,0,0,11 臺南市,2 技職
111,1055,中華醫事科技大學,D 日,B 四技,2468,840,1628,187,313,173,365,210,390,221,505,0,0,0,0,0,0,49,55,11 臺南市,2 技職
111,1055,中華醫事科技大學,N 修,B 四技,516,247,269,76,68,53,67,40,50,59,72,0,0,0,0,0,0,19,12,11 臺南市,2 技職
111,1055,中華醫事科技大學,D 日,C 二技,851,167,684,0,0,0,0,84,347,78,331,0,0,0,0,0,0,5,6,11 臺南市,2 技職
111,1055,中華醫事科技大學,N 修,C 二技,773,217,556,0,0,0,0,126,301,86,244,0,0,0,0,0,0,5,11,11 臺南市,2 技職
111,1055,中華醫事科技大學,N 修,2 二專,77,34,43,16,24,16,18,0,0,0,0,0,0,0,0,0,0,2,1,11 臺南市,2 技職
111,1055,中華醫事科技大學,D 日,5 五專,3110,666,2444,129,505,127,509,154,538,120,440,117,405,0,0,0,0,19,47,11 臺南市,2 技職
111,1056,東南科技大學,D 日,M 碩士,131,80,51,37,15,38,31,5,3,0,2,0,0,0,0,0,0,0,0,01 新北市,2 技職
111,1056,東南科技大學,N 職,M 碩士,60,53,7,28,6,22,1,2,0,1,0,0,0,0,0,0,0,0,0,01 新北市,2 技職
111,1056,東南科技大學,D 日,B 四技,3645,2320,1325,551,326,470,279,492,289,644,347,0,0,0,0,0,0,163,84,01 新北市,2 技職
111,1056,東南科技大學,N 修,B 四技,540,382,158,80,48,91,40,74,32,119,32,0,0,0,0,0,0,18,6,01 新北市,2 技職
111,1057,德明財經科技大學,D 日,M 碩士,41,21,20,7,8,9,8,3,4,2,0,0,0,0,0,0,0,0,0,30 臺北市,2 技職
111,1057,德明財經科技大學,N 職,M 碩士,26,15,11,9,7,2,4,1,0,3,0,0,0,0,0,0,0,0,0,30 臺北市,2 技職
111,1057,德明財經科技大學,D 日,B 四技,5805,2487,3318,458,617,557,744,557,717,630,952,0,0,0,0,0,0,285,288,30 臺北市,2 技職
111,1057,德明財經科技大學,N 修,B 四技,320,170,150,32,32,24,25,43,33,52,45,0,0,0,0,0,0,19,15,30 臺北市,2 技職
111,1057,德明財經科技大學,D 日,C 二技,87,30,57,0,0,0,0,6,27,24,28,0,0,0,0,0,0,0,2,30 臺北市,2 技職
111,1057,德明財經科技大學,N 修,C 二技,146,47,99,0,0,0,0,24,50,23,48,0,0,0,0,0,0,0,1,30 臺北市,2 技職
111,1058,明道大學,D 日,D 博士,30,17,13,2,3,4,1,1,4,4,1,3,3,1,1,2,0,0,0,07 彰化縣,1 一般
111,1058,明道大學,D 日,M 碩士,144,74,70,27,33,17,22,20,7,8,7,1,0,1,1,0,0,0,0,07 彰化縣,1 一般
111,1058,明道大學,N 職,M 碩士,41,11,30,4,19,4,7,2,2,1,2,0,0,0,0,0,0,0,0,07 彰化縣,1 一般
111,1058,明道大學,D 日,B 學士,793,427,366,24,13,50,63,104,111,205,167,0,0,0,0,0,0,44,12,07 彰化縣,1 一般
111,1058,明道大學,P 進,B 學士,368,256,112,67,29,48,25,66,17,67,35,0,0,0,0,0,0,8,6,07 彰化縣,1 一般
111,1060,南開科技大學,D 日,M 碩士,73,38,35,13,18,15,15,8,1,2,1,0,0,0,0,0,0,0,0,08 南投縣,2 技職
111,1060,南開科技大學,N 職,M 碩士,51,19,32,8,13,8,16,2,2,1,1,0,0,0,0,0,0,0,0,08 南投縣,2 技職
111,1060,南開科技大學,D 日,B 四技,1475,1045,430,202,73,176,87,281,91,305,155,0,0,0,0,0,0,81,24,08 南投縣,2 技職
111,1060,南開科技大學,N 修,B 四技,574,422,152,103,30,96,27,86,41,107,50,0,0,0,0,0,0,30,4,08 南投縣,2 技職
111,1060,南開科技大學,N 修,C 二技,217,88,129,0,0,0,0,29,68,57,61,0,0,0,0,0,0,2,0,08 南投縣,2 技職
111,1060,南開科技大學,N 修,2 二專,53,28,25,7,13,16,11,0,0,0,0,0,0,0,0,0,0,5,1,08 南投縣,2 技職
111,1060,南開科技大學,D 日,5 五專,341,297,44,35,2,54,9,64,7,60,15,74,11,0,0,0,0,10,0,08 南投縣,2 技職
111,1061,中華科技大學,D 日,M 碩士,197,131,66,56,35,57,30,13,1,5,0,0,0,0,0,0,0,0,0,30 臺北市,2 技職
111,1061,中華科技大學,N 職,M 碩士,98,77,21,36,7,37,13,2,0,2,1,0,0,0,0,0,0,0,0,30 臺北市,2 技職
111,1061,中華科技大學,D 日,B 四技,2335,1663,672,270,121,331,145,394,144,528,220,0,0,0,0,0,0,140,42,30 臺北市,2 技職
111,1061,中華科技大學,N 修,B 四技,660,528,132,153,38,115,29,115,29,128,35,0,0,0,0,0,0,17,1,30 臺北市,2 技職
111,1061,中華科技大學,D 日,C 二技,30,7,23,0,0,0,0,7,23,0,0,0,0,0,0,0,0,0,0,30 臺北市,2 技職
111,1061,中華科技大學,N 修,C 二技,445,267,178,0,0,0,0,204,135,62,42,0,0,0,0,0,0,1,1,30 臺北市,2 技職
111,1061,中華科技大學,N 修,2 二專,121,80,41,41,27,37,11,0,0,0,0,0,0,0,0,0,0,2,3,30 臺北市,2 技職
111,1062,僑光科技大學,D 日,M 碩士,54,23,31,17,15,6,15,0,1,0,0,0,0,0,0,0,0,0,0,19 臺中市,2 技職
111,1062,僑光科技大學,N 職,M 碩士,33,17,16,11,11,6,5,0,0,0,0,0,0,0,0,0,0,0,0,19 臺中市,2 技職
111,1062,僑光科技大學,D 日,B 四技,5271,2323,2948,526,569,592,750,560,705,583,867,0,0,0,0,0,0,62,57,19 臺中市,2 技職
111,1062,僑光科技大學,N 修,B 四技,3542,2131,1411,538,313,458,282,464,313,517,410,0,0,0,0,0,0,154,93,19 臺中市,2 技職
111,1063,育達科技大學,D 日,M 碩士,150,58,92,27,50,17,31,5,3,9,8,0,0,0,0,0,0,0,0,05 苗栗縣,2 技職
111,1063,育達科技大學,N 職,M 碩士,175,95,80,50,38,19,31,14,4,12,7,0,0,0,0,0,0,0,0,05 苗栗縣,2 技職
111,1063,育達科技大學,D 日,B 四技,1262,673,589,128,150,124,121,123,122,203,133,0,0,0,0,0,0,95,63,05 苗栗縣,2 技職
111,1063,育達科技大學,N 修,B 四技,745,440,305,118,78,105,70,74,65,113,81,0,0,0,0,0,0,30,11,05 苗栗縣,2 技職
111,1063,育達科技大學,N 修,C 二技,1102,361,741,0,0,0,0,193,364,147,354,0,0,0,0,0,0,21,23,05 苗栗縣,2 技職
111,1064,美和科技大學,D 日,M 碩士,147,57,90,24,39,21,27,7,15,5,8,0,1,0,0,0,0,0,0,13 屏東縣,2 技職
111,1064,美和科技大學,N 職,M 碩士,201,36,165,11,39,11,50,8,16,5,59,1,1,0,0,0,0,0,0,13 屏東縣,2 技職
111,1064,美和科技大學,D 日,B 四技,1694,716,978,151,172,161,229,158,230,214,304,0,0,0,0,0,0,32,43,13 屏東縣,2 技職
111,1064,美和科技大學,N 修,B 四技,423,140,283,34,65,32,64,34,81,28,54,0,0,0,0,0,0,12,19,13 屏東縣,2 技職
111,1064,美和科技大學,D 日,C 二技,193,23,170,0,0,0,0,5,73,18,96,0,0,0,0,0,0,0,1,13 屏東縣,2 技職
111,1064,美和科技大學,N 修,C 二技,1110,224,886,0,0,0,0,121,431,95,441,0,0,0,0,0,0,8,14,13 屏東縣,2 技職
111,1064,美和科技大學,N 修,2 二專,109,58,51,30,25,24,25,0,0,0,0,0,0,0,0,0,0,4,1,13 屏東縣,2 技職
111,1064,美和科技大學,D 日,5 五專,1625,229,1396,54,301,44,253,41,268,46,271,36,255,0,0,0,0,8,48,13 屏東縣,2 技職
111,1065,吳鳳科技大學,D 日,M 碩士,48,38,10,19,1,14,7,3,0,1,2,0,0,1,0,0,0,0,0,10 嘉義縣,2 技職
111,1065,吳鳳科技大學,N 職,M 碩士,63,44,19,27,8,15,11,2,0,0,0,0,0,0,0,0,0,0,0,10 嘉義縣,2 技職
111,1065,吳鳳科技大學,D 日,B 四技,2650,1754,896,344,197,438,205,376,225,556,248,0,0,0,0,0,0,40,21,10 嘉義縣,2 技職
111,1065,吳鳳科技大學,N 修,B 四技,610,453,157,90,38,108,26,98,45,134,41,0,0,0,0,0,0,23,7,10 嘉義縣,2 技職
111,1065,吳鳳科技大學,N 修,C 二技,764,355,409,0,0,0,0,195,197,157,205,0,0,0,0,0,0,3,7,10 嘉義縣,2 技職
111,1065,吳鳳科技大學,N 修,2 二專,206,111,95,51,50,57,45,0,0,0,0,0,0,0,0,0,0,3,0,10 嘉義縣,2 技職
111,1066,環球科技大學,D 日,M 碩士,99,43,56,13,22,15,17,10,10,5,7,0,0,0,0,0,0,0,0,09 雲林縣,2 技職
111,1066,環球科技大學,N 職,M 碩士,64,22,42,8,12,7,18,4,9,0,3,3,0,0,0,0,0,0,0,09 雲林縣,2 技職
111,1066,環球科技大學,D 日,B 四技,1265,622,643,96,83,113,77,132,164,215,268,0,0,0,0,0,0,66,51,09 雲林縣,2 技職
111,1066,環球科技大學,N 修,B 四技,323,187,136,61,22,27,13,35,41,54,48,0,0,0,0,0,0,10,12,09 雲林縣,2 技職
111,1066,環球科技大學,N 修,C 二技,256,86,170,0,0,0,0,36,81,42,85,0,0,0,0,0,0,8,4,09 雲林縣,2 技職
111,1066,環球科技大學,N 修,2 二專,104,67,37,19,19,46,18,0,0,0,0,0,0,0,0,0,0,2,0,09 雲林縣,2 技職
111,1067,台灣首府大學,D 日,M 碩士,33,9,24,1,4,4,14,2,5,2,1,0,0,0,0,0,0,0,0,11 臺南市,1 一般
111,1067,台灣首府大學,D 日,B 學士,223,102,121,0,0,6,10,13,20,56,84,0,0,0,0,0,0,27,7,11 臺南市,1 一般
111,1067,台灣首府大學,P 進,B 學士,81,46,35,0,0,8,10,11,9,15,16,0,0,0,0,0,0,12,0,11 臺南市,1 一般
111,1068,中州科技大學,N 職,M 碩士,5,2,3,0,0,1,2,0,0,1,1,0,0,0,0,0,0,0,0,07 彰化縣,2 技職
111,1068,中州科技大學,D 日,B 四技,288,183,105,0,0,15,12,50,15,98,70,0,0,0,0,0,0,20,8,07 彰化縣,2 技職
111,1068,中州科技大學,N 修,B 四技,294,210,84,0,0,35,16,77,27,64,29,0,0,0,0,0,0,34,12,07 彰化縣,2 技職
111,1068,中州科技大學,N 修,C 二技,290,79,211,0,0,0,0,0,0,74,206,0,0,0,0,0,0,5,5,07 彰化縣,2 技職
111,1068,中州科技大學,N 修,2 二專,30,1,29,0,0,0,25,0,0,0,0,0,0,0,0,0,0,1,4,07 彰化縣,2 技職
111,1069,修平科技大學,D 日,M 碩士,90,50,40,23,23,20,15,5,0,2,2,0,0,0,0,0,0,0,0,06 臺中市,2 技職
111,1069,修平科技大學,N 職,M 碩士,61,44,17,21,10,20,7,3,0,0,0,0,0,0,0,0,0,0,0,06 臺中市,2 技職
111,1069,修平科技大學,D 日,B 四技,2466,1785,681,349,189,354,112,456,164,517,186,0,0,0,0,0,0,109,30,06 臺中市,2 技職
111,1069,修平科技大學,N 修,B 四技,1168,1072,96,224,26,255,19,262,25,265,22,0,0,0,0,0,0,66,4,06 臺中市,2 技職
111,1069,修平科技大學,N 修,C 二技,624,445,179,0,0,0,0,236,98,201,79,0,0,0,0,0,0,8,2,06 臺中市,2 技職
111,1069,修平科技大學,N 修,2 二專,2,2,0,0,0,0,0,0,0,0,0,0,0,0,0,0,0,2,0,06 臺中市,2 技職
111,1070,長庚科技大學,D 日,M 碩士,70,5,65,2,36,2,16,1,9,0,4,0,0,0,0,0,0,0,0,03 桃園市,2 技職
111,1070,長庚科技大學,N 職,M 碩士,161,4,157,2,45,1,41,0,32,1,23,0,10,0,4,0,2,0,0,03 桃園市,2 技職
111,1070,長庚科技大學,D 日,B 四技,3392,473,2919,128,700,132,734,104,728,102,748,0,0,0,0,0,0,7,9,03 桃園市,2 技職
111,1070,長庚科技大學,D 日,C 二技,1445,117,1328,0,0,0,0,59,665,57,656,0,0,0,0,0,0,1,7,03 桃園市,2 技職
111,1070,長庚科技大學,N 修,C 二技,1203,89,1114,0,0,0,0,40,575,47,513,0,18,0,0,0,0,2,8,03 桃園市,2 技職
111,1071,臺北城市科技大學,D 日,M 碩士,88,66,22,26,11,21,9,14,2,5,0,0,0,0,0,0,0,0,0,30 臺北市,2 技職
111,1071,臺北城市科技大學,D 日,B 四技,6496,4046,2450,911,720,867,447,934,502,990,611,0,0,0,0,0,0,344,170,30 臺北市,2 技職
111,1071,臺北城市科技大學,N 修,B 四技,729,566,163,158,46,129,33,130,37,126,40,0,0,0,0,0,0,23,7,30 臺北市,2 技職
111,1071,臺北城市科技大學,D 日,C 二技,7,4,3,0,0,0,0,0,0,4,3,0,0,0,0,0,0,0,0,30 臺北市,2 技職
111,1071,臺北城市科技大學,N 修,C 二技,466,230,236,0,0,0,0,115,118,112,116,0,0,0,0,0,0,3,2,30 臺北市,2 技職
111,1071,臺北城市科技大學,D 日,2 二專,20,16,4,16,4,0,0,0,0,0,0,0,0,0,0,0,0,0,0,30 臺北市,2 技職
111,1071,臺北城市科技大學,N 修,2 二專,341,193,148,96,77,90,68,0,0,0,0,0,0,0,0,0,0,7,3,30 臺北市,2 技職
111,1071,臺北城市科技大學,D 日,5 五專,838,522,316,76,51,108,57,98,63,125,71,95,64,0,0,0,0,20,10,30 臺北市,2 技職
111,1072,敏實科技大學,D 日,B 四技,348,235,113,64,71,56,12,83,13,17,13,0,0,0,0,0,0,15,4,04 新竹縣,2 技職
111,1072,敏實科技大學,N 修,B 四技,101,49,52,10,19,5,11,17,11,10,8,0,0,0,0,0,0,7,3,04 新竹縣,2 技職
111,1072,敏實科技大學,D 日,5 五專,114,59,55,16,9,7,7,8,9,12,18,14,8,0,0,0,0,2,4,04 新竹縣,2 技職
111,1073,醒吾科技大學,D 日,M 碩士,61,23,38,10,16,6,11,7,11,0,0,0,0,0,0,0,0,0,0,01 新北市,2 技職
111,1073,醒吾科技大學,N 職,M 碩士,82,39,43,18,25,8,7,3,4,0,0,10,4,0,3,0,0,0,0,01 新北市,2 技職
111,1073,醒吾科技大學,D 日,B 四技,5259,2327,2932,492,667,600,817,596,690,514,681,0,0,0,0,0,0,125,77,01 新北市,2 技職
111,1073,醒吾科技大學,N 修,B 四技,616,281,335,95,127,55,70,53,44,56,66,0,0,0,0,0,0,22,28,01 新北市,2 技職
111,1073,醒吾科技大學,N 修,C 二技,356,156,200,0,0,0,0,65,87,86,108,0,0,0,0,0,0,5,5,01 新北市,2 技職
111,1073,醒吾科技大學,N 修,2 二專,72,35,37,17,25,14,10,0,0,0,0,0,0,0,0,0,0,4,2,01 新北市,2 技職
111,1073,醒吾科技大學,D 日,5 五專,241,92,149,12,17,19,25,22,29,19,27,18,47,0,0,0,0,2,4,01 新北市,2 技職
111,1075,文藻外語大學,D 日,M 碩士,222,60,162,20,51,19,41,14,39,6,30,1,1,0,0,0,0,0,0,50 高雄市,2 技職
111,1075,文藻外語大學,N 職,M 碩士,56,19,37,9,7,4,11,3,9,1,2,1,6,0,2,1,0,0,0,50 高雄市,2 技職
111,1075,文藻外語大學,D 日,B 四技,4428,1304,3124,285,627,300,712,312,722,304,846,0,0,0,0,0,0,103,217,50 高雄市,2 技職
111,1075,文藻外語大學,N 修,B 四技,1155,450,705,59,94,75,119,126,169,106,208,0,0,0,0,0,0,84,115,50 高雄市,2 技職
111,1075,文藻外語大學,D 日,C 二技,160,21,139,0,0,0,0,6,48,10,56,0,0,0,0,0,0,5,35,50 高雄市,2 技職
111,1075,文藻外語大學,N 修,C 二技,124,26,98,0,0,0,0,12,45,9,38,0,0,0,0,0,0,5,15,50 高雄市,2 技職
111,1075,文藻外語大學,D 日,5 五專,1785,305,1480,66,357,73,324,62,292,54,277,46,211,0,0,0,0,4,19,50 高雄市,2 技職
111,1076,華夏科技大學,D 日,M 碩士,30,25,5,7,2,14,1,4,2,0,0,0,0,0,0,0,0,0,0,01 新北市,2 技職
111,1076,華夏科技大學,N 職,M 碩士,52,39,13,16,2,16,8,4,2,3,1,0,0,0,0,0,0,0,0,01 新北市,2 技職
111,1076,華夏科技大學,D 日,B 四技,1041,697,344,94,32,149,63,176,80,210,139,0,0,0,0,0,0,68,30,01 新北市,2 技職
111,1076,華夏科技大學,N 修,B 四技,658,379,279,68,59,58,57,150,48,81,104,0,0,0,0,0,0,22,11,01 新北市,2 技職
111,1076,華夏科技大學,D 日,C 二技,57,50,7,0,0,0,0,14,3,28,4,0,0,0,0,0,0,8,0,01 新北市,2 技職
111,1076,華夏科技大學,N 修,C 二技,426,263,163,0,0,0,0,118,83,123,79,0,0,0,0,0,0,22,1,01 新北市,2 技職
111,1076,華夏科技大學,N 修,2 二專,36,4,32,0,17,0,10,0,0,0,0,0,0,0,0,0,0,4,5,01 新北市,2 技職
111,1076,華夏科技大學,D 日,5 五專,517,409,108,59,13,78,23,111,29,68,18,84,25,0,0,0,0,9,0,01 新北市,2 技職
111,1077,慈濟科技大學,D 日,M 碩士,80,26,54,12,17,6,14,8,18,0,5,0,0,0,0,0,0,0,0,15 花蓮縣,2 技職
111,1077,慈濟科技大學,D 日,B 四技,1159,445,714,94,144,112,192,98,182,118,188,0,0,0,0,0,0,23,8,15 花蓮縣,2 技職
111,1077,慈濟科技大學,N 修,B 四技,1,1,0,0,0,0,0,0,0,1,0,0,0,0,0,0,0,0,0,15 花蓮縣,2 技職
111,1077,慈濟科技大學,D 日,C 二技,285,39,246,0,0,0,0,22,122,16,123,0,0,0,0,0,0,1,1,15 花蓮縣,2 技職
111,1077,慈濟科技大學,N 修,C 二技,174,21,153,0,0,0,0,13,83,7,66,0,0,0,0,0,0,1,4,15 花蓮縣,2 技職
111,1077,慈濟科技大學,D 日,2 二專,20,2,18,2,18,0,0,0,0,0,0,0,0,0,0,0,0,0,0,15 花蓮縣,2 技職
111,1077,慈濟科技大學,N 修,2 二專,3,3,0,0,0,0,0,0,0,0,0,0,0,0,0,0,0,3,0,15 花蓮縣,2 技職
111,1077,慈濟科技大學,D 日,5 五專,1300,184,1116,35,215,28,212,44,244,40,227,31,185,0,0,0,0,6,33,15 花蓮縣,2 技職
111,1078,致理科技大學,D 日,M 碩士,47,11,36,4,18,5,10,2,5,0,3,0,0,0,0,0,0,0,0,01 新北市,2 技職
111,1078,致理科技大學,N 職,M 碩士,47,14,33,7,13,4,13,1,3,2,3,0,1,0,0,0,0,0,0,01 新北市,2 技職
111,1078,致理科技大學,D 日,B 四技,6439,2154,4285,532,977,505,1059,524,1009,441,1061,0,0,0,0,0,0,152,179,01 新北市,2 技職
111,1078,致理科技大學,N 修,B 四技,2906,1214,1692,262,293,255,404,261,409,289,422,0,0,0,0,0,0,147,164,01 新北市,2 技職
111,1078,致理科技大學,D 日,C 二技,212,38,174,0,0,0,0,19,82,18,88,0,0,0,0,0,0,1,4,01 新北市,2 技職
111,1078,致理科技大學,N 修,C 二技,99,28,71,0,0,0,0,28,70,0,0,0,0,0,0,0,0,0,1,01 新北市,2 技職
111,1078,致理科技大學,D 日,5 五專,1576,366,1210,85,247,64,241,73,254,74,238,65,208,0,0,0,0,5,22,01 新北市,2 技職
111,1079,康寧大學,D 日,M 碩士,2,0,2,0,0,0,0,0,1,0,1,0,0,0,0,0,0,0,0,30 臺北市,1 一般
111,1079,康寧大學,N 職,M 碩士,7,4,3,0,0,0,0,0,0,2,2,2,1,0,0,0,0,0,0,30 臺北市,1 一般
111,1079,康寧大學,D 日,B 學士,183,36,147,4,26,11,34,9,41,10,37,0,0,0,0,0,0,2,9,30 臺北市,1 一般
111,1079,康寧大學,P 進,B 學士,2,0,2,0,0,0,0,0,0,0,2,0,0,0,0,0,0,0,0,30 臺北市,1 一般
111,1079,康寧大學,N 修,C 二技,186,18,168,0,0,0,0,9,87,9,80,0,0,0,0,0,0,0,1,30 臺北市,2 技職
111,1079,康寧大學,N 修,2 二專,177,44,133,24,65,20,68,0,0,0,0,0,0,0,0,0,0,0,0,30 臺北市,2 技職
111,1079,康寧大學,D 日,5 五專,2635,599,2036,124,443,126,403,129,416,118,347,88,373,0,0,0,0,14,54,30 臺北市,2 技職
111,1080,宏國德霖科技大學,D 日,M 碩士,56,35,21,7,8,27,12,1,1,0,0,0,0,0,0,0,0,0,0,01 新北市,2 技職
111,1080,宏國德霖科技大學,D 日,B 四技,1726,1056,670,200,147,219,157,238,146,309,187,0,0,0,0,0,0,90,33,01 新北市,2 技職
111,1080,宏國德霖科技大學,N 修,B 四技,966,594,372,126,89,121,73,134,72,169,113,0,0,0,0,0,0,44,25,01 新北市,2 技職
111,1080,宏國德霖科技大學,D 日,C 二技,58,18,40,0,0,0,0,4,17,14,22,0,0,0,0,0,0,0,1,01 新北市,2 技職
111,1080,宏國德霖科技大學,N 修,C 二技,776,477,299,0,0,0,0,245,149,216,145,0,0,0,0,0,0,16,5,01 新北市,2 技職
111,1080,宏國德霖科技大學,D 日,5 五專,1107,649,458,130,111,157,88,127,92,118,77,98,79,0,0,0,0,19,11,01 新北市,2 技職
111,1081,東方設計大學,D 日,D 博士,26,11,15,2,3,4,1,2,3,0,4,0,1,1,1,2,2,0,0,12 高雄市,2 技職
111,1081,東方設計大學,D 日,M 碩士,64,31,33,14,19,11,5,2,5,4,4,0,0,0,0,0,0,0,0,12 高雄市,2 技職
111,1081,東方設計大學,N 職,M 碩士,24,10,14,5,7,5,4,0,2,0,1,0,0,0,0,0,0,0,0,12 高雄市,2 技職
111,1081,東方設計大學,D 日,B 四技,312,174,138,5,9,7,4,28,26,46,44,0,0,0,0,0,0,88,55,12 高雄市,2 技職
111,1081,東方設計大學,N 修,B 四技,33,25,8,0,0,0,0,7,5,12,2,0,0,0,0,0,0,6,1,12 高雄市,2 技職
111,1081,東方設計大學,D 日,C 二技,19,10,9,0,0,0,0,3,5,6,4,0,0,0,0,0,0,1,0,12 高雄市,2 技職
111,1081,東方設計大學,N 修,C 二技,134,76,58,0,0,0,0,24,21,32,26,0,0,0,0,0,0,20,11,12 高雄市,2 技職
111,1081,東方設計大學,N 修,2 二專,48,29,19,8,3,15,10,0,0,0,0,0,0,0,0,0,0,6,6,12 高雄市,2 技職
111,1081,東方設計大學,D 日,5 五專,290,136,154,12,11,10,15,20,43,45,40,41,39,0,0,0,0,8,6,12 高雄市,2 技職
111,1082,崇右影藝科技大學,D 日,M 碩士,44,25,19,6,9,6,5,6,4,6,1,1,0,0,0,0,0,0,0,17 基隆市,2 技職
111,1082,崇右影藝科技大學,D 日,B 四技,1314,582,732,142,149,97,149,86,140,196,268,0,0,0,0,0,0,61,26,17 基隆市,2 技職
111,1082,崇右影藝科技大學,N 修,C 二技,4,3,1,0,0,0,0,0,0,0,0,0,0,0,0,0,0,3,1,17 基隆市,2 技職
111,1082,崇右影藝科技大學,N 修,2 二專,2,1,1,0,0,0,0,0,0,0,0,0,0,0,0,0,0,1,1,17 基隆市,2 技職
111,1083,台北海洋科技大學,D 日,M 碩士,143,87,56,47,26,28,24,7,1,4,5,1,0,0,0,0,0,0,0,01 新北市,2 技職
111,1083,台北海洋科技大學,D 日,B 四技,2092,1193,899,324,249,323,212,191,178,245,208,0,0,0,0,0,0,110,52,01 新北市,2 技職
111,1083,台北海洋科技大學,N 修,B 四技,242,101,141,33,60,28,28,16,36,21,14,0,0,0,0,0,0,3,3,01 新北市,2 技職
111,1083,台北海洋科技大學,D 日,C 二技,170,121,49,0,0,0,0,53,19,60,28,0,0,0,0,0,0,8,2,01 新北市,2 技職
111,1083,台北海洋科技大學,N 修,C 二技,599,270,329,0,0,0,0,148,182,121,142,0,0,0,0,0,0,1,5,01 新北市,2 技職
111,1083,台北海洋科技大學,D 日,2 二專,32,31,1,10,0,21,1,0,0,0,0,0,0,0,0,0,0,0,0,01 新北市,2 技職
111,1083,台北海洋科技大學,N 修,2 二專,122,113,9,71,6,37,3,0,0,0,0,0,0,0,0,0,0,5,0,01 新北市,2 技職
111,1083,台北海洋科技大學,D 日,5 五專,607,370,237,90,32,72,58,74,39,79,55,40,47,0,0,0,0,15,6,01 新北市,2 技職
111,1084,亞東科技大學,D 日,M 碩士,53,39,14,18,6,12,4,8,2,1,2,0,0,0,0,0,0,0,0,01 新北市,2 技職
111,1084,亞東科技大學,D 日,B 四技,3537,2566,971,548,200,584,233,642,251,669,267,0,0,0,0,0,0,123,20,01 新北市,2 技職
111,1084,亞東科技大學,D 日,C 二技,180,13,167,0,0,0,0,8,85,5,82,0,0,0,0,0,0,0,0,01 新北市,2 技職
111,1084,亞東科技大學,N 修,C 二技,151,4,147,0,0,0,0,4,44,0,52,0,50,0,0,0,0,0,1,01 新北市,2 技職
111,1125,中信金融管理學院,D 日,M 碩士,107,50,57,32,30,13,19,5,8,0,0,0,0,0,0,0,0,0,0,21 臺南市,1 一般
111,1125,中信金融管理學院,N 職,M 碩士,42,25,17,21,9,4,8,0,0,0,0,0,0,0,0,0,0,0,0,21 臺南市,1 一般
111,1125,中信金融管理學院,D 日,B 學士,776,457,319,103,98,147,79,104,81,95,59,0,0,0,0,0,0,8,2,21 臺南市,1 一般
111,1148,大漢技術學院,D 日,M 碩士,77,47,30,20,10,16,15,11,5,0,0,0,0,0,0,0,0,0,0,15 花蓮縣,2 技職
111,1148,大漢技術學院,D 日,B 四技,141,83,58,12,7,15,10,22,15,28,20,0,0,0,0,0,0,6,6,15 花蓮縣,2 技職
111,1148,大漢技術學院,N 修,B 四技,285,175,110,44,36,37,25,52,22,34,20,0,0,0,0,0,0,8,7,15 花蓮縣,2 技職
111,1148,大漢技術學院,N 修,C 二技,189,108,81,0,0,0,0,55,37,51,39,0,0,0,0,0,0,2,5,15 花蓮縣,2 技職
111,1148,大漢技術學院,N 修,2 二專,92,40,52,14,27,25,25,0,0,0,0,0,0,0,0,0,0,1,0,15 花蓮縣,2 技職
111,1159,和春技術學院,D 日,B 四技,24,19,5,0,0,0,0,7,1,9,2,0,0,0,0,0,0,3,2,12 高雄市,2 技職
111,1159,和春技術學院,N 修,B 四技,19,16,3,0,0,0,0,6,0,7,2,0,0,0,0,0,0,3,1,12 高雄市,2 技職
111,1159,和春技術學院,N 修,C 二技,11,9,2,0,0,0,0,0,0,0,0,0,0,0,0,0,0,9,2,12 高雄市,2 技職
111,1159,和春技術學院,N 修,2 二專,7,5,2,0,0,0,0,0,0,0,0,0,0,0,0,0,0,5,2,12 高雄市,2 技職
111,1159,和春技術學院,D 日,5 五專,8,6,2,0,0,0,0,0,0,3,0,2,2,0,0,0,0,1,0,12 高雄市,2 技職
111,1168,南亞技術學院,D 日,M 碩士,4,3,1,0,0,0,0,1,0,2,1,0,0,0,0,0,0,0,0,03 桃園市,2 技職
111,1168,南亞技術學院,D 日,B 四技,1067,728,339,179,52,119,66,180,96,206,100,0,0,0,0,0,0,44,25,03 桃園市,2 技職
111,1168,南亞技術學院,N 修,B 四技,287,165,122,29,34,24,25,29,30,69,27,0,0,0,0,0,0,14,6,03 桃園市,2 技職
111,1168,南亞技術學院,N 修,C 二技,827,210,617,0,0,0,0,124,303,77,305,0,0,0,0,0,0,9,9,03 桃園市,2 技職
111,1168,南亞技術學院,N 修,2 二專,3,2,1,0,0,0,0,0,0,0,0,0,0,0,0,0,0,2,1,03 桃園市,2 技職
111,1168,南亞技術學院,D 日,5 五專,132,76,56,0,0,20,10,12,14,22,11,15,20,0,0,0,0,7,1,03 桃園市,2 技職
111,1183,黎明技術學院,D 日,B 四技,3393,1738,1655,423,425,371,410,390,367,425,368,0,0,0,0,0,0,129,85,01 新北市,2 技職
111,1183,黎明技術學院,N 修,B 四技,1268,853,415,306,143,169,78,165,89,170,94,0,0,0,0,0,0,43,11,01 新北市,2 技職
111,1183,黎明技術學院,N 修,C 二技,47,11,36,0,0,0,0,8,22,3,14,0,0,0,0,0,0,0,0,01 新北市,2 技職
111,1183,黎明技術學院,D 日,5 五專,353,285,68,67,16,62,14,58,16,42,10,47,10,0,0,0,0,9,2,01 新北市,2 技職
111,1185,經國管理暨健康學院,D 日,M 碩士,39,3,36,2,18,0,15,1,3,0,0,0,0,0,0,0,0,0,0,17 基隆市,2 技職
111,1185,經國管理暨健康學院,N 職,M 碩士,41,13,28,6,14,5,10,1,3,1,0,0,0,0,1,0,0,0,0,17 基隆市,2 技職
111,1185,經國管理暨健康學院,D 日,B 四技,1445,538,907,136,218,83,162,92,162,176,293,0,0,0,0,0,0,51,72,17 基隆市,2 技職
111,1185,經國管理暨健康學院,D 日,C 二技,128,12,116,0,0,0,0,5,47,7,66,0,0,0,0,0,0,0,3,17 基隆市,2 技職
111,1185,經國管理暨健康學院,N 修,C 二技,857,154,703,0,0,0,0,60,304,85,376,0,0,0,0,0,0,9,23,17 基隆市,2 技職
111,1185,經國管理暨健康學院,N 修,2 二專,190,27,163,10,81,15,74,0,0,0,0,0,0,0,0,0,0,2,8,17 基隆市,2 技職
111,1185,經國管理暨健康學院,D 日,5 五專,959,243,716,47,139,50,161,39,139,49,108,49,126,0,0,0,0,9,43,17 基隆市,2 技職
111,1188,大同技術學院,D 日,B 四技,178,87,91,0,0,20,23,21,20,22,38,0,0,0,0,0,0,24,10,20 嘉義市,2 技職
111,1188,大同技術學院,N 修,B 四技,111,32,79,0,0,7,32,10,22,12,24,0,0,0,0,0,0,3,1,20 嘉義市,2 技職
111,1188,大同技術學院,N 修,C 二技,118,20,98,0,0,0,0,0,0,18,94,0,0,0,0,0,0,2,4,20 嘉義市,2 技職
111,1188,大同技術學院,N 修,2 二專,19,13,6,0,0,13,6,0,0,0,0,0,0,0,0,0,0,0,0,20 嘉義市,2 技職
111,1188,大同技術學院,D 日,5 五專,46,23,23,0,0,1,4,13,7,4,3,3,8,0,0,0,0,2,1,20 嘉義市,2 技職
111,1195,馬偕醫學院,D 日,D 博士,10,10,0,2,0,3,0,3,0,2,0,0,0,0,0,0,0,0,0,01 新北市,1 一般
111,1195,馬偕醫學院,D 日,M 碩士,63,22,41,10,14,6,14,5,8,1,5,0,0,0,0,0,0,0,0,01 新北市,1 一般
111,1195,馬偕醫學院,N 職,M 碩士,31,6,25,3,9,1,11,2,5,0,0,0,0,0,0,0,0,0,0,01 新北市,1 一般
111,1195,馬偕醫學院,D 日,B 學士,704,258,446,40,94,57,110,60,92,43,109,27,17,25,20,0,0,6,4,01 新北市,1 一般
111,1195,馬偕醫學院,N 修,C 二技,54,0,54,0,0,0,0,0,16,0,37,0,0,0,0,0,0,0,1,01 新北市,2 技職
111,1196,法鼓文理學院,D 日,D 博士,20,8,12,1,2,1,1,3,1,1,1,2,2,0,1,0,4,0,0,01 新北市,1 一般
111,1196,法鼓文理學院,D 日,M 碩士,261,63,198,20,53,10,55,14,47,19,43,0,0,0,0,0,0,0,0,01 新北市,1 一般
111,1196,法鼓文理學院,D 日,B 學士,57,25,32,9,10,5,6,7,2,4,12,0,0,0,0,0,0,0,2,01 新北市,1 一般
111,1282,馬偕醫護管理專科學校,N 修,2 二專,145,71,74,35,42,36,32,0,0,0,0,0,0,0,0,0,0,0,0,30 臺北市,2 技職
111,1282,馬偕醫護管理專科學校,D 日,5 五專,3873,514,3359,127,734,132,695,94,644,70,602,62,604,0,0,0,0,29,80,30 臺北市,2 技職
111,1283,仁德醫護管理專科學校,N 修,2 二專,374,182,192,105,125,71,65,0,0,0,0,0,0,0,0,0,0,6,2,05 苗栗縣,2 技職
111,1283,仁德醫護管理專科學校,D 日,5 五專,5782,1308,4474,274,844,256,858,295,912,199,800,183,792,0,0,0,0,101,268,05 苗栗縣,2 技職
111,1284,樹人醫護管理專科學校,N 修,2 二專,547,274,273,99,118,104,99,37,36,28,19,0,0,0,0,0,0,6,1,12 高雄市,2 技職
111,1284,樹人醫護管理專科學校,D 日,5 五專,6727,1408,5319,271,1169,325,1066,263,1118,240,938,241,893,0,0,0,0,68,135,12 高雄市,2 技職
111,1285,慈惠醫護管理專科學校,D 日,2 二專,84,19,65,9,25,6,32,0,0,0,0,0,0,0,0,0,0,4,8,13 屏東縣,2 技職
111,1285,慈惠醫護管理專科學校,N 修,2 二專,203,77,126,23,47,27,55,6,10,12,4,0,0,0,0,0,0,9,10,13 屏東縣,2 技職
111,1285,慈惠醫護管理專科學校,D 日,5 五專,2461,506,1955,75,234,87,321,92,381,97,421,121,448,0,0,0,0,34,150,13 屏東縣,2 技職
111,1286,耕莘健康管理專科學校,N 修,2 二專,97,6,91,2,40,4,50,0,0,0,0,0,0,0,0,0,0,0,1,01 新北市,2 技職
111,1286,耕莘健康管理專科學校,D 日,5 五專,4117,399,3718,68,728,84,698,76,686,58,680,77,703,0,0,0,0,36,223,01 新北市,2 技職
111,1287,敏惠醫護管理專科學校,N 修,2 二專,71,23,48,9,27,13,20,0,0,0,0,0,0,0,0,0,0,1,1,11 臺南市,2 技職
111,1287,敏惠醫護管理專科學校,D 日,5 五專,3726,484,3242,83,575,102,645,110,662,89,609,78,623,0,0,0,0,22,128,11 臺南市,2 技職
111,1289,育英醫護管理專科學校,D 日,5 五專,1891,206,1685,32,335,38,331,43,344,47,289,35,308,0,0,0,0,11,78,50 高雄市,2 技職
111,1291,聖母醫護管理專科學校,D 日,2 二專,15,9,6,0,0,9,6,0,0,0,0,0,0,0,0,0,0,0,0,02 宜蘭縣,2 技職
111,1291,聖母醫護管理專科學校,N 修,2 二專,44,23,21,14,10,8,11,0,0,0,0,0,0,0,0,0,0,1,0,02 宜蘭縣,2 技職
111,1291,聖母醫護管理專科學校,D 日,5 五專,1577,240,1337,29,224,45,263,48,260,54,285,57,266,0,0,0,0,7,39,02 宜蘭縣,2 技職
111,1292,新生醫護管理專科學校,N 修,2 二專,75,10,65,8,35,2,30,0,0,0,0,0,0,0,0,0,0,0,0,03 桃園市,2 技職
111,1292,新生醫護管理專科學校,D 日,5 五專,5915,703,5212,149,1072,143,1101,157,1060,119,945,112,918,0,0,0,0,23,116,03 桃園市,2 技職
111,1293,崇仁醫護管理專科學校,D 日,5 五專,3051,431,2620,82,511,106,493,90,519,71,549,68,507,0,0,0,0,14,41,10 嘉義縣,2 技職
111,3002,臺北市立大學,D 日,D 博士,211,95,116,16,17,15,17,14,21,14,16,12,12,6,8,18,25,0,0,30 臺北市,1 一般
111,3002,臺北市立大學,D 日,M 碩士,1342,414,928,116,276,124,249,65,170,65,129,18,51,26,53,0,0,0,0,30 臺北市,1 一般
111,3002,臺北市立大學,N 職,M 碩士,1191,328,863,112,268,90,254,51,125,32,117,25,51,18,48,0,0,0,0,30 臺北市,1 一般
111,3002,臺北市立大學,D 日,B 學士,5287,2332,2955,584,684,538,706,544,717,513,724,0,0,0,0,0,0,153,124,30 臺北市,1 一般
112,0001,國立政治大學,D 日,D 博士,921,517,404,86,69,78,60,82,69,74,67,63,52,68,37,66,50,0,0,30 臺北市,1 一般
112,0001,國立政治大學,D 日,M 碩士,4231,1835,2396,598,809,631,791,354,460,249,335,2,1,1,0,0,0,0,0,30 臺北市,1 一般
112,0001,國立政治大學,N 職,M 碩士,1903,938,965,262,304,289,287,204,225,106,92,77,57,0,0,0,0,0,0,30 臺北市,1 一般
112,0001,國立政治大學,D 日,B 學士,9763,3928,5835,906,1349,871,1379,907,1341,928,1267,0,0,0,0,0,0,316,499,30 臺北市,1 一般
112,0002,國立清華大學,D 日,D 博士,1636,1131,505,206,93,202,83,204,93,154,70,140,60,110,50,115,56,0,0,18 新竹市,1 一般
112,0002,國立清華大學,D 日,M 碩士,5867,3526,2341,1336,886,1357,796,581,402,246,239,4,15,2,3,0,0,0,0,18 新竹市,1 一般
112,0002,國立清華大學,N 職,M 碩士,1413,509,904,198,278,176,274,63,132,35,91,25,84,4,17,8,28,0,0,18 新竹市,1 一般
112,0002,國立清華大學,D 日,B 學士,9274,5038,4236,1217,1019,1216,1030,1224,975,1085,991,0,0,0,0,0,0,296,221,18 新竹市,1 一般
112,0002,國立清華大學,D 日,X 4+X,1,1,0,0,0,1,0,0,0,0,0,0,0,0,0,0,0,0,0,18 新竹市,1 一般
112,0003,國立臺灣大學,D 日,D 博士,3654,2454,1200,431,215,402,206,432,223,389,190,309,128,179,106,312,132,0,0,30 臺北市,1 一般
112,0003,國立臺灣大學,D 日,M 碩士,11328,6742,4586,2598,1747,2505,1687,1075,707,564,445,0,0,0,0,0,0,0,0,30 臺北市,1 一般
112,0003,國立臺灣大學,N 職,M 碩士,1577,948,629,309,229,300,219,160,82,70,38,45,32,64,29,0,0,0,0,30 臺北市,1 一般
112,0003,國立臺灣大學,D 日,B 學士,17323,9652,7671,2191,1706,2199,1783,2138,1663,1976,1649,175,144,172,93,0,0,801,633,30 臺北市,1 一般
112,0004,國立臺灣師範大學,D 日,D 博士,1337,630,707,106,127,109,111,110,106,74,106,85,83,59,85,87,89,0,0,30 臺北市,3 師範
112,0004,國立臺灣師範大學,D 日,M 碩士,4384,1878,2506,628,826,629,763,364,572,257,345,0,0,0,0,0,0,0,0,30 臺北市,3 師範
112,0004,國立臺灣師範大學,N 職,M 碩士,2272,680,1592,222,518,219,460,87,263,75,186,48,102,29,63,0,0,0,0,30 臺北市,3 師範
112,0004,國立臺灣師範大學,D 日,B 學士,8503,3846,4657,938,1110,900,1084,895,1073,809,1052,0,0,0,0,0,0,304,338,30 臺北市,3 師範
112,0005,國立成功大學,D 日,D 博士,1888,1228,660,219,136,199,102,221,123,196,110,176,84,107,57,110,48,0,0,21 臺南市,1 一般
112,0005,國立成功大學,D 日,M 碩士,7453,4739,2714,2009,1149,1931,1053,605,377,188,130,6,3,0,1,0,1,0,0,21 臺南市,1 一般
112,0005,國立成功大學,N 職,M 碩士,1582,932,650,279,240,274,212,209,122,106,44,63,32,0,0,1,0,0,0,21 臺南市,1 一般
112,0005,國立成功大學,D 日,B 學士,12159,7451,4708,1703,1165,1779,1105,1766,1064,1588,1029,112,84,62,34,0,0,441,227,21 臺南市,1 一般
112,0006,國立中興大學,D 日,D 博士,1000,652,348,96,59,101,56,108,65,99,40,84,43,70,33,94,52,0,0,19 臺中市,1 一般
112,0006,國立中興大學,D 日,M 碩士,3797,2242,1555,929,660,926,610,277,194,108,85,2,6,0,0,0,0,0,0,19 臺中市,1 一般
112,0006,國立中興大學,N 職,M 碩士,1794,1143,651,401,244,343,229,203,78,103,57,93,43,0,0,0,0,0,0,19 臺中市,1 一般
112,0006,國立中興大學,D 日,B 學士,8178,4621,3557,1108,835,1080,869,1132,872,1095,815,25,53,0,0,0,0,181,113,19 臺中市,1 一般
112,0006,國立中興大學,P 進,B 學士,828,369,459,79,102,78,119,80,106,77,93,42,34,0,0,0,0,13,5,19 臺中市,1 一般
112,0007,國立陽明交通大學,D 日,D 博士,2604,1772,832,331,148,284,156,295,137,236,129,221,114,173,62,232,86,0,0,18 新竹市,1 一般
112,0007,國立陽明交通大學,D 日,M 碩士,8275,5150,3125,1816,1200,1749,1111,1216,591,365,216,4,7,0,0,0,0,0,0,18 新竹市,1 一般
112,0007,國立陽明交通大學,N 職,M 碩士,1937,1210,727,386,262,347,244,226,99,145,73,106,49,0,0,0,0,0,0,18 新竹市,1 一般
112,0007,國立陽明交通大學,D 日,B 學士,8612,5528,3084,1330,666,1200,708,1250,681,1221,687,142,131,153,91,7,2,225,118,18 新竹市,1 一般
112,0008,國立中央大學,D 日,D 博士,937,637,300,117,55,107,58,105,50,104,39,68,32,64,28,72,38,0,0,03 桃園市,1 一般
112,0008,國立中央大學,D 日,M 碩士,3770,2490,1280,1048,546,975,498,363,158,101,74,3,4,0,0,0,0,0,0,03 桃園市,1 一般
112,0008,國立中央大學,N 職,M 碩士,1516,919,597,326,249,315,220,150,73,73,32,51,21,4,2,0,0,0,0,03 桃園市,1 一般
112,0008,國立中央大學,D 日,B 學士,6274,3852,2422,938,609,957,564,956,565,867,589,0,0,0,0,0,0,134,95,03 桃園市,1 一般
112,0009,國立中山大學,D 日,D 博士,839,520,319,105,73,93,56,100,58,75,47,60,35,46,33,41,17,0,0,50 高雄市,1 一般
112,0009,國立中山大學,D 日,M 碩士,3415,2085,1330,838,531,781,506,343,215,123,77,0,1,0,0,0,0,0,0,50 高雄市,1 一般
112,0009,國立中山大學,N 職,M 碩士,1052,510,542,202,179,175,185,52,92,35,39,34,30,12,17,0,0,0,0,50 高雄市,1 一般
112,0009,國立中山大學,D 日,B 學士,5040,3051,1989,741,480,727,488,718,467,687,436,0,0,0,0,0,0,178,118,50 高雄市,1 一般
112,0012,國立臺灣海洋大學,D 日,D 博士,327,229,98,43,22,28,13,31,17,32,14,37,13,20,8,38,11,0,0,17 基隆市,1 一般
112,0012,國立臺灣海洋大學,D 日,M 碩士,1591,1044,547,464,251,390,179,105,56,55,36,20,17,10,6,0,2,0,0,17 基隆市,1 一般
112,0012,國立臺灣海洋大學,N 職,M 碩士,634,363,271,114,92,125,97,66,35,29,22,20,15,6,6,3,4,0,0,17 基隆市,1 一般
112,0012,國立臺灣海洋大學,D 日,B 學士,6111,4176,1935,1016,464,1005,461,981,491,965,459,0,0,0,0,0,0,209,60,17 基隆市,1 一般
112,0012,國立臺灣海洋大學,P 進,B 學士,551,380,171,122,40,138,52,44,23,51,45,0,0,0,0,0,0,25,11,17 基隆市,1 一般
112,0013,國立中正大學,D 日,D 博士,537,332,205,58,34,56,37,50,33,41,27,51,35,35,16,41,23,0,0,10 嘉義縣,1 一般
112,0013,國立中正大學,D 日,M 碩士,2882,1672,1210,704,456,625,450,225,192,115,108,3,4,0,0,0,0,0,0,10 嘉義縣,1 一般
112,0013,國立中正大學,N 職,M 碩士,1468,600,868,192,304,186,275,100,132,77,99,45,58,0,0,0,0,0,0,10 嘉義縣,1 一般
112,0013,國立中正大學,D 日,B 學士,6653,3555,3098,839,754,884,786,882,754,802,713,0,0,0,0,0,0,148,91,10 嘉義縣,1 一般
112,0014,國立高雄師範大學,D 日,D 博士,422,204,218,37,41,27,40,31,31,25,28,22,27,25,20,37,31,0,0,50 高雄市,3 師範
112,0014,國立高雄師範大學,D 日,M 碩士,1566,567,999,193,313,146,278,116,192,77,143,21,46,8,17,6,10,0,0,50 高雄市,3 師範
112,0014,國立高雄師範大學,N 職,M 碩士,1420,496,924,171,331,141,234,89,175,49,76,19,61,27,47,0,0,0,0,50 高雄市,3 師範
112,0014,國立高雄師範大學,D 日,B 學士,3988,1945,2043,453,498,482,468,463,470,436,506,0,0,0,0,0,0,111,101,50 高雄市,3 師範
112,0015,國立彰化師範大學,D 日,D 博士,475,273,202,47,33,43,30,36,35,49,25,31,26,33,25,34,28,0,0,07 彰化縣,3 師範
112,0015,國立彰化師範大學,D 日,M 碩士,1721,882,839,349,295,287,266,150,147,94,119,1,2,1,10,0,0,0,0,07 彰化縣,3 師範
112,0015,國立彰化師範大學,N 職,M 碩士,1371,540,831,208,262,185,231,51,107,38,83,27,69,31,79,0,0,0,0,07 彰化縣,3 師範
112,0015,國立彰化師範大學,D 日,B 學士,5044,2698,2346,639,606,669,563,622,576,636,534,0,0,0,0,0,0,132,67,07 彰化縣,3 師範
112,0017,國立臺北大學,D 日,D 博士,195,135,60,19,13,19,8,21,6,27,17,27,7,9,4,13,5,0,0,01 新北市,1 一般
112,0017,國立臺北大學,D 日,M 碩士,1505,753,752,268,275,263,270,124,128,95,76,3,3,0,0,0,0,0,0,01 新北市,1 一般
112,0017,國立臺北大學,N 職,M 碩士,631,283,348,115,122,103,122,31,61,25,25,9,18,0,0,0,0,0,0,01 新北市,1 一般
112,0017,國立臺北大學,D 日,B 學士,6000,2732,3268,649,844,652,756,680,767,646,763,0,0,0,0,0,0,105,138,01 新北市,1 一般
112,0017,國立臺北大學,P 進,B 學士,1874,811,1063,224,241,192,247,174,267,164,243,0,0,0,0,0,0,57,65,01 新北市,1 一般
112,0018,國立嘉義大學,D 日,D 博士,184,108,76,21,14,17,15,18,11,13,13,17,9,10,3,12,11,0,0,20 嘉義市,1 一般
112,0018,國立嘉義大學,D 日,M 碩士,1259,576,683,215,246,161,212,121,128,79,97,0,0,0,0,0,0,0,0,20 嘉義市,1 一般
112,0018,國立嘉義大學,N 職,M 碩士,921,367,554,144,182,98,145,54,111,71,116,0,0,0,0,0,0,0,0,20 嘉義市,1 一般
112,0018,國立嘉義大學,D 日,B 學士,7527,3869,3658,959,962,943,852,903,921,934,843,22,21,0,0,0,0,108,59,20 嘉義市,1 一般
112,0018,國立嘉義大學,P 進,B 學士,1691,1056,635,260,139,239,153,240,155,235,151,0,0,0,0,0,0,82,37,20 嘉義市,1 一般
112,0019,國立高雄大學,D 日,D 博士,31,26,5,5,3,4,0,4,0,4,2,6,0,2,0,1,0,0,0,50 高雄市,1 一般
112,0019,國立高雄大學,D 日,M 碩士,726,477,249,186,93,157,96,87,35,47,25,0,0,0,0,0,0,0,0,50 高雄市,1 一般
112,0019,國立高雄大學,N 職,M 碩士,548,335,213,98,78,97,50,65,47,31,18,26,10,18,10,0,0,0,0,50 高雄市,1 一般
112,0019,國立高雄大學,D 日,B 學士,4718,2743,1975,687,494,637,462,642,462,622,474,16,15,0,0,0,0,139,68,50 高雄市,1 一般
112,0019,國立高雄大學,N 修,C 二技,122,56,66,0,0,0,0,28,25,14,18,0,0,0,0,0,0,14,23,50 高雄市,2 技職
112,0020,國立東華大學,D 日,D 博士,412,233,179,45,27,34,37,40,35,32,25,31,17,16,17,35,21,0,0,15 花蓮縣,1 一般
112,0020,國立東華大學,D 日,M 碩士,1451,688,763,254,231,200,241,131,145,79,106,8,21,16,19,0,0,0,0,15 花蓮縣,1 一般
112,0020,國立東華大學,N 職,M 碩士,512,186,326,51,86,50,97,33,58,30,41,10,24,12,20,0,0,0,0,15 花蓮縣,1 一般
112,0020,國立東華大學,D 日,B 學士,7975,3825,4150,950,986,870,958,892,992,831,970,0,0,0,0,0,0,282,244,15 花蓮縣,1 一般
112,0021,國立暨南國際大學,D 日,D 博士,346,179,167,30,18,30,38,33,27,23,22,16,24,21,18,26,20,0,0,08 南投縣,1 一般
112,0021,國立暨南國際大學,D 日,M 碩士,882,392,490,151,148,130,157,56,91,45,71,5,13,5,10,0,0,0,0,08 南投縣,1 一般
112,0021,國立暨南國際大學,N 職,M 碩士,526,180,346,65,116,60,105,21,56,16,39,11,12,7,18,0,0,0,0,08 南投縣,1 一般
112,0021,國立暨南國際大學,D 日,B 學士,4802,2337,2465,577,638,582,584,577,616,503,551,0,0,0,0,0,0,98,76,08 南投縣,1 一般
112,0022,國立臺灣科技大學,D 日,D 博士,1084,782,302,188,78,177,66,147,61,99,42,75,23,47,14,49,18,0,0,30 臺北市,2 技職
112,0022,國立臺灣科技大學,D 日,M 碩士,4134,2815,1319,1246,612,1223,529,264,137,82,41,0,0,0,0,0,0,0,0,30 臺北市,2 技職
112,0022,國立臺灣科技大學,N 職,M 碩士,861,538,323,217,134,211,128,60,40,47,20,2,1,1,0,0,0,0,0,30 臺北市,2 技職
112,0022,國立臺灣科技大學,D 日,B 四技,5545,3891,1654,941,416,968,388,918,402,921,394,0,0,0,0,0,0,143,54,30 臺北市,2 技職
112,0022,國立臺灣科技大學,D 日,C 二技,48,4,44,0,0,0,0,1,20,1,17,0,0,0,0,0,0,2,7,30 臺北市,2 技職
112,0023,國立雲林科技大學,D 日,D 博士,425,264,161,49,33,48,27,47,24,48,30,26,15,24,14,22,18,0,0,09 雲林縣,2 技職
112,0023,國立雲林科技大學,D 日,M 碩士,2144,1362,782,601,315,522,305,188,121,51,41,0,0,0,0,0,0,0,0,09 雲林縣,2 技職
112,0023,國立雲林科技大學,N 職,M 碩士,800,461,339,155,132,167,139,74,34,42,21,23,13,0,0,0,0,0,0,09 雲林縣,2 技職
112,0023,國立雲林科技大學,D 日,B 四技,6531,4042,2489,1057,653,937,611,960,566,943,568,0,0,0,0,0,0,145,91,09 雲林縣,2 技職
112,0023,國立雲林科技大學,N 修,B 四技,248,119,129,35,24,24,33,37,34,21,33,0,0,0,0,0,0,2,5,09 雲林縣,2 技職
112,0023,國立雲林科技大學,D 日,C 二技,190,84,106,0,0,0,0,37,48,39,51,0,0,0,0,0,0,8,7,09 雲林縣,2 技職
112,0024,國立屏東科技大學,D 日,D 博士,245,161,84,33,13,26,13,27,22,22,11,16,12,15,4,22,9,0,0,13 屏東縣,2 技職
112,0024,國立屏東科技大學,D 日,M 碩士,1130,645,485,272,205,238,178,89,73,38,25,5,2,3,2,0,0,0,0,13 屏東縣,2 技職
112,0024,國立屏東科技大學,N 職,M 碩士,243,148,95,64,35,55,43,15,9,7,3,7,4,0,1,0,0,0,0,13 屏東縣,2 技職
112,0024,國立屏東科技大學,D 日,B 四技,7562,4184,3378,1024,805,989,792,978,797,928,824,22,46,0,0,0,0,243,114,13 屏東縣,2 技職
112,0024,國立屏東科技大學,N 修,B 四技,1214,823,391,199,76,163,73,203,110,198,103,0,0,0,0,0,0,60,29,13 屏東縣,2 技職
112,0025,國立臺北科技大學,D 日,D 博士,754,558,196,87,29,100,42,100,38,72,30,60,18,56,13,83,26,0,0,30 臺北市,2 技職
112,0025,國立臺北科技大學,D 日,M 碩士,3558,2535,1023,1060,402,1081,447,287,118,107,56,0,0,0,0,0,0,0,0,30 臺北市,2 技職
112,0025,國立臺北科技大學,N 職,M 碩士,1604,1110,494,339,172,397,183,182,75,122,38,34,15,34,11,2,0,0,0,30 臺北市,2 技職
112,0025,國立臺北科技大學,D 日,B 四技,6371,4444,1927,1079,499,1035,485,1077,438,1072,416,0,0,0,0,0,0,181,89,30 臺北市,2 技職
112,0025,國立臺北科技大學,N 修,B 四技,1197,984,213,161,38,191,31,241,60,337,70,0,0,0,0,0,0,54,14,30 臺北市,2 技職
112,0025,國立臺北科技大學,D 日,C 二技,22,13,9,0,0,0,0,4,2,4,5,0,0,0,0,0,0,5,2,30 臺北市,2 技職
112,0025,國立臺北科技大學,D 日,5 五專,153,126,27,26,6,28,6,22,3,26,4,21,7,0,0,0,0,3,1,30 臺北市,2 技職
112,0028,國立臺北藝術大學,D 日,D 博士,118,46,72,7,16,8,5,9,8,7,8,10,17,3,11,2,7,0,0,30 臺北市,1 一般
112,0028,國立臺北藝術大學,D 日,M 碩士,1022,378,644,107,168,105,188,89,162,77,126,0,0,0,0,0,0,0,0,30 臺北市,1 一般
112,0028,國立臺北藝術大學,N 職,M 碩士,193,64,129,17,40,19,31,12,25,8,18,8,15,0,0,0,0,0,0,30 臺北市,1 一般
112,0028,國立臺北藝術大學,D 日,B 學士,1797,661,1136,152,258,143,249,135,255,137,242,0,0,0,0,0,0,94,132,30 臺北市,1 一般
112,0028,國立臺北藝術大學,D 日,5 七年,83,39,44,14,15,12,14,13,15,0,0,0,0,0,0,0,0,0,0,30 臺北市,1 一般
112,0029,國立臺灣藝術大學,D 日,D 博士,158,82,76,15,12,22,12,18,13,7,13,8,13,7,9,5,4,0,0,01 新北市,1 一般
112,0029,國立臺灣藝術大學,D 日,M 碩士,792,281,511,82,161,75,135,67,137,57,78,0,0,0,0,0,0,0,0,01 新北市,1 一般
112,0029,國立臺灣藝術大學,N 職,M 碩士,391,159,232,41,58,38,52,26,64,27,32,17,18,10,8,0,0,0,0,01 新北市,1 一般
112,0029,國立臺灣藝術大學,D 日,B 學士,2407,681,1726,162,423,150,422,156,365,146,367,0,0,0,0,0,0,67,149,01 新北市,1 一般
112,0029,國立臺灣藝術大學,P 進,B 學士,1515,477,1038,102,245,111,227,102,256,103,221,0,0,0,0,0,0,59,89,01 新北市,1 一般
112,0029,國立臺灣藝術大學,N 修,C 二技,329,77,252,0,0,0,0,28,113,35,106,0,0,0,0,0,0,14,33,01 新北市,2 技職
112,0030,國立臺東大學,D 日,D 博士,50,23,27,9,2,2,7,2,5,5,3,2,1,0,7,3,2,0,0,14 臺東縣,1 一般
112,0030,國立臺東大學,D 日,M 碩士,371,138,233,54,82,38,58,30,58,12,27,4,8,0,0,0,0,0,0,14 臺東縣,1 一般
112,0030,國立臺東大學,N 職,M 碩士,664,182,482,74,153,35,152,32,73,21,46,13,34,4,13,3,11,0,0,14 臺東縣,1 一般
112,0030,國立臺東大學,D 日,B 學士,3674,1857,1817,503,464,411,383,424,449,426,434,0,0,0,0,0,0,93,87,14 臺東縣,1 一般
112,0030,國立臺東大學,P 進,B 學士,246,103,143,24,54,19,27,31,24,18,31,0,0,0,0,0,0,11,7,14 臺東縣,1 一般
112,0030,國立臺東大學,N 修,C 二技,116,39,77,0,0,0,0,16,38,18,36,0,0,0,0,0,0,5,3,14 臺東縣,2 技職
112,0031,國立宜蘭大學,D 日,D 博士,16,10,6,1,2,1,1,4,1,0,0,3,1,1,1,0,0,0,0,02 宜蘭縣,1 一般
112,0031,國立宜蘭大學,D 日,M 碩士,546,358,188,144,86,131,66,61,24,21,10,1,1,0,1,0,0,0,0,02 宜蘭縣,1 一般
112,0031,國立宜蘭大學,N 職,M 碩士,171,116,55,37,18,43,25,18,6,7,1,7,1,4,4,0,0,0,0,02 宜蘭縣,1 一般
112,0031,國立宜蘭大學,D 日,B 學士,4478,2866,1612,724,385,678,406,732,410,612,370,0,0,0,0,0,0,120,41,02 宜蘭縣,1 一般
112,0031,國立宜蘭大學,P 進,B 學士,381,252,129,56,36,66,24,66,25,49,35,0,0,0,0,0,0,15,9,02 宜蘭縣,1 一般
112,0032,國立聯合大學,D 日,D 博士,21,17,4,4,1,1,2,4,0,2,1,4,0,1,0,1,0,0,0,05 苗栗縣,1 一般
112,0032,國立聯合大學,D 日,M 碩士,442,308,134,144,70,106,33,42,17,14,14,1,0,1,0,0,0,0,0,05 苗栗縣,1 一般
112,0032,國立聯合大學,N 職,M 碩士,49,31,18,21,8,9,10,0,0,0,0,1,0,0,0,0,0,0,0,05 苗栗縣,1 一般
112,0032,國立聯合大學,D 日,B 學士,6179,4324,1855,1082,457,1050,438,1022,462,960,469,18,10,0,0,0,0,192,19,05 苗栗縣,1 一般
112,0032,國立聯合大學,P 進,B 學士,1020,758,262,225,57,189,62,149,65,125,58,0,0,0,0,0,0,70,20,05 苗栗縣,1 一般
112,0033,國立虎尾科技大學,D 日,D 博士,53,44,9,9,2,6,4,6,2,11,1,5,0,3,0,4,0,0,0,09 雲林縣,2 技職
112,0033,國立虎尾科技大學,D 日,M 碩士,1041,856,185,411,82,338,84,86,15,21,4,0,0,0,0,0,0,0,0,09 雲林縣,2 技職
112,0033,國立虎尾科技大學,N 職,M 碩士,197,133,64,48,36,39,22,26,3,16,2,4,1,0,0,0,0,0,0,09 雲林縣,2 技職
112,0033,國立虎尾科技大學,D 日,B 四技,7502,5734,1768,1451,473,1452,401,1364,436,1283,429,0,0,0,0,0,0,184,29,09 雲林縣,2 技職
112,0033,國立虎尾科技大學,N 修,B 四技,2056,1700,356,474,95,392,80,418,85,336,83,0,0,0,0,0,0,80,13,09 雲林縣,2 技職
112,0033,國立虎尾科技大學,D 日,C 二技,238,190,48,0,0,0,0,90,20,88,26,0,0,0,0,0,0,12,2,09 雲林縣,2 技職
112,0033,國立虎尾科技大學,N 修,C 二技,170,122,48,0,0,0,0,68,25,51,21,0,0,0,0,0,0,3,2,09 雲林縣,2 技職
112,0033,國立虎尾科技大學,D 日,2 二專,78,77,1,37,0,29,1,0,0,0,0,0,0,0,0,0,0,11,0,09 雲林縣,2 技職
112,0033,國立虎尾科技大學,D 日,5 五專,358,308,50,76,13,69,14,57,10,70,9,30,4,0,0,0,0,6,0,09 雲林縣,2 技職
112,0035,國立臺南藝術大學,D 日,D 博士,67,26,41,3,10,2,11,8,7,4,6,3,2,3,2,3,3,0,0,11 臺南市,1 一般
112,0035,國立臺南藝術大學,D 日,M 碩士,553,203,350,53,94,56,82,57,87,36,85,0,0,1,1,0,1,0,0,11 臺南市,1 一般
112,0035,國立臺南藝術大學,N 職,M 碩士,54,11,43,1,14,2,11,4,6,2,3,0,3,1,2,1,4,0,0,11 臺南市,1 一般
112,0035,國立臺南藝術大學,D 日,B 學士,802,280,522,76,120,68,115,63,111,45,133,0,0,0,0,0,0,28,43,11 臺南市,1 一般
112,0035,國立臺南藝術大學,D 日,5 七年,162,59,103,21,33,15,39,23,31,0,0,0,0,0,0,0,0,0,0,11 臺南市,1 一般
112,0036,國立臺南大學,D 日,D 博士,141,58,83,8,17,8,17,8,14,11,8,5,11,3,7,15,9,0,0,21 臺南市,1 一般
112,0036,國立臺南大學,D 日,M 碩士,1034,424,610,160,206,129,169,66,124,66,106,2,4,1,1,0,0,0,0,21 臺南市,1 一般
112,0036,國立臺南大學,N 職,M 碩士,635,205,430,80,143,69,127,28,75,16,67,11,17,1,1,0,0,0,0,21 臺南市,1 一般
112,0036,國立臺南大學,D 日,B 學士,3962,1794,2168,431,552,433,534,422,535,432,491,0,0,0,0,0,0,76,56,21 臺南市,1 一般
112,0036,國立臺南大學,P 進,B 學士,189,113,76,33,11,30,15,18,25,26,18,0,0,0,0,0,0,6,7,21 臺南市,1 一般
112,0037,國立臺北教育大學,D 日,D 博士,138,55,83,10,14,8,15,6,11,3,10,9,7,3,10,16,16,0,0,30 臺北市,3 師範
112,0037,國立臺北教育大學,D 日,M 碩士,1460,412,1048,101,280,113,278,96,216,67,180,14,45,12,28,9,21,0,0,30 臺北市,3 師範
112,0037,國立臺北教育大學,N 職,M 碩士,1145,275,870,95,268,69,261,57,152,34,118,10,27,10,44,0,0,0,0,30 臺北市,3 師範
112,0037,國立臺北教育大學,D 日,B 學士,3352,1119,2233,279,535,248,558,268,524,275,534,0,0,0,0,0,0,49,82,30 臺北市,3 師範
112,0039,國立臺中教育大學,D 日,D 博士,108,43,65,4,12,2,13,7,11,7,9,5,5,1,6,17,9,0,0,19 臺中市,3 師範
112,0039,國立臺中教育大學,D 日,M 碩士,943,279,664,91,224,76,185,58,140,44,75,6,24,4,16,0,0,0,0,19 臺中市,3 師範
112,0039,國立臺中教育大學,N 職,M 碩士,756,149,607,51,190,50,155,19,111,14,72,10,48,5,31,0,0,0,0,19 臺中市,3 師範
112,0039,國立臺中教育大學,D 日,B 學士,3283,1141,2142,250,534,286,520,292,499,256,510,0,0,0,0,0,0,57,79,19 臺中市,3 師範
112,0042,國立澎湖科技大學,D 日,M 碩士,68,31,37,12,16,11,13,5,5,3,3,0,0,0,0,0,0,0,0,16 澎湖縣,2 技職
112,0042,國立澎湖科技大學,N 職,M 碩士,43,24,19,9,8,13,9,1,2,1,0,0,0,0,0,0,0,0,0,16 澎湖縣,2 技職
112,0042,國立澎湖科技大學,D 日,B 四技,2270,1441,829,336,181,311,189,345,183,348,244,0,0,0,0,0,0,101,32,16 澎湖縣,2 技職
112,0042,國立澎湖科技大學,N 修,B 四技,215,108,107,35,27,26,18,18,28,22,29,0,0,0,0,0,0,7,5,16 澎湖縣,2 技職
112,0042,國立澎湖科技大學,D 日,5 五專,106,99,7,21,3,29,2,28,0,11,0,8,2,0,0,0,0,2,0,16 澎湖縣,2 技職
112,0043,國立勤益科技大學,D 日,D 博士,63,54,9,9,2,12,3,14,1,11,1,6,1,1,0,1,1,0,0,06 臺中市,2 技職
112,0043,國立勤益科技大學,D 日,M 碩士,702,514,188,217,75,207,86,80,26,9,1,1,0,0,0,0,0,0,0,06 臺中市,2 技職
112,0043,國立勤益科技大學,N 職,M 碩士,314,248,66,104,26,78,31,36,6,22,2,6,1,2,0,0,0,0,0,06 臺中市,2 技職
112,0043,國立勤益科技大學,D 日,B 四技,7095,4902,2193,1357,561,1205,583,1106,517,1024,472,0,0,0,0,0,0,210,60,06 臺中市,2 技職
112,0043,國立勤益科技大學,N 修,B 四技,3638,3099,539,857,131,730,134,690,128,651,122,0,0,0,0,0,0,171,24,06 臺中市,2 技職
112,0043,國立勤益科技大學,D 日,C 二技,128,101,27,0,0,0,0,43,13,18,0,37,14,0,0,0,0,3,0,06 臺中市,2 技職
112,0043,國立勤益科技大學,N 修,C 二技,422,328,94,0,0,0,0,175,49,139,42,0,0,0,0,0,0,14,3,06 臺中市,2 技職
112,0043,國立勤益科技大學,N 修,2 二專,241,180,61,88,34,61,18,0,0,0,0,0,0,0,0,0,0,31,9,06 臺中市,2 技職
112,0044,國立體育大學,D 日,D 博士,139,92,47,11,6,11,11,15,9,13,8,18,3,11,4,13,6,0,0,03 桃園市,1 一般
112,0044,國立體育大學,D 日,M 碩士,371,208,163,82,46,54,62,44,36,28,19,0,0,0,0,0,0,0,0,03 桃園市,1 一般
112,0044,國立體育大學,N 職,M 碩士,237,125,112,41,38,32,42,24,19,12,8,10,3,6,2,0,0,0,0,03 桃園市,1 一般
112,0044,國立體育大學,D 日,B 學士,1942,1178,764,296,191,266,197,273,173,245,158,0,0,0,0,0,0,98,45,03 桃園市,1 一般
112,0044,國立體育大學,N 修,C 二年制,70,45,25,0,0,0,0,18,6,21,16,0,0,0,0,0,0,6,3,03 桃園市,1 一般
112,0046,國立臺北護理健康大學,D 日,D 博士,79,5,74,1,13,1,14,1,11,1,17,1,11,0,3,0,5,0,0,30 臺北市,2 技職
112,0046,國立臺北護理健康大學,D 日,M 碩士,563,92,471,36,145,28,147,19,95,9,84,0,0,0,0,0,0,0,0,30 臺北市,2 技職
112,0046,國立臺北護理健康大學,N 職,M 碩士,197,33,164,11,48,12,38,5,50,5,28,0,0,0,0,0,0,0,0,30 臺北市,2 技職
112,0046,國立臺北護理健康大學,D 日,B 四技,2785,726,2059,188,530,169,511,156,481,172,470,0,0,0,0,0,0,41,67,30 臺北市,2 技職
112,0046,國立臺北護理健康大學,D 日,C 二技,958,93,865,0,0,0,0,46,452,45,393,0,0,0,0,0,0,2,20,30 臺北市,2 技職
112,0046,國立臺北護理健康大學,N 修,C 二技,693,48,645,0,0,0,0,24,216,17,189,7,223,0,0,0,0,0,17,30 臺北市,2 技職
112,0047,國立高雄餐旅大學,D 日,D 博士,37,22,15,5,2,2,2,3,4,5,2,3,3,2,1,2,1,0,0,50 高雄市,2 技職
112,0047,國立高雄餐旅大學,D 日,M 碩士,129,46,83,19,28,16,38,6,11,5,6,0,0,0,0,0,0,0,0,50 高雄市,2 技職
112,0047,國立高雄餐旅大學,N 職,M 碩士,22,6,16,1,7,3,5,0,3,2,1,0,0,0,0,0,0,0,0,50 高雄市,2 技職
112,0047,國立高雄餐旅大學,D 日,B 四技,2834,941,1893,228,439,224,461,241,478,236,499,0,0,0,0,0,0,12,16,50 高雄市,2 技職
112,0047,國立高雄餐旅大學,N 修,B 四技,845,332,513,76,101,68,126,107,152,76,130,0,0,0,0,0,0,5,4,50 高雄市,2 技職
112,0047,國立高雄餐旅大學,D 日,C 二技,57,22,35,0,0,0,0,6,10,16,22,0,0,0,0,0,0,0,3,50 高雄市,2 技職
112,0047,國立高雄餐旅大學,N 修,C 二技,128,34,94,0,0,0,0,17,44,17,49,0,0,0,0,0,0,0,1,50 高雄市,2 技職
112,0047,國立高雄餐旅大學,D 日,5 五專,251,94,157,18,36,19,31,16,29,17,33,22,27,0,0,0,0,2,1,50 高雄市,2 技職
112,0048,國立金門大學,D 日,D 博士,4,2,2,1,1,1,1,0,0,0,0,0,0,0,0,0,0,0,0,71 金門縣,1 一般
112,0048,國立金門大學,D 日,M 碩士,225,126,99,53,41,47,47,18,6,8,5,0,0,0,0,0,0,0,0,71 金門縣,1 一般
112,0048,國立金門大學,N 職,M 碩士,77,44,33,23,12,11,15,5,4,5,2,0,0,0,0,0,0,0,0,71 金門縣,1 一般
112,0048,國立金門大學,D 日,B 學士,3043,1605,1438,404,366,332,345,398,368,379,300,22,18,0,0,0,0,70,41,71 金門縣,1 一般
112,0048,國立金門大學,P 進,B 學士,701,377,324,87,64,73,77,99,73,72,85,0,0,0,0,0,0,46,25,71 金門縣,1 一般
112,0049,國立臺灣體育運動大學,D 日,D 博士,19,10,9,4,0,2,2,2,3,2,4,0,0,0,0,0,0,0,0,19 臺中市,1 一般
112,0049,國立臺灣體育運動大學,D 日,M 碩士,287,146,141,52,36,35,49,23,31,22,14,9,9,5,2,0,0,0,0,19 臺中市,1 一般
112,0049,國立臺灣體育運動大學,N 職,M 碩士,139,89,50,23,21,28,9,19,13,14,6,1,1,2,0,2,0,0,0,19 臺中市,1 一般
112,0049,國立臺灣體育運動大學,D 日,B 學士,2356,1386,970,338,243,338,226,315,211,292,243,0,0,0,0,0,0,103,47,19 臺中市,1 一般
112,0049,國立臺灣體育運動大學,P 進,B 學士,348,242,106,71,26,57,27,45,26,52,22,0,0,0,0,0,0,17,5,19 臺中市,1 一般
112,0050,國立臺中科技大學,D 日,D 博士,5,3,2,3,2,0,0,0,0,0,0,0,0,0,0,0,0,0,0,19 臺中市,2 技職
112,0050,國立臺中科技大學,D 日,M 碩士,419,160,259,54,114,69,90,23,36,14,19,0,0,0,0,0,0,0,0,19 臺中市,2 技職
112,0050,國立臺中科技大學,N 職,M 碩士,282,106,176,55,68,36,80,9,22,6,6,0,0,0,0,0,0,0,0,19 臺中市,2 技職
112,0050,國立臺中科技大學,D 日,B 四技,5694,1999,3695,545,938,535,889,458,894,393,890,0,0,0,0,0,0,68,84,19 臺中市,2 技職
112,0050,國立臺中科技大學,N 修,B 四技,2276,811,1465,258,456,185,332,161,301,155,302,0,0,0,0,0,0,52,74,19 臺中市,2 技職
112,0050,國立臺中科技大學,D 日,C 二技,1273,332,941,0,0,0,0,141,458,172,439,0,0,0,0,0,0,19,44,19 臺中市,2 技職
112,0050,國立臺中科技大學,N 修,C 二技,1531,515,1016,0,0,0,0,277,487,200,491,0,0,0,0,0,0,38,38,19 臺中市,2 技職
112,0050,國立臺中科技大學,N 修,2 二專,805,292,513,116,223,143,234,0,0,0,0,0,0,0,0,0,0,33,56,19 臺中市,2 技職
112,0050,國立臺中科技大學,D 日,5 五專,3704,1069,2635,216,566,229,523,214,509,190,510,190,464,0,0,0,0,30,63,19 臺中市,2 技職
112,0051,國立臺北商業大學,D 日,D 博士,10,7,3,1,2,3,0,2,0,1,1,0,0,0,0,0,0,0,0,30 臺北市,2 技職
112,0051,國立臺北商業大學,D 日,M 碩士,320,125,195,40,91,64,93,17,10,4,1,0,0,0,0,0,0,0,0,30 臺北市,2 技職
112,0051,國立臺北商業大學,N 職,M 碩士,135,57,78,30,35,17,33,1,1,9,9,0,0,0,0,0,0,0,0,30 臺北市,2 技職
112,0051,國立臺北商業大學,D 日,B 四技,2367,800,1567,201,377,197,371,194,383,181,402,0,0,0,0,0,0,27,34,30 臺北市,2 技職
112,0051,國立臺北商業大學,N 修,B 四技,929,360,569,96,150,86,131,83,137,78,135,0,0,0,0,0,0,17,16,30 臺北市,2 技職
112,0051,國立臺北商業大學,D 日,C 二技,571,144,427,0,0,0,0,81,193,59,215,0,0,0,0,0,0,4,19,30 臺北市,2 技職
112,0051,國立臺北商業大學,N 修,C 二技,784,272,512,0,0,0,0,115,236,130,244,0,0,0,0,0,0,27,32,30 臺北市,2 技職
112,0051,國立臺北商業大學,N 修,2 二專,138,57,81,21,20,23,49,0,0,0,0,0,0,0,0,0,0,13,12,30 臺北市,2 技職
112,0051,國立臺北商業大學,D 日,5 五專,1745,518,1227,111,243,102,245,103,236,91,240,87,232,0,0,0,0,24,31,30 臺北市,2 技職
112,0052,國立屏東大學,D 日,D 博士,46,23,23,4,4,2,3,3,5,6,5,3,3,3,1,2,2,0,0,13 屏東縣,1 一般
112,0052,國立屏東大學,D 日,M 碩士,920,330,590,111,219,122,154,65,121,32,96,0,0,0,0,0,0,0,0,13 屏東縣,1 一般
112,0052,國立屏東大學,N 職,M 碩士,697,198,499,61,150,57,127,42,93,21,57,10,37,7,35,0,0,0,0,13 屏東縣,1 一般
112,0052,國立屏東大學,D 日,B 學士,6562,2918,3644,726,899,748,842,695,914,641,896,0,0,0,0,0,0,108,93,13 屏東縣,1 一般
112,0052,國立屏東大學,P 進,B 學士,634,315,319,54,48,56,42,83,97,88,110,0,0,0,0,0,0,34,22,13 屏東縣,1 一般
112,0053,國立高雄科技大學,D 日,D 博士,564,418,146,78,23,85,44,79,35,51,23,52,8,28,6,45,7,0,0,50 高雄市,2 技職
112,0053,國立高雄科技大學,D 日,M 碩士,2608,1733,875,764,377,747,384,145,78,77,36,0,0,0,0,0,0,0,0,50 高雄市,2 技職
112,0053,國立高雄科技大學,N 職,M 碩士,1943,1212,731,488,312,432,298,136,64,80,35,52,10,24,12,0,0,0,0,50 高雄市,2 技職
112,0053,國立高雄科技大學,D 日,B 四技,17471,10885,6586,2709,1617,2643,1577,2553,1670,2575,1590,0,0,0,0,0,0,405,132,50 高雄市,2 技職
112,0053,國立高雄科技大學,N 修,B 四技,3527,2395,1132,534,254,518,228,546,279,506,288,0,0,0,0,0,0,291,83,50 高雄市,2 技職
112,0053,國立高雄科技大學,D 日,C 二技,454,327,127,0,0,0,0,177,51,114,62,0,0,0,0,0,0,36,14,50 高雄市,2 技職
112,0053,國立高雄科技大學,N 修,C 二技,342,188,154,0,0,0,0,159,125,24,28,0,0,0,0,0,0,5,1,50 高雄市,2 技職
112,0053,國立高雄科技大學,D 日,5 五專,874,705,169,159,29,143,35,130,33,98,34,130,32,0,0,0,0,45,6,50 高雄市,2 技職
112,0144,國立臺灣戲曲學院,D 日,B 四技,501,189,312,39,84,48,70,46,67,46,77,0,0,0,0,0,0,10,14,30 臺北市,2 技職
112,0221,國立臺南護理專科學校,D 日,2 二專,67,4,63,2,28,2,32,0,0,0,0,0,0,0,0,0,0,0,3,21 臺南市,2 技職
112,0221,國立臺南護理專科學校,N 修,2 二專,38,5,33,2,14,3,19,0,0,0,0,0,0,0,0,0,0,0,0,21 臺南市,2 技職
112,0221,國立臺南護理專科學校,D 日,5 五專,1878,195,1683,49,357,45,351,33,351,37,316,29,294,0,0,0,0,2,14,21 臺南市,2 技職
112,0222,國立臺東專科學校,D 日,2 二專,412,303,109,174,57,122,50,0,0,0,0,0,0,0,0,0,0,7,2,14 臺東縣,2 技職
112,0222,國立臺東專科學校,N 修,2 二專,87,45,42,27,18,18,22,0,0,0,0,0,0,0,0,0,0,0,2,14 臺東縣,2 技職
112,0222,國立臺東專科學校,D 日,5 五專,187,102,85,16,15,12,22,21,12,19,11,23,20,0,0,0,0,11,5,14 臺東縣,2 技職
112,1001,東海大學,D 日,D 博士,249,148,101,23,21,23,8,24,12,19,13,11,20,20,8,28,19,0,0,19 臺中市,1 一般
112,1001,東海大學,D 日,M 碩士,1379,687,692,263,249,190,223,114,126,107,91,6,2,7,1,0,0,0,0,19 臺中市,1 一般
112,1001,東海大學,N 職,M 碩士,753,355,398,117,140,90,125,61,62,35,36,28,21,24,14,0,0,0,0,19 臺中市,1 一般
112,1001,東海大學,D 日,B 學士,12951,5896,7055,1407,1696,1398,1629,1449,1734,1333,1705,9,20,0,0,0,0,300,271,19 臺中市,1 一般
112,1001,東海大學,P 進,B 學士,250,107,143,18,34,15,19,21,28,25,32,12,19,0,0,0,0,16,11,19 臺中市,1 一般
112,1002,輔仁大學,D 日,D 博士,428,235,193,51,20,41,36,27,31,32,31,24,27,35,20,25,28,0,0,01 新北市,1 一般
112,1002,輔仁大學,D 日,M 碩士,1939,746,1193,281,387,239,397,134,241,89,165,1,2,2,1,0,0,0,0,01 新北市,1 一般
112,1002,輔仁大學,N 職,M 碩士,1498,584,914,209,295,194,257,80,149,52,104,29,69,20,40,0,0,0,0,01 新北市,1 一般
112,1002,輔仁大學,D 日,B 學士,18048,7332,10716,1712,2519,1732,2547,1782,2601,1577,2594,35,17,40,12,0,0,454,426,01 新北市,1 一般
112,1002,輔仁大學,P 進,B 學士,3677,1498,2179,316,434,312,431,383,560,340,526,0,0,0,0,0,0,147,228,01 新北市,1 一般
112,1002,輔仁大學,N 修,C 二技,42,3,39,0,0,0,0,1,20,2,19,0,0,0,0,0,0,0,0,01 新北市,2 技職
112,1003,東吳大學,D 日,D 博士,113,63,50,9,7,10,4,8,8,12,5,6,9,5,5,13,12,0,0,30 臺北市,1 一般
112,1003,東吳大學,D 日,M 碩士,1307,590,717,194,221,162,228,120,142,101,121,13,5,0,0,0,0,0,0,30 臺北市,1 一般
112,1003,東吳大學,N 職,M 碩士,1279,595,684,146,168,148,193,94,106,91,86,66,67,50,64,0,0,0,0,30 臺北市,1 一般
112,1003,東吳大學,D 日,B 學士,11909,4730,7179,1121,1659,1093,1607,1078,1711,1037,1706,94,149,0,0,0,0,307,347,30 臺北市,1 一般
112,1003,東吳大學,P 進,B 學士,601,227,374,18,28,24,36,66,99,67,116,40,74,0,0,0,0,12,21,30 臺北市,1 一般
112,1004,中原大學,D 日,D 博士,332,210,122,37,26,39,24,45,23,28,21,17,12,20,11,24,5,0,0,03 桃園市,1 一般
112,1004,中原大學,D 日,M 碩士,1668,932,736,399,285,343,259,107,99,75,81,5,7,3,5,0,0,0,0,03 桃園市,1 一般
112,1004,中原大學,N 職,M 碩士,964,587,377,203,144,187,119,92,51,56,30,25,17,22,13,2,3,0,0,03 桃園市,1 一般
112,1004,中原大學,D 日,B 學士,13732,7135,6597,1621,1540,1704,1543,1620,1595,1600,1511,69,93,0,0,0,0,521,315,03 桃園市,1 一般
112,1005,淡江大學,D 日,D 博士,351,229,122,48,23,37,24,39,22,34,12,29,12,20,15,22,14,0,0,01 新北市,1 一般
112,1005,淡江大學,D 日,M 碩士,1419,765,654,319,270,301,206,109,110,36,68,0,0,0,0,0,0,0,0,01 新北市,1 一般
112,1005,淡江大學,N 職,M 碩士,622,309,313,104,117,101,118,46,33,29,23,18,14,11,8,0,0,0,0,01 新北市,1 一般
112,1005,淡江大學,D 日,B 學士,19466,10426,9040,2337,2003,2339,1980,2484,2333,2437,2274,34,31,0,0,0,0,795,419,01 新北市,1 一般
112,1005,淡江大學,P 進,B 學士,816,492,324,77,36,75,49,140,84,124,85,0,0,0,0,0,0,76,70,01 新北市,1 一般
112,1006,中國文化大學,D 日,D 博士,494,298,196,38,26,32,20,29,28,33,23,31,21,43,13,92,65,0,0,30 臺北市,1 一般
112,1006,中國文化大學,D 日,M 碩士,1518,787,731,186,217,183,160,112,124,118,92,92,64,96,74,0,0,0,0,30 臺北市,1 一般
112,1006,中國文化大學,N 職,M 碩士,565,201,364,47,103,48,95,25,61,21,33,22,26,38,46,0,0,0,0,30 臺北市,1 一般
112,1006,中國文化大學,D 日,B 學士,15975,8296,7679,1358,1161,1308,1290,2060,1988,2089,2115,33,18,0,0,0,0,1448,1107,30 臺北市,1 一般
112,1006,中國文化大學,P 進,B 學士,1139,432,707,102,190,57,157,94,113,77,129,0,0,0,0,0,0,102,118,30 臺北市,1 一般
112,1006,中國文化大學,N 修,C 二技,175,64,111,0,0,0,0,25,38,22,49,12,20,0,0,0,0,5,4,30 臺北市,2 技職
112,1007,逢甲大學,D 日,D 博士,404,278,126,50,23,53,33,54,19,38,20,27,7,18,13,38,11,0,0,19 臺中市,1 一般
112,1007,逢甲大學,D 日,M 碩士,1714,1123,591,498,279,420,213,147,71,52,24,4,3,2,1,0,0,0,0,19 臺中市,1 一般
112,1007,逢甲大學,N 職,M 碩士,1175,711,464,269,208,244,167,84,36,51,30,35,17,28,6,0,0,0,0,19 臺中市,1 一般
112,1007,逢甲大學,D 日,B 學士,17372,10092,7280,2371,1648,2461,1791,2400,1824,2302,1785,53,57,0,0,0,0,505,175,19 臺中市,1 一般
112,1007,逢甲大學,P 進,B 學士,776,471,305,84,52,103,53,118,83,110,84,0,0,0,0,0,0,56,33,19 臺中市,1 一般
112,1008,靜宜大學,D 日,D 博士,61,25,36,5,7,4,4,6,4,1,9,1,6,3,2,5,4,0,0,06 臺中市,1 一般
112,1008,靜宜大學,D 日,M 碩士,678,248,430,97,158,75,128,46,90,27,50,3,1,0,3,0,0,0,0,06 臺中市,1 一般
112,1008,靜宜大學,N 職,M 碩士,376,142,234,49,76,36,78,22,33,18,22,7,9,10,16,0,0,0,0,06 臺中市,1 一般
112,1008,靜宜大學,D 日,B 學士,9872,3893,5979,814,1180,841,1279,978,1544,968,1633,0,0,0,0,0,0,292,343,06 臺中市,1 一般
112,1009,長庚大學,D 日,D 博士,454,275,179,46,35,40,34,40,30,27,24,34,14,28,15,60,27,0,0,03 桃園市,1 一般
112,1009,長庚大學,D 日,M 碩士,1199,552,647,229,253,198,222,82,98,40,48,3,14,0,12,0,0,0,0,03 桃園市,1 一般
112,1009,長庚大學,N 職,M 碩士,178,90,88,34,38,31,37,10,7,6,3,7,1,2,2,0,0,0,0,03 桃園市,1 一般
112,1009,長庚大學,D 日,B 學士,5272,2491,2781,551,689,556,611,539,651,572,567,79,84,94,72,25,32,75,75,03 桃園市,1 一般
112,1010,元智大學,D 日,D 博士,238,176,62,39,10,16,15,36,11,22,5,26,10,20,7,17,4,0,0,03 桃園市,1 一般
112,1010,元智大學,D 日,M 碩士,820,512,308,231,125,176,128,73,39,32,16,0,0,0,0,0,0,0,0,03 桃園市,1 一般
112,1010,元智大學,N 職,M 碩士,525,312,213,98,70,81,82,66,30,23,13,31,11,13,7,0,0,0,0,03 桃園市,1 一般
112,1010,元智大學,D 日,B 學士,7180,4023,3157,958,742,924,731,965,802,934,731,0,0,0,0,0,0,242,151,03 桃園市,1 一般
112,1011,中華大學,D 日,D 博士,58,40,18,6,4,8,6,10,3,7,0,4,1,3,2,2,2,0,0,18 新竹市,1 一般
112,1011,中華大學,D 日,M 碩士,288,187,101,74,47,66,35,30,12,15,5,2,2,0,0,0,0,0,0,18 新竹市,1 一般
112,1011,中華大學,N 職,M 碩士,125,90,35,38,19,33,14,15,2,4,0,0,0,0,0,0,0,0,0,18 新竹市,1 一般
112,1011,中華大學,D 日,B 學士,3099,2134,965,400,164,379,175,503,235,591,284,35,24,0,0,0,0,226,83,18 新竹市,1 一般
112,1011,中華大學,P 進,B 學士,133,82,51,15,8,18,15,22,10,20,14,0,0,0,0,0,0,7,4,18 新竹市,1 一般
112,1011,中華大學,N 修,C 二技,195,126,69,0,0,0,0,23,6,99,62,0,0,0,0,0,0,4,1,18 新竹市,2 技職
112,1012,大葉大學,D 日,D 博士,113,76,37,24,5,12,7,5,9,11,6,10,5,8,4,6,1,0,0,07 彰化縣,1 一般
112,1012,大葉大學,D 日,M 碩士,400,206,194,96,95,58,59,28,27,19,12,5,1,0,0,0,0,0,0,07 彰化縣,1 一般
112,1012,大葉大學,N 職,M 碩士,141,66,75,41,44,14,5,4,15,4,6,0,3,3,2,0,0,0,0,07 彰化縣,1 一般
112,1012,大葉大學,D 日,B 學士,3654,2046,1608,297,229,431,334,512,440,610,523,0,0,0,0,0,0,196,82,07 彰化縣,1 一般
112,1012,大葉大學,P 進,B 學士,194,130,64,21,13,22,11,32,17,36,19,0,0,0,0,0,0,19,4,07 彰化縣,1 一般
112,1012,大葉大學,N 修,C 二技,59,9,50,0,0,0,0,5,8,4,28,0,0,0,0,0,0,0,14,07 彰化縣,2 技職
112,1013,華梵大學,D 日,D 博士,64,29,35,7,7,3,8,1,5,5,4,5,5,5,3,3,3,0,0,01 新北市,1 一般
112,1013,華梵大學,D 日,M 碩士,184,79,105,39,44,19,25,9,18,12,18,0,0,0,0,0,0,0,0,01 新北市,1 一般
112,1013,華梵大學,N 職,M 碩士,231,94,137,45,58,20,38,9,21,8,15,8,3,4,2,0,0,0,0,01 新北市,1 一般
112,1013,華梵大學,D 日,B 學士,544,257,287,81,107,58,76,43,48,59,48,0,0,0,0,0,0,16,8,01 新北市,1 一般
112,1014,義守大學,D 日,D 博士,131,89,42,15,6,17,9,17,7,18,7,9,7,6,3,7,3,0,0,12 高雄市,1 一般
112,1014,義守大學,D 日,M 碩士,377,179,198,86,78,61,75,22,26,10,19,0,0,0,0,0,0,0,0,12 高雄市,1 一般
112,1014,義守大學,N 職,M 碩士,304,203,101,77,45,75,31,18,14,10,7,11,3,12,1,0,0,0,0,12 高雄市,1 一般
112,1014,義守大學,D 日,B 學士,10167,5140,5027,1043,995,1054,1109,1321,1316,1293,1341,43,33,0,0,0,0,386,233,12 高雄市,1 一般
112,1014,義守大學,P 進,B 學士,599,465,134,137,37,104,36,109,29,66,22,0,0,0,0,0,0,49,10,12 高雄市,1 一般
112,1014,義守大學,N 修,C 二技,143,26,117,0,0,0,0,16,59,9,54,0,0,0,0,0,0,1,4,12 高雄市,2 技職
112,1015,世新大學,D 日,D 博士,81,39,42,6,7,9,8,7,10,3,6,6,5,4,3,4,3,0,0,30 臺北市,1 一般
112,1015,世新大學,D 日,M 碩士,473,208,265,84,115,58,82,40,42,26,25,0,1,0,0,0,0,0,0,30 臺北市,1 一般
112,1015,世新大學,N 職,M 碩士,543,274,269,74,89,57,57,45,47,41,43,25,20,32,13,0,0,0,0,30 臺北市,1 一般
112,1015,世新大學,D 日,B 學士,9150,3175,5975,695,1488,785,1421,756,1434,779,1458,0,0,0,0,0,0,160,174,30 臺北市,1 一般
112,1015,世新大學,P 進,B 學士,673,235,438,79,141,44,103,66,127,30,50,0,0,0,0,0,0,16,17,30 臺北市,1 一般
112,1016,銘傳大學,D 日,D 博士,78,35,43,9,11,8,4,3,5,3,6,4,5,2,7,6,5,0,0,30 臺北市,1 一般
112,1016,銘傳大學,D 日,M 碩士,769,292,477,122,171,86,167,49,83,35,56,0,0,0,0,0,0,0,0,30 臺北市,1 一般
112,1016,銘傳大學,N 職,M 碩士,702,282,420,97,140,75,139,35,49,35,39,20,29,20,24,0,0,0,0,30 臺北市,1 一般
112,1016,銘傳大學,D 日,B 學士,15949,6409,9540,1405,1981,1468,2206,1595,2429,1482,2519,29,18,0,0,0,0,430,387,30 臺北市,1 一般
112,1017,實踐大學,D 日,D 博士,25,11,14,1,2,3,0,2,1,1,3,2,7,1,1,1,0,0,0,30 臺北市,1 一般
112,1017,實踐大學,D 日,M 碩士,329,144,185,37,70,41,50,33,34,31,31,2,0,0,0,0,0,0,0,30 臺北市,1 一般
112,1017,實踐大學,N 職,M 碩士,107,20,87,6,28,6,31,3,13,5,15,0,0,0,0,0,0,0,0,30 臺北市,1 一般
112,1017,實踐大學,D 日,B 學士,9112,3096,6016,631,1349,675,1226,752,1491,745,1530,14,25,0,0,0,0,279,395,30 臺北市,1 一般
112,1017,實踐大學,P 進,B 學士,1107,351,756,47,115,58,128,78,199,97,219,0,0,0,0,0,0,71,95,30 臺北市,1 一般
112,1017,實踐大學,N 修,C 二技,74,14,60,0,0,0,0,10,36,4,18,0,0,0,0,0,0,0,6,30 臺北市,2 技職
112,1018,朝陽科技大學,D 日,D 博士,99,68,31,9,5,18,10,16,7,10,5,8,1,2,3,5,0,0,0,06 臺中市,2 技職
112,1018,朝陽科技大學,D 日,M 碩士,609,321,288,135,111,117,103,49,42,19,28,1,3,0,0,0,1,0,0,06 臺中市,2 技職
112,1018,朝陽科技大學,N 職,M 碩士,251,117,134,44,38,24,27,9,19,16,20,17,12,6,15,1,3,0,0,06 臺中市,2 技職
112,1018,朝陽科技大學,D 日,B 四技,11082,4914,6168,1215,1592,1203,1450,1140,1479,1084,1470,0,0,0,0,0,0,272,177,06 臺中市,2 技職
112,1018,朝陽科技大學,N 修,B 四技,1168,566,602,88,99,118,100,121,144,158,185,0,0,0,0,0,0,81,74,06 臺中市,2 技職
112,1018,朝陽科技大學,D 日,C 二技,24,13,11,0,0,0,0,1,2,8,6,0,0,0,0,0,0,4,3,06 臺中市,2 技職
112,1019,高雄醫學大學,D 日,D 博士,309,167,142,45,29,36,24,29,25,21,23,16,16,14,13,6,12,0,0,50 高雄市,1 一般
112,1019,高雄醫學大學,D 日,M 碩士,703,226,477,97,197,75,169,43,77,10,33,1,1,0,0,0,0,0,0,50 高雄市,1 一般
112,1019,高雄醫學大學,N 職,M 碩士,221,92,129,37,52,35,51,16,18,4,7,0,1,0,0,0,0,0,0,50 高雄市,1 一般
112,1019,高雄醫學大學,D 日,B 學士,5388,2242,3146,440,755,497,701,477,680,444,721,190,139,151,81,0,0,43,69,50 高雄市,1 一般
112,1020,南華大學,D 日,D 博士,47,30,17,6,3,5,3,3,3,7,3,5,4,0,1,4,0,0,0,10 嘉義縣,1 一般
112,1020,南華大學,D 日,M 碩士,517,194,323,100,142,42,81,29,50,22,50,1,0,0,0,0,0,0,0,10 嘉義縣,1 一般
112,1020,南華大學,N 職,M 碩士,388,142,246,61,108,41,55,15,38,17,28,8,17,0,0,0,0,0,0,10 嘉義縣,1 一般
112,1020,南華大學,D 日,B 學士,3667,1682,1985,383,517,370,460,406,481,406,464,0,0,0,0,0,0,117,63,10 嘉義縣,1 一般
112,1020,南華大學,P 進,B 學士,275,172,103,61,32,25,21,36,23,36,20,0,0,0,0,0,0,14,7,10 嘉義縣,1 一般
112,1021,真理大學,D 日,M 碩士,124,65,59,21,19,22,21,11,11,7,6,4,0,0,2,0,0,0,0,01 新北市,1 一般
112,1021,真理大學,N 職,M 碩士,10,5,5,5,1,0,1,0,1,0,1,0,1,0,0,0,0,0,0,01 新北市,1 一般
112,1021,真理大學,D 日,B 學士,3146,1647,1499,206,165,309,291,434,421,537,514,0,0,0,0,0,0,161,108,01 新北市,1 一般
112,1021,真理大學,P 進,B 學士,1,0,1,0,0,0,0,0,0,0,0,0,0,0,0,0,0,0,1,01 新北市,1 一般
112,1022,大同大學,D 日,D 博士,101,72,29,17,4,11,6,15,0,10,4,10,6,2,6,7,3,0,0,30 臺北市,1 一般
112,1022,大同大學,D 日,M 碩士,232,139,93,53,39,53,36,25,10,8,8,0,0,0,0,0,0,0,0,30 臺北市,1 一般
112,1022,大同大學,N 職,M 碩士,127,95,32,36,10,27,16,18,2,6,1,8,3,0,0,0,0,0,0,30 臺北市,1 一般
112,1022,大同大學,D 日,B 學士,3143,1997,1146,454,252,404,243,523,319,488,287,0,0,0,0,0,0,128,45,30 臺北市,1 一般
112,1023,南臺科技大學,D 日,D 博士,81,55,26,15,7,11,4,8,7,5,3,8,1,4,3,4,1,0,0,11 臺南市,2 技職
112,1023,南臺科技大學,D 日,M 碩士,726,427,299,194,115,128,106,70,48,21,22,7,5,7,3,0,0,0,0,11 臺南市,2 技職
112,1023,南臺科技大學,N 職,M 碩士,288,131,157,47,68,52,53,10,14,11,8,7,9,4,5,0,0,0,0,11 臺南市,2 技職
112,1023,南臺科技大學,D 日,B 四技,10918,6353,4565,1453,1116,1486,1028,1512,1142,1558,1102,0,0,0,0,0,0,344,177,11 臺南市,2 技職
112,1023,南臺科技大學,N 修,B 四技,2211,1471,740,299,129,253,136,321,153,381,211,0,0,0,0,0,0,217,111,11 臺南市,2 技職
112,1023,南臺科技大學,D 日,C 二技,15,5,10,0,0,0,0,1,2,3,7,0,0,0,0,0,0,1,1,11 臺南市,2 技職
112,1023,南臺科技大學,N 修,C 二技,203,42,161,0,0,0,0,20,92,18,68,0,0,0,0,0,0,4,1,11 臺南市,2 技職
112,1023,南臺科技大學,D 日,5 五專,475,403,72,106,25,87,23,66,9,71,11,59,4,0,0,0,0,14,0,11 臺南市,2 技職
112,1024,崑山科技大學,D 日,D 博士,29,23,6,8,1,2,0,3,1,3,0,4,3,2,1,1,0,0,0,11 臺南市,2 技職
112,1024,崑山科技大學,D 日,M 碩士,280,185,95,82,38,74,42,22,9,7,6,0,0,0,0,0,0,0,0,11 臺南市,2 技職
112,1024,崑山科技大學,N 職,M 碩士,201,130,71,61,34,48,25,8,9,13,3,0,0,0,0,0,0,0,0,11 臺南市,2 技職
112,1024,崑山科技大學,D 日,B 四技,5760,3427,2333,757,594,820,641,848,481,754,490,0,0,0,0,0,0,248,127,11 臺南市,2 技職
112,1024,崑山科技大學,N 修,B 四技,1789,1256,533,292,99,269,101,280,128,295,160,0,0,0,0,0,0,120,45,11 臺南市,2 技職
112,1024,崑山科技大學,D 日,C 二技,24,16,8,0,0,0,0,9,6,5,2,2,0,0,0,0,0,0,0,11 臺南市,2 技職
112,1024,崑山科技大學,N 修,C 二技,318,187,131,0,0,0,0,100,57,85,71,0,0,0,0,0,0,2,3,11 臺南市,2 技職
112,1024,崑山科技大學,D 日,2 二專,12,3,9,0,0,3,9,0,0,0,0,0,0,0,0,0,0,0,0,11 臺南市,2 技職
112,1025,嘉南藥理大學,D 日,M 碩士,139,63,76,30,35,23,30,7,11,3,0,0,0,0,0,0,0,0,0,11 臺南市,2 技職
112,1025,嘉南藥理大學,N 職,M 碩士,146,73,73,32,24,29,34,4,8,3,6,3,1,2,0,0,0,0,0,11 臺南市,2 技職
112,1025,嘉南藥理大學,D 日,B 四技,7249,3066,4183,630,841,613,960,809,1055,778,1068,126,150,0,0,0,0,110,109,11 臺南市,2 技職
112,1025,嘉南藥理大學,N 修,B 四技,946,514,432,128,84,96,79,115,110,122,114,0,0,0,0,0,0,53,45,11 臺南市,2 技職
112,1025,嘉南藥理大學,D 日,C 二技,54,3,51,0,0,0,0,2,20,1,30,0,0,0,0,0,0,0,1,11 臺南市,2 技職
112,1025,嘉南藥理大學,N 修,C 二技,581,107,474,0,0,0,0,67,254,34,201,0,0,0,0,0,0,6,19,11 臺南市,2 技職
112,1025,嘉南藥理大學,D 日,5 五專,281,123,158,71,95,52,63,0,0,0,0,0,0,0,0,0,0,0,0,11 臺南市,2 技職
112,1026,樹德科技大學,D 日,D 博士,21,9,12,1,1,3,4,2,1,1,2,2,4,0,0,0,0,0,0,12 高雄市,2 技職
112,1026,樹德科技大學,D 日,M 碩士,241,101,140,46,46,39,47,13,28,3,19,0,0,0,0,0,0,0,0,12 高雄市,2 技職
112,1026,樹德科技大學,N 職,M 碩士,289,124,165,47,69,32,32,15,22,30,42,0,0,0,0,0,0,0,0,12 高雄市,2 技職
112,1026,樹德科技大學,D 日,B 四技,6036,2691,3345,649,829,599,781,640,795,587,802,0,0,0,0,0,0,216,138,12 高雄市,2 技職
112,1026,樹德科技大學,N 修,B 四技,886,501,385,174,120,97,70,98,88,100,87,0,0,0,0,0,0,32,20,12 高雄市,2 技職
112,1026,樹德科技大學,N 修,C 二技,744,359,385,0,0,0,0,242,248,105,129,0,0,0,0,0,0,12,8,12 高雄市,2 技職
112,1026,樹德科技大學,N 修,2 二專,236,95,141,49,74,44,64,0,0,0,0,0,0,0,0,0,0,2,3,12 高雄市,2 技職
112,1027,慈濟大學,D 日,D 博士,92,47,45,13,12,9,6,5,13,8,6,6,7,3,1,3,0,0,0,15 花蓮縣,1 一般
112,1027,慈濟大學,D 日,M 碩士,369,116,253,48,87,35,70,19,56,14,40,0,0,0,0,0,0,0,0,15 花蓮縣,1 一般
112,1027,慈濟大學,N 職,M 碩士,26,6,20,2,6,1,7,1,2,1,4,1,1,0,0,0,0,0,0,15 花蓮縣,1 一般
112,1027,慈濟大學,D 日,B 學士,2348,958,1390,183,283,188,266,229,342,221,387,66,37,37,20,0,0,34,55,15 花蓮縣,1 一般
112,1028,臺北醫學大學,D 日,D 博士,635,327,308,62,64,73,72,61,61,52,49,33,24,31,22,15,16,0,0,30 臺北市,1 一般
112,1028,臺北醫學大學,D 日,M 碩士,669,234,435,114,181,86,180,25,50,9,24,0,0,0,0,0,0,0,0,30 臺北市,1 一般
112,1028,臺北醫學大學,N 職,M 碩士,312,84,228,32,82,33,76,12,41,7,29,0,0,0,0,0,0,0,0,30 臺北市,1 一般
112,1028,臺北醫學大學,D 日,B 學士,4538,1896,2642,403,563,388,578,388,598,334,610,176,124,165,95,0,0,42,74,30 臺北市,1 一般
112,1029,中山醫學大學,D 日,D 博士,165,111,54,26,10,21,13,23,8,15,5,14,8,4,3,8,7,0,0,19 臺中市,1 一般
112,1029,中山醫學大學,D 日,M 碩士,550,173,377,73,153,67,113,20,67,13,44,0,0,0,0,0,0,0,0,19 臺中市,1 一般
112,1029,中山醫學大學,N 職,M 碩士,151,31,120,10,41,15,48,3,12,2,14,1,5,0,0,0,0,0,0,19 臺中市,1 一般
112,1029,中山醫學大學,D 日,B 學士,6103,2124,3979,424,981,441,820,493,943,450,914,122,100,119,93,0,0,75,128,19 臺中市,1 一般
112,1029,中山醫學大學,N 修,C 二技,116,43,73,0,0,0,0,16,25,17,17,10,29,0,0,0,0,0,2,19 臺中市,2 技職
112,1030,龍華科技大學,D 日,M 碩士,345,238,107,90,32,84,39,36,20,28,16,0,0,0,0,0,0,0,0,03 桃園市,2 技職
112,1030,龍華科技大學,N 職,M 碩士,113,82,31,32,12,40,16,8,2,2,1,0,0,0,0,0,0,0,0,03 桃園市,2 技職
112,1030,龍華科技大學,D 日,B 四技,7187,4987,2200,1127,514,1097,485,1220,470,1181,572,0,0,0,0,0,0,362,159,03 桃園市,2 技職
112,1030,龍華科技大學,N 修,B 四技,2512,1931,581,629,186,426,130,331,102,420,134,0,0,0,0,0,0,125,29,03 桃園市,2 技職
112,1030,龍華科技大學,D 日,C 二技,44,41,3,0,0,0,0,38,2,3,1,0,0,0,0,0,0,0,0,03 桃園市,2 技職
112,1030,龍華科技大學,D 日,2 二專,27,17,10,17,10,0,0,0,0,0,0,0,0,0,0,0,0,0,0,03 桃園市,2 技職
112,1030,龍華科技大學,D 日,5 五專,894,814,80,201,14,178,17,160,17,136,16,126,16,0,0,0,0,13,0,03 桃園市,2 技職
112,1031,輔英科技大學,D 日,M 碩士,159,38,121,23,47,10,38,5,19,0,14,0,3,0,0,0,0,0,0,12 高雄市,2 技職
112,1031,輔英科技大學,N 職,M 碩士,69,1,68,0,16,0,17,0,15,1,16,0,4,0,0,0,0,0,0,12 高雄市,2 技職
112,1031,輔英科技大學,D 日,B 四技,2943,1196,1747,228,322,245,373,326,453,301,488,0,0,0,0,0,0,96,111,12 高雄市,2 技職
112,1031,輔英科技大學,N 修,B 四技,328,251,77,71,26,52,10,52,18,44,18,0,0,0,0,0,0,32,5,12 高雄市,2 技職
112,1031,輔英科技大學,D 日,C 二技,1379,166,1213,0,0,0,0,76,588,87,602,0,0,0,0,0,0,3,23,12 高雄市,2 技職
112,1031,輔英科技大學,N 修,C 二技,942,170,772,0,0,0,0,66,361,77,292,15,23,0,0,0,0,12,96,12 高雄市,2 技職
112,1031,輔英科技大學,D 日,5 五專,2642,320,2322,56,474,72,431,70,438,54,491,58,427,0,0,0,0,10,61,12 高雄市,2 技職
112,1032,明新科技大學,D 日,D 博士,4,4,0,4,0,0,0,0,0,0,0,0,0,0,0,0,0,0,0,04 新竹縣,2 技職
112,1032,明新科技大學,D 日,M 碩士,367,200,167,75,66,89,65,26,23,10,13,0,0,0,0,0,0,0,0,04 新竹縣,2 技職
112,1032,明新科技大學,N 職,M 碩士,320,195,125,96,76,57,39,22,8,12,1,4,1,4,0,0,0,0,0,04 新竹縣,2 技職
112,1032,明新科技大學,D 日,B 四技,6022,3596,2426,813,542,865,604,839,563,726,539,0,0,0,0,0,0,353,178,04 新竹縣,2 技職
112,1032,明新科技大學,N 修,B 四技,2191,1405,786,360,189,283,168,312,170,321,198,0,0,0,0,0,0,129,61,04 新竹縣,2 技職
112,1032,明新科技大學,D 日,C 二技,62,41,21,0,0,0,0,18,5,23,16,0,0,0,0,0,0,0,0,04 新竹縣,2 技職
112,1032,明新科技大學,N 修,C 二技,723,377,346,0,0,0,0,188,173,176,159,0,0,0,0,0,0,13,14,04 新竹縣,2 技職
112,1032,明新科技大學,D 日,2 二專,27,24,3,7,1,17,2,0,0,0,0,0,0,0,0,0,0,0,0,04 新竹縣,2 技職
112,1032,明新科技大學,N 修,2 二專,178,111,67,55,32,51,29,0,0,0,0,0,0,0,0,0,0,5,6,04 新竹縣,2 技職
112,1033,長榮大學,D 日,D 博士,46,31,15,7,4,3,4,6,3,8,3,5,1,1,0,1,0,0,0,11 臺南市,1 一般
112,1033,長榮大學,D 日,M 碩士,224,85,139,36,58,22,36,16,18,10,21,1,6,0,0,0,0,0,0,11 臺南市,1 一般
112,1033,長榮大學,N 職,M 碩士,82,45,37,19,21,14,12,3,1,6,0,3,2,0,1,0,0,0,0,11 臺南市,1 一般
112,1033,長榮大學,D 日,B 學士,5107,2521,2586,454,456,515,523,662,682,735,806,0,0,0,0,0,0,155,119,11 臺南市,1 一般
112,1033,長榮大學,P 進,B 學士,195,158,37,39,9,34,3,46,9,33,14,0,0,0,0,0,0,6,2,11 臺南市,1 一般
112,1034,弘光科技大學,D 日,D 博士,16,1,15,0,3,0,6,1,4,0,0,0,1,0,0,0,1,0,0,06 臺中市,2 技職
112,1034,弘光科技大學,D 日,M 碩士,181,46,135,20,47,21,46,3,20,2,22,0,0,0,0,0,0,0,0,06 臺中市,2 技職
112,1034,弘光科技大學,N 職,M 碩士,91,29,62,8,18,12,19,6,13,3,6,0,5,0,1,0,0,0,0,06 臺中市,2 技職
112,1034,弘光科技大學,D 日,B 四技,6734,2387,4347,568,1025,536,1060,584,1055,551,1003,0,0,0,0,0,0,148,204,06 臺中市,2 技職
112,1034,弘光科技大學,N 修,B 四技,2730,1287,1443,319,368,253,328,287,316,302,337,4,24,0,0,0,0,122,70,06 臺中市,2 技職
112,1034,弘光科技大學,D 日,C 二技,708,55,653,0,0,0,0,34,320,21,332,0,0,0,0,0,0,0,1,06 臺中市,2 技職
112,1034,弘光科技大學,N 修,C 二技,740,81,659,0,0,0,0,29,204,30,245,22,203,0,0,0,0,0,7,06 臺中市,2 技職
112,1034,弘光科技大學,D 日,2 二專,28,12,16,9,11,3,5,0,0,0,0,0,0,0,0,0,0,0,0,06 臺中市,2 技職
112,1034,弘光科技大學,N 修,2 二專,99,11,88,5,42,4,37,0,0,0,0,0,0,0,0,0,0,2,9,06 臺中市,2 技職
112,1034,弘光科技大學,D 日,5 五專,268,29,239,4,54,3,50,5,47,5,42,8,43,0,0,0,0,4,3,06 臺中市,2 技職
112,1035,中國醫藥大學,D 日,D 博士,416,240,176,53,37,53,45,50,34,37,18,14,24,19,8,14,10,0,0,19 臺中市,1 一般
112,1035,中國醫藥大學,D 日,M 碩士,496,165,331,73,160,70,136,17,22,5,12,0,1,0,0,0,0,0,0,19 臺中市,1 一般
112,1035,中國醫藥大學,N 職,M 碩士,81,23,58,11,18,10,22,0,10,1,6,1,2,0,0,0,0,0,0,19 臺中市,1 一般
112,1035,中國醫藥大學,D 日,B 學士,6356,2690,3666,516,785,543,763,523,768,494,762,307,340,178,125,62,48,67,75,19 臺中市,1 一般
112,1036,健行科技大學,D 日,M 碩士,352,184,168,72,77,58,45,27,29,26,17,0,0,0,0,1,0,0,0,03 桃園市,2 技職
112,1036,健行科技大學,N 職,M 碩士,30,14,16,4,6,6,7,2,3,1,0,1,0,0,0,0,0,0,0,03 桃園市,2 技職
112,1036,健行科技大學,D 日,B 四技,5429,3395,2034,758,484,720,457,886,574,756,415,0,0,0,0,0,0,275,104,03 桃園市,2 技職
112,1036,健行科技大學,N 修,B 四技,3061,1931,1130,462,246,423,249,419,306,477,272,0,0,0,0,0,0,150,57,03 桃園市,2 技職
112,1036,健行科技大學,D 日,C 二技,65,35,30,0,0,0,0,13,19,2,0,19,11,0,0,0,0,1,0,03 桃園市,2 技職
112,1036,健行科技大學,N 修,C 二技,464,254,210,0,0,0,0,161,116,89,90,0,0,0,0,0,0,4,4,03 桃園市,2 技職
112,1037,正修科技大學,D 日,D 博士,17,16,1,5,1,3,0,4,0,1,0,3,0,0,0,0,0,0,0,12 高雄市,2 技職
112,1037,正修科技大學,D 日,M 碩士,333,183,150,66,62,85,59,23,16,9,13,0,0,0,0,0,0,0,0,12 高雄市,2 技職
112,1037,正修科技大學,N 職,M 碩士,188,114,74,60,39,44,31,10,3,0,1,0,0,0,0,0,0,0,0,12 高雄市,2 技職
112,1037,正修科技大學,D 日,B 四技,7500,4849,2651,1190,708,1196,646,1184,597,1076,629,0,0,0,0,0,0,203,71,12 高雄市,2 技職
112,1037,正修科技大學,N 修,B 四技,3830,2513,1317,601,327,539,325,524,261,604,314,0,0,0,0,0,0,245,90,12 高雄市,2 技職
112,1037,正修科技大學,D 日,C 二技,69,43,26,0,0,0,0,18,23,0,0,25,3,0,0,0,0,0,0,12 高雄市,2 技職
112,1037,正修科技大學,N 修,C 二技,2519,1311,1208,0,0,0,0,695,563,595,623,0,0,0,0,0,0,21,22,12 高雄市,2 技職
112,1037,正修科技大學,N 修,2 二專,651,402,249,188,114,195,130,0,0,0,0,0,0,0,0,0,0,19,5,12 高雄市,2 技職
112,1037,正修科技大學,D 日,5 五專,380,277,103,58,24,64,29,58,25,47,14,47,10,0,0,0,0,3,1,12 高雄市,2 技職
112,1038,萬能科技大學,D 日,M 碩士,173,92,81,39,32,22,22,15,15,16,12,0,0,0,0,0,0,0,0,03 桃園市,2 技職
112,1038,萬能科技大學,N 職,M 碩士,158,70,88,28,55,34,30,8,3,0,0,0,0,0,0,0,0,0,0,03 桃園市,2 技職
112,1038,萬能科技大學,D 日,B 四技,4982,2776,2206,709,519,686,551,598,485,594,509,0,0,0,0,0,0,189,142,03 桃園市,2 技職
112,1038,萬能科技大學,N 修,B 四技,2106,1220,886,373,238,244,186,283,208,249,219,4,2,0,0,0,0,67,33,03 桃園市,2 技職
112,1038,萬能科技大學,N 修,C 二技,314,160,154,0,0,0,0,86,85,71,68,0,0,0,0,0,0,3,1,03 桃園市,2 技職
112,1038,萬能科技大學,N 修,2 二專,1,0,1,0,0,0,0,0,0,0,0,0,0,0,0,0,0,0,1,03 桃園市,2 技職
112,1039,玄奘大學,D 日,M 碩士,263,97,166,40,34,22,47,18,41,15,38,0,5,1,0,1,1,0,0,18 新竹市,1 一般
112,1039,玄奘大學,N 職,M 碩士,157,51,106,17,29,8,33,10,21,11,13,5,10,0,0,0,0,0,0,18 新竹市,1 一般
112,1039,玄奘大學,D 日,B 學士,1103,441,662,70,104,84,139,101,171,153,206,0,0,0,0,0,0,33,42,18 新竹市,1 一般
112,1039,玄奘大學,N 修,C 二技,28,8,20,0,0,0,0,4,10,4,10,0,0,0,0,0,0,0,0,18 新竹市,2 技職
112,1040,建國科技大學,D 日,M 碩士,98,51,47,15,24,20,19,10,3,6,1,0,0,0,0,0,0,0,0,07 彰化縣,2 技職
112,1040,建國科技大學,D 日,B 四技,2108,1444,664,339,183,319,136,306,135,331,152,0,0,0,0,0,0,149,58,07 彰化縣,2 技職
112,1040,建國科技大學,N 修,B 四技,1284,961,323,174,68,264,62,203,96,239,86,0,0,0,0,0,0,81,11,07 彰化縣,2 技職
112,1040,建國科技大學,N 修,C 二技,289,157,132,0,0,0,0,76,68,74,61,0,0,0,0,0,0,7,3,07 彰化縣,2 技職
112,1040,建國科技大學,D 日,2 二專,9,8,1,0,0,8,1,0,0,0,0,0,0,0,0,0,0,0,0,07 彰化縣,2 技職
112,1040,建國科技大學,N 修,2 二專,66,46,20,30,13,13,6,0,0,0,0,0,0,0,0,0,0,3,1,07 彰化縣,2 技職
112,1041,明志科技大學,D 日,D 博士,62,45,17,18,5,10,7,12,5,4,0,0,0,1,0,0,0,0,0,01 新北市,2 技職
112,1041,明志科技大學,D 日,M 碩士,535,402,133,187,67,147,34,52,21,16,11,0,0,0,0,0,0,0,0,01 新北市,2 技職
112,1041,明志科技大學,N 職,M 碩士,27,23,4,7,1,4,2,8,1,3,0,1,0,0,0,0,0,0,0,01 新北市,2 技職
112,1041,明志科技大學,D 日,B 四技,3594,2555,1039,673,287,600,238,587,264,598,232,0,0,0,0,0,0,97,18,01 新北市,2 技職
112,1041,明志科技大學,N 修,B 四技,109,103,6,17,2,19,1,23,1,18,1,0,0,0,0,0,0,26,1,01 新北市,2 技職
112,1042,高苑科技大學,D 日,M 碩士,42,25,17,0,0,13,6,11,8,1,3,0,0,0,0,0,0,0,0,12 高雄市,2 技職
112,1042,高苑科技大學,N 職,M 碩士,31,25,6,0,0,17,4,5,1,2,1,0,0,1,0,0,0,0,0,12 高雄市,2 技職
112,1042,高苑科技大學,D 日,B 四技,679,403,276,28,8,75,50,127,106,119,93,0,0,0,0,0,0,54,19,12 高雄市,2 技職
112,1042,高苑科技大學,N 修,B 四技,333,270,63,36,8,40,10,69,22,98,23,0,0,0,0,0,0,27,0,12 高雄市,2 技職
112,1042,高苑科技大學,N 修,C 二技,123,71,52,0,0,0,0,23,12,39,39,0,0,0,0,0,0,9,1,12 高雄市,2 技職
112,1042,高苑科技大學,N 修,2 二專,26,14,12,3,6,7,4,0,0,0,0,0,0,0,0,0,0,4,2,12 高雄市,2 技職
112,1042,高苑科技大學,D 日,5 五專,1,0,1,0,1,0,0,0,0,0,0,0,0,0,0,0,0,0,0,12 高雄市,2 技職
112,1043,大仁科技大學,D 日,M 碩士,80,34,46,15,22,17,13,1,10,1,1,0,0,0,0,0,0,0,0,13 屏東縣,2 技職
112,1043,大仁科技大學,N 職,M 碩士,145,75,70,34,41,31,22,5,5,2,0,2,1,1,1,0,0,0,0,13 屏東縣,2 技職
112,1043,大仁科技大學,D 日,B 四技,2318,1051,1267,206,276,218,250,237,260,230,285,82,122,0,0,0,0,78,74,13 屏東縣,2 技職
112,1043,大仁科技大學,N 修,B 四技,78,49,29,16,0,10,8,9,11,5,9,0,0,0,0,0,0,9,1,13 屏東縣,2 技職
112,1043,大仁科技大學,N 修,C 二技,1179,389,790,0,0,0,0,196,418,166,351,0,0,0,0,0,0,27,21,13 屏東縣,2 技職
112,1043,大仁科技大學,N 修,2 二專,63,29,34,6,20,14,11,0,0,0,0,0,0,0,0,0,0,9,3,13 屏東縣,2 技職
112,1044,聖約翰科技大學,D 日,M 碩士,37,29,8,0,0,15,4,7,2,7,2,0,0,0,0,0,0,0,0,01 新北市,2 技職
112,1044,聖約翰科技大學,N 職,M 碩士,57,43,14,18,8,15,4,5,0,4,2,1,0,0,0,0,0,0,0,01 新北市,2 技職
112,1044,聖約翰科技大學,D 日,B 四技,329,199,130,20,22,17,11,44,22,62,46,0,0,0,0,0,0,56,29,01 新北市,2 技職
112,1044,聖約翰科技大學,N 修,B 四技,59,55,4,0,0,14,0,22,3,12,1,0,0,0,0,0,0,7,0,01 新北市,2 技職
112,1044,聖約翰科技大學,N 修,C 二技,54,40,14,0,0,0,0,24,9,13,4,0,0,0,0,0,0,3,1,01 新北市,2 技職
112,1044,聖約翰科技大學,N 修,2 二專,25,17,8,7,3,10,5,0,0,0,0,0,0,0,0,0,0,0,0,01 新北市,2 技職
112,1044,聖約翰科技大學,D 日,5 五專,46,41,5,0,0,0,0,0,0,5,2,28,3,0,0,0,0,8,0,01 新北市,2 技職
112,1045,嶺東科技大學,D 日,M 碩士,239,108,131,50,65,38,42,15,17,5,7,0,0,0,0,0,0,0,0,19 臺中市,2 技職
112,1045,嶺東科技大學,N 職,M 碩士,168,91,77,52,43,29,30,10,4,0,0,0,0,0,0,0,0,0,0,19 臺中市,2 技職
112,1045,嶺東科技大學,D 日,B 四技,5950,2239,3711,539,840,504,883,580,932,515,966,0,0,0,0,0,0,101,90,19 臺中市,2 技職
112,1045,嶺東科技大學,N 修,B 四技,2229,1199,1030,275,245,244,213,276,254,301,258,0,0,0,0,0,0,103,60,19 臺中市,2 技職
112,1045,嶺東科技大學,D 日,C 二技,1,0,1,0,0,0,0,0,0,0,1,0,0,0,0,0,0,0,0,19 臺中市,2 技職
112,1045,嶺東科技大學,N 修,C 二技,94,8,86,0,0,0,0,4,46,4,40,0,0,0,0,0,0,0,0,19 臺中市,2 技職
112,1046,中國科技大學,D 日,M 碩士,163,95,68,44,33,33,17,11,11,7,7,0,0,0,0,0,0,0,0,30 臺北市,2 技職
112,1046,中國科技大學,N 職,M 碩士,55,38,17,22,10,14,7,1,0,1,0,0,0,0,0,0,0,0,0,30 臺北市,2 技職
112,1046,中國科技大學,D 日,B 四技,4457,2079,2378,396,453,468,568,561,619,487,593,0,0,0,0,0,0,167,145,30 臺北市,2 技職
112,1046,中國科技大學,N 修,B 四技,787,456,331,101,72,79,76,118,66,97,79,0,0,0,0,0,0,61,38,30 臺北市,2 技職
112,1046,中國科技大學,N 修,C 二技,551,307,244,0,0,0,0,154,111,142,127,0,0,0,0,0,0,11,6,30 臺北市,2 技職
112,1046,中國科技大學,N 修,2 二專,198,103,95,36,29,53,59,0,0,0,0,0,0,0,0,0,0,14,7,30 臺北市,2 技職
112,1047,中臺科技大學,D 日,D 博士,9,7,2,5,0,0,1,1,1,0,0,0,0,0,0,1,0,0,0,19 臺中市,2 技職
112,1047,中臺科技大學,D 日,M 碩士,128,33,95,17,40,12,33,4,16,0,5,0,1,0,0,0,0,0,0,19 臺中市,2 技職
112,1047,中臺科技大學,N 職,M 碩士,278,43,235,12,72,9,60,14,57,5,33,3,13,0,0,0,0,0,0,19 臺中市,2 技職
112,1047,中臺科技大學,D 日,B 四技,3256,1382,1874,317,404,242,421,352,463,346,460,0,0,0,0,0,0,125,126,19 臺中市,2 技職
112,1047,中臺科技大學,N 修,B 四技,1162,415,747,111,137,80,149,85,180,106,184,15,53,0,0,0,0,18,44,19 臺中市,2 技職
112,1047,中臺科技大學,D 日,C 二技,577,87,490,0,0,0,0,35,265,51,221,0,0,0,0,0,0,1,4,19 臺中市,2 技職
112,1047,中臺科技大學,N 修,C 二技,927,111,816,0,0,0,0,58,464,43,306,9,43,0,0,0,0,1,3,19 臺中市,2 技職
112,1047,中臺科技大學,D 日,2 二專,3,1,2,0,0,0,0,0,0,0,0,0,0,0,0,0,0,1,2,19 臺中市,2 技職
112,1048,亞洲大學,D 日,D 博士,224,134,90,27,23,29,18,21,18,22,12,17,7,12,7,6,5,0,0,06 臺中市,1 一般
112,1048,亞洲大學,D 日,M 碩士,695,263,432,108,176,75,136,44,71,36,49,0,0,0,0,0,0,0,0,06 臺中市,1 一般
112,1048,亞洲大學,N 職,M 碩士,427,197,230,120,129,48,71,22,23,7,7,0,0,0,0,0,0,0,0,06 臺中市,1 一般
112,1048,亞洲大學,D 日,B 學士,9069,3186,5883,803,1517,687,1335,771,1444,729,1409,0,0,0,0,0,0,196,178,06 臺中市,1 一般
112,1048,亞洲大學,P 進,B 學士,443,206,237,54,57,19,41,51,51,50,65,0,0,0,0,0,0,32,23,06 臺中市,1 一般
112,1049,開南大學,D 日,M 碩士,215,84,131,42,64,18,36,12,13,11,18,1,0,0,0,0,0,0,0,03 桃園市,1 一般
112,1049,開南大學,N 職,M 碩士,303,172,131,87,85,43,25,22,11,9,5,8,2,3,3,0,0,0,0,03 桃園市,1 一般
112,1049,開南大學,D 日,B 學士,2700,1365,1335,303,285,296,243,278,304,347,381,0,0,0,0,0,0,141,122,03 桃園市,1 一般
112,1049,開南大學,P 進,B 學士,976,543,433,128,119,119,99,129,99,123,98,0,0,0,0,0,0,44,18,03 桃園市,1 一般
112,1050,佛光大學,D 日,D 博士,71,24,47,7,6,3,6,0,7,4,9,3,6,3,10,4,3,0,0,02 宜蘭縣,1 一般
112,1050,佛光大學,D 日,M 碩士,450,187,263,67,111,52,59,37,43,29,45,0,1,1,2,1,2,0,0,02 宜蘭縣,1 一般
112,1050,佛光大學,N 職,M 碩士,106,41,65,20,49,11,7,7,5,2,1,0,2,1,1,0,0,0,0,02 宜蘭縣,1 一般
112,1050,佛光大學,D 日,B 學士,2137,1047,1090,201,203,235,243,258,291,268,304,0,0,0,0,0,0,85,49,02 宜蘭縣,1 一般
112,1051,台南應用科技大學,D 日,M 碩士,119,40,79,15,29,16,24,6,22,3,4,0,0,0,0,0,0,0,0,11 臺南市,2 技職
112,1051,台南應用科技大學,N 職,M 碩士,103,24,79,8,25,9,28,6,14,1,5,0,7,0,0,0,0,0,0,11 臺南市,2 技職
112,1051,台南應用科技大學,D 日,B 四技,6479,1879,4600,495,1126,369,1025,474,1166,455,1196,0,0,0,0,0,0,86,87,11 臺南市,2 技職
112,1051,台南應用科技大學,N 修,B 四技,1553,574,979,127,230,111,175,110,189,160,285,13,69,0,0,0,0,53,31,11 臺南市,2 技職
112,1051,台南應用科技大學,D 日,C 二技,420,93,327,0,0,0,0,43,145,40,152,0,0,0,0,0,0,10,30,11 臺南市,2 技職
112,1051,台南應用科技大學,N 修,C 二技,135,18,117,0,0,0,0,7,50,8,63,0,0,0,0,0,0,3,4,11 臺南市,2 技職
112,1051,台南應用科技大學,D 日,5 五專,851,200,651,35,127,39,134,42,135,42,131,42,124,0,0,0,0,0,0,11 臺南市,2 技職
112,1052,遠東科技大學,D 日,M 碩士,207,113,94,50,37,40,48,15,6,8,3,0,0,0,0,0,0,0,0,11 臺南市,2 技職
112,1052,遠東科技大學,N 職,M 碩士,29,27,2,7,1,7,0,5,1,5,0,3,0,0,0,0,0,0,0,11 臺南市,2 技職
112,1052,遠東科技大學,D 日,B 四技,1226,913,313,114,36,189,71,183,56,295,108,0,0,0,0,0,0,132,42,11 臺南市,2 技職
112,1052,遠東科技大學,N 修,B 四技,266,208,58,46,6,42,12,43,13,56,25,0,0,0,0,0,0,21,2,11 臺南市,2 技職
112,1052,遠東科技大學,N 修,C 二技,274,183,91,0,0,0,0,92,51,89,40,0,0,0,0,0,0,2,0,11 臺南市,2 技職
112,1052,遠東科技大學,N 修,2 二專,129,90,39,24,17,64,20,0,0,0,0,0,0,0,0,0,0,2,2,11 臺南市,2 技職
112,1053,元培醫事科技大學,D 日,D 博士,2,2,0,0,0,0,0,1,0,1,0,0,0,0,0,0,0,0,0,18 新竹市,2 技職
112,1053,元培醫事科技大學,D 日,M 碩士,219,78,141,30,56,25,52,14,16,9,17,0,0,0,0,0,0,0,0,18 新竹市,2 技職
112,1053,元培醫事科技大學,N 職,M 碩士,35,10,25,1,8,5,10,4,4,0,3,0,0,0,0,0,0,0,0,18 新竹市,2 技職
112,1053,元培醫事科技大學,D 日,B 四技,2483,1048,1435,213,250,188,284,256,414,262,413,0,0,0,0,0,0,129,74,18 新竹市,2 技職
112,1053,元培醫事科技大學,N 修,B 四技,847,413,434,66,64,64,83,84,115,143,143,0,0,0,0,0,0,56,29,18 新竹市,2 技職
112,1053,元培醫事科技大學,D 日,C 二技,100,6,94,0,0,0,0,4,47,2,47,0,0,0,0,0,0,0,0,18 新竹市,2 技職
112,1053,元培醫事科技大學,N 修,C 二技,319,60,259,0,0,0,0,26,122,26,128,0,0,0,0,0,0,8,9,18 新竹市,2 技職
112,1054,景文科技大學,D 日,M 碩士,3,3,0,0,0,0,0,0,0,3,0,0,0,0,0,0,0,0,0,01 新北市,2 技職
112,1054,景文科技大學,N 職,M 碩士,58,40,18,19,9,13,6,7,3,1,0,0,0,0,0,0,0,0,0,01 新北市,2 技職
112,1054,景文科技大學,D 日,B 四技,3603,1644,1959,349,419,396,469,347,426,406,499,0,0,0,0,0,0,146,146,01 新北市,2 技職
112,1054,景文科技大學,N 修,B 四技,569,288,281,99,103,84,70,45,50,41,47,0,0,0,0,0,0,19,11,01 新北市,2 技職
112,1054,景文科技大學,D 日,C 二技,11,5,6,0,0,0,0,0,1,3,2,0,0,0,0,0,0,2,3,01 新北市,2 技職
112,1054,景文科技大學,N 修,C 二技,266,133,133,0,0,0,0,64,68,55,57,0,0,0,0,0,0,14,8,01 新北市,2 技職
112,1054,景文科技大學,N 修,2 二專,89,55,34,37,19,12,14,0,0,0,0,0,0,0,0,0,0,6,1,01 新北市,2 技職
112,1055,中華醫事科技大學,D 日,M 碩士,99,50,49,17,21,27,20,6,5,0,3,0,0,0,0,0,0,0,0,11 臺南市,2 技職
112,1055,中華醫事科技大學,N 職,M 碩士,29,13,16,7,8,5,7,1,1,0,0,0,0,0,0,0,0,0,0,11 臺南市,2 技職
112,1055,中華醫事科技大學,D 日,B 四技,2067,736,1331,157,267,186,298,153,335,199,374,0,0,0,0,0,0,41,57,11 臺南市,2 技職
112,1055,中華醫事科技大學,N 修,B 四技,384,180,204,36,41,44,50,45,55,38,48,0,0,0,0,0,0,17,10,11 臺南市,2 技職
112,1055,中華醫事科技大學,D 日,C 二技,829,171,658,0,0,0,0,94,303,77,345,0,0,0,0,0,0,0,10,11 臺南市,2 技職
112,1055,中華醫事科技大學,N 修,C 二技,675,198,477,0,0,0,0,98,232,89,233,0,0,0,0,0,0,11,12,11 臺南市,2 技職
112,1055,中華醫事科技大學,N 修,2 二專,63,27,36,13,15,13,20,0,0,0,0,0,0,0,0,0,0,1,1,11 臺南市,2 技職
112,1055,中華醫事科技大學,D 日,5 五專,3200,685,2515,160,552,142,520,113,503,140,500,104,398,0,0,0,0,26,42,11 臺南市,2 技職
112,1056,東南科技大學,D 日,M 碩士,137,76,61,26,30,35,27,11,4,4,0,0,0,0,0,0,0,0,0,01 新北市,2 技職
112,1056,東南科技大學,N 職,M 碩士,67,54,13,28,7,23,5,2,1,1,0,0,0,0,0,0,0,0,0,01 新北市,2 技職
112,1056,東南科技大學,D 日,B 四技,2967,1862,1105,351,213,444,266,420,257,464,277,0,0,0,0,0,0,183,92,01 新北市,2 技職
112,1056,東南科技大學,N 修,B 四技,476,329,147,85,27,63,46,82,36,70,29,0,0,0,0,0,0,29,9,01 新北市,2 技職
112,1057,德明財經科技大學,D 日,M 碩士,40,16,24,7,11,3,8,5,2,1,3,0,0,0,0,0,0,0,0,30 臺北市,2 技職
112,1057,德明財經科技大學,N 職,M 碩士,26,12,14,2,7,7,5,2,1,0,1,1,0,0,0,0,0,0,0,30 臺北市,2 技職
112,1057,德明財經科技大學,D 日,B 四技,5028,2213,2815,418,615,438,520,511,680,522,697,0,0,0,0,0,0,324,303,30 臺北市,2 技職
112,1057,德明財經科技大學,N 修,B 四技,235,130,105,37,22,12,23,26,27,43,28,0,0,0,0,0,0,12,5,30 臺北市,2 技職
112,1057,德明財經科技大學,D 日,C 二技,53,16,37,0,0,0,0,5,12,9,25,0,0,0,0,0,0,2,0,30 臺北市,2 技職
112,1057,德明財經科技大學,N 修,C 二技,161,60,101,0,0,0,0,30,41,30,58,0,0,0,0,0,0,0,2,30 臺北市,2 技職
112,1058,明道大學,D 日,D 博士,29,16,13,0,0,2,3,4,0,2,4,4,1,2,4,2,1,0,0,07 彰化縣,1 一般
112,1058,明道大學,D 日,M 碩士,87,46,41,0,0,24,22,8,12,14,7,0,0,0,0,0,0,0,0,07 彰化縣,1 一般
112,1058,明道大學,N 職,M 碩士,25,6,19,0,0,4,16,2,3,0,0,0,0,0,0,0,0,0,0,07 彰化縣,1 一般
112,1058,明道大學,D 日,B 學士,330,162,168,2,1,18,6,29,44,91,105,0,0,0,0,0,0,22,12,07 彰化縣,1 一般
112,1058,明道大學,P 進,B 學士,225,162,63,8,0,42,20,43,24,63,17,0,0,0,0,0,0,6,2,07 彰化縣,1 一般
112,1060,南開科技大學,D 日,M 碩士,71,40,31,21,13,12,17,2,0,5,1,0,0,0,0,0,0,0,0,08 南投縣,2 技職
112,1060,南開科技大學,N 職,M 碩士,48,16,32,5,15,7,14,2,1,2,2,0,0,0,0,0,0,0,0,08 南投縣,2 技職
112,1060,南開科技大學,D 日,B 四技,1307,892,415,150,112,234,111,181,86,264,84,0,0,0,0,0,0,63,22,08 南投縣,2 技職
112,1060,南開科技大學,N 修,B 四技,582,441,141,82,39,98,27,118,29,127,40,0,0,0,0,0,0,16,6,08 南投縣,2 技職
112,1060,南開科技大學,N 修,C 二技,240,113,127,0,0,0,0,62,52,48,74,0,0,0,0,0,0,3,1,08 南投縣,2 技職
112,1060,南開科技大學,N 修,2 二專,52,25,27,14,11,6,14,0,0,0,0,0,0,0,0,0,0,5,2,08 南投縣,2 技職
112,1060,南開科技大學,D 日,5 五專,266,230,36,25,3,36,4,48,8,59,6,55,15,0,0,0,0,7,0,08 南投縣,2 技職
112,1061,中華科技大學,D 日,M 碩士,197,114,83,54,44,47,37,11,1,2,1,0,0,0,0,0,0,0,0,30 臺北市,2 技職
112,1061,中華科技大學,N 職,M 碩士,86,61,25,22,17,31,6,6,2,1,0,1,0,0,0,0,0,0,0,30 臺北市,2 技職
112,1061,中華科技大學,D 日,B 四技,1679,1173,506,157,109,222,93,308,125,377,140,0,0,0,0,0,0,109,39,30 臺北市,2 技職
112,1061,中華科技大學,N 修,B 四技,636,516,120,154,43,137,19,102,26,107,29,0,0,0,0,0,0,16,3,30 臺北市,2 技職
112,1061,中華科技大學,D 日,C 二技,30,7,23,0,0,0,0,7,23,0,0,0,0,0,0,0,0,0,0,30 臺北市,2 技職
112,1061,中華科技大學,N 修,C 二技,480,322,158,0,0,0,0,185,102,134,56,0,0,0,0,0,0,3,0,30 臺北市,2 技職
112,1061,中華科技大學,N 修,2 二專,97,55,42,26,24,27,18,0,0,0,0,0,0,0,0,0,0,2,0,30 臺北市,2 技職
112,1062,僑光科技大學,D 日,M 碩士,62,29,33,16,15,12,15,1,2,0,1,0,0,0,0,0,0,0,0,19 臺中市,2 技職
112,1062,僑光科技大學,N 職,M 碩士,58,24,34,19,25,4,8,1,1,0,0,0,0,0,0,0,0,0,0,19 臺中市,2 技職
112,1062,僑光科技大學,D 日,B 四技,4856,2282,2574,522,584,523,538,562,705,579,696,0,0,0,0,0,0,96,51,19 臺中市,2 技職
112,1062,僑光科技大學,N 修,B 四技,3338,2051,1287,550,358,415,231,449,303,477,322,0,0,0,0,0,0,160,73,19 臺中市,2 技職
112,1063,育達科技大學,D 日,M 碩士,123,53,70,15,26,24,34,7,6,7,4,0,0,0,0,0,0,0,0,05 苗栗縣,2 技職
112,1063,育達科技大學,N 職,M 碩士,186,115,71,44,27,43,27,7,10,21,7,0,0,0,0,0,0,0,0,05 苗栗縣,2 技職
112,1063,育達科技大學,D 日,B 四技,1106,530,576,125,187,91,119,110,103,114,117,0,0,0,0,0,0,90,50,05 苗栗縣,2 技職
112,1063,育達科技大學,N 修,B 四技,564,328,236,79,54,75,51,79,59,68,62,0,0,0,0,0,0,27,10,05 苗栗縣,2 技職
112,1063,育達科技大學,N 修,C 二技,1059,368,691,0,0,0,0,186,344,159,330,0,0,0,0,0,0,23,17,05 苗栗縣,2 技職
112,1064,美和科技大學,D 日,M 碩士,160,52,108,25,53,8,27,11,18,8,10,0,0,0,0,0,0,0,0,13 屏東縣,2 技職
112,1064,美和科技大學,N 職,M 碩士,154,40,114,21,32,9,34,7,36,3,12,0,0,0,0,0,0,0,0,13 屏東縣,2 技職
112,1064,美和科技大學,D 日,B 四技,1332,597,735,126,137,138,149,155,210,151,213,0,0,0,0,0,0,27,26,13 屏東縣,2 技職
112,1064,美和科技大學,N 修,B 四技,357,111,246,24,47,23,54,28,53,29,77,0,0,0,0,0,0,7,15,13 屏東縣,2 技職
112,1064,美和科技大學,D 日,C 二技,137,14,123,0,0,0,0,9,52,5,70,0,0,0,0,0,0,0,1,13 屏東縣,2 技職
112,1064,美和科技大學,N 修,C 二技,1049,231,818,0,0,0,0,118,416,108,388,0,0,0,0,0,0,5,14,13 屏東縣,2 技職
112,1064,美和科技大學,N 修,2 二專,94,54,40,32,22,21,17,0,0,0,0,0,0,0,0,0,0,1,1,13 屏東縣,2 技職
112,1064,美和科技大學,D 日,5 五專,1603,231,1372,58,273,53,289,44,244,25,251,41,259,0,0,0,0,10,56,13 屏東縣,2 技職
112,1065,吳鳳科技大學,D 日,M 碩士,35,24,11,5,7,17,2,2,1,0,1,0,0,0,0,0,0,0,0,10 嘉義縣,2 技職
112,1065,吳鳳科技大學,N 職,M 碩士,61,37,24,22,18,14,6,0,0,1,0,0,0,0,0,0,0,0,0,10 嘉義縣,2 技職
112,1065,吳鳳科技大學,D 日,B 四技,2223,1432,791,319,190,298,174,413,192,356,221,0,0,0,0,0,0,46,14,10 嘉義縣,2 技職
112,1065,吳鳳科技大學,N 修,B 四技,549,405,144,94,34,80,31,112,32,98,45,0,0,0,0,0,0,21,2,10 嘉義縣,2 技職
112,1065,吳鳳科技大學,N 修,C 二技,738,364,374,0,0,0,0,177,184,187,186,0,0,0,0,0,0,0,4,10 嘉義縣,2 技職
112,1065,吳鳳科技大學,N 修,2 二專,176,82,94,32,52,50,42,0,0,0,0,0,0,0,0,0,0,0,0,10 嘉義縣,2 技職
112,1066,環球科技大學,D 日,M 碩士,45,22,23,0,0,12,15,3,4,7,4,0,0,0,0,0,0,0,0,09 雲林縣,2 技職
112,1066,環球科技大學,N 職,M 碩士,28,10,18,0,0,4,4,4,6,1,6,1,2,0,0,0,0,0,0,09 雲林縣,2 技職
112,1066,環球科技大學,D 日,B 四技,664,354,310,0,0,76,54,99,58,123,149,0,0,0,0,0,0,56,49,09 雲林縣,2 技職
112,1066,環球科技大學,N 修,B 四技,127,63,64,0,0,13,18,15,8,26,34,0,0,0,0,0,0,9,4,09 雲林縣,2 技職
112,1066,環球科技大學,N 修,C 二技,116,38,78,0,0,0,0,0,0,30,75,0,0,0,0,0,0,8,3,09 雲林縣,2 技職
112,1066,環球科技大學,N 修,2 二專,38,24,14,0,0,17,13,0,0,0,0,0,0,0,0,0,0,7,1,09 雲林縣,2 技職
112,1069,修平科技大學,D 日,M 碩士,93,54,39,27,17,20,18,4,2,3,2,0,0,0,0,0,0,0,0,06 臺中市,2 技職
112,1069,修平科技大學,N 職,M 碩士,55,43,12,20,2,16,9,7,1,0,0,0,0,0,0,0,0,0,0,06 臺中市,2 技職
112,1069,修平科技大學,D 日,B 四技,2131,1480,651,323,195,304,174,331,104,431,155,0,0,0,0,0,0,91,23,06 臺中市,2 技職
112,1069,修平科技大學,N 修,B 四技,901,834,67,114,10,192,14,224,16,241,23,0,0,0,0,0,0,63,4,06 臺中市,2 技職
112,1069,修平科技大學,N 修,C 二技,650,431,219,0,0,0,0,205,126,217,91,0,0,0,0,0,0,9,2,06 臺中市,2 技職
112,1069,修平科技大學,N 修,2 二專,2,2,0,0,0,0,0,0,0,0,0,0,0,0,0,0,0,2,0,06 臺中市,2 技職
112,1070,長庚科技大學,D 日,M 碩士,80,10,70,7,25,2,32,1,12,0,1,0,0,0,0,0,0,0,0,03 桃園市,2 技職
112,1070,長庚科技大學,N 職,M 碩士,165,6,159,3,40,2,41,1,39,0,19,0,12,0,6,0,2,0,0,03 桃園市,2 技職
112,1070,長庚科技大學,D 日,B 四技,3295,481,2814,129,701,118,675,125,707,102,718,0,0,0,0,0,0,7,13,03 桃園市,2 技職
112,1070,長庚科技大學,D 日,C 二技,1439,118,1321,0,0,0,0,59,667,58,650,0,0,0,0,0,0,1,4,03 桃園市,2 技職
112,1070,長庚科技大學,N 修,C 二技,1134,74,1060,0,0,0,0,39,539,33,493,0,21,0,0,0,0,2,7,03 桃園市,2 技職
112,1071,臺北城市科技大學,D 日,M 碩士,97,64,33,22,16,21,7,14,7,7,3,0,0,0,0,0,0,0,0,30 臺北市,2 技職
112,1071,臺北城市科技大學,D 日,B 四技,6016,3686,2330,795,676,808,625,802,393,889,466,0,0,0,0,0,0,392,170,30 臺北市,2 技職
112,1071,臺北城市科技大學,N 修,B 四技,659,518,141,137,38,125,33,115,26,120,35,0,0,0,0,0,0,21,9,30 臺北市,2 技職
112,1071,臺北城市科技大學,N 修,C 二技,421,232,189,0,0,0,0,133,85,97,99,0,0,0,0,0,0,2,5,30 臺北市,2 技職
112,1071,臺北城市科技大學,D 日,2 二專,19,15,4,0,0,15,4,0,0,0,0,0,0,0,0,0,0,0,0,30 臺北市,2 技職
112,1071,臺北城市科技大學,N 修,2 二專,307,172,135,90,69,78,65,0,0,0,0,0,0,0,0,0,0,4,1,30 臺北市,2 技職
112,1071,臺北城市科技大學,D 日,5 五專,745,463,282,88,62,85,47,101,53,77,56,104,60,0,0,0,0,8,4,30 臺北市,2 技職
112,1072,敏實科技大學,D 日,B 四技,479,313,166,122,80,47,64,55,11,81,11,0,0,0,0,0,0,8,0,04 新竹縣,2 技職
112,1072,敏實科技大學,N 修,B 四技,122,75,47,42,9,9,14,5,12,15,10,0,0,0,0,0,0,4,2,04 新竹縣,2 技職
112,1072,敏實科技大學,D 日,5 五專,101,44,57,6,15,11,8,7,7,8,9,12,16,0,0,0,0,0,2,04 新竹縣,2 技職
112,1073,醒吾科技大學,D 日,M 碩士,49,16,33,8,9,6,9,2,15,0,0,0,0,0,0,0,0,0,0,01 新北市,2 技職
112,1073,醒吾科技大學,N 職,M 碩士,79,32,47,11,19,12,23,1,1,0,0,0,0,8,4,0,0,0,0,01 新北市,2 技職
112,1073,醒吾科技大學,D 日,B 四技,4954,2028,2926,428,797,446,639,505,728,539,649,0,0,0,0,0,0,110,113,01 新北市,2 技職
112,1073,醒吾科技大學,N 修,B 四技,499,246,253,78,71,48,58,55,71,51,42,0,0,0,0,0,0,14,11,01 新北市,2 技職
112,1073,醒吾科技大學,N 修,C 二技,328,139,189,0,0,0,0,71,105,66,81,0,0,0,0,0,0,2,3,01 新北市,2 技職
112,1073,醒吾科技大學,N 修,2 二專,53,25,28,8,7,14,21,0,0,0,0,0,0,0,0,0,0,3,0,01 新北市,2 技職
112,1073,醒吾科技大學,D 日,5 五專,138,55,83,0,0,7,17,16,22,19,23,13,17,0,0,0,0,0,4,01 新北市,2 技職
112,1075,文藻外語大學,D 日,M 碩士,224,65,159,20,41,17,43,16,35,11,39,0,0,1,1,0,0,0,0,50 高雄市,2 技職
112,1075,文藻外語大學,N 職,M 碩士,57,17,40,4,10,6,7,2,10,3,5,1,1,1,7,0,0,0,0,50 高雄市,2 技職
112,1075,文藻外語大學,D 日,B 四技,3922,1189,2733,254,570,264,559,263,667,293,695,0,0,0,0,0,0,115,242,50 高雄市,2 技職
112,1075,文藻外語大學,N 修,B 四技,863,331,532,60,81,34,73,63,111,105,143,0,0,0,0,0,0,69,124,50 高雄市,2 技職
112,1075,文藻外語大學,D 日,C 二技,162,29,133,0,0,0,0,16,47,7,49,0,0,0,0,0,0,6,37,50 高雄市,2 技職
112,1075,文藻外語大學,N 修,C 二技,115,26,89,0,0,0,0,14,34,9,37,0,0,0,0,0,0,3,18,50 高雄市,2 技職
112,1075,文藻外語大學,D 日,5 五專,1919,337,1582,93,371,63,352,68,312,51,267,53,258,0,0,0,0,9,22,50 高雄市,2 技職
112,1076,華夏科技大學,D 日,M 碩士,17,14,3,0,0,5,2,8,0,1,1,0,0,0,0,0,0,0,0,01 新北市,2 技職
112,1076,華夏科技大學,N 職,M 碩士,29,21,8,0,0,13,2,7,3,1,3,0,0,0,0,0,0,0,0,01 新北市,2 技職
112,1076,華夏科技大學,D 日,B 四技,598,400,198,0,0,74,29,127,57,150,73,0,0,0,0,0,0,49,39,01 新北市,2 技職
112,1076,華夏科技大學,N 修,B 四技,423,276,147,0,0,58,43,69,44,131,41,0,0,0,0,0,0,18,19,01 新北市,2 技職
112,1076,華夏科技大學,D 日,C 二技,28,25,3,0,0,0,0,0,0,21,3,0,0,0,0,0,0,4,0,01 新北市,2 技職
112,1076,華夏科技大學,N 修,C 二技,197,116,81,0,0,0,0,1,0,102,77,0,0,0,0,0,0,13,4,01 新北市,2 技職
112,1076,華夏科技大學,N 修,2 二專,9,0,9,0,0,0,8,0,0,0,0,0,0,0,0,0,0,0,1,01 新北市,2 技職
112,1076,華夏科技大學,D 日,5 五專,349,280,69,1,0,50,12,70,20,89,22,62,15,0,0,0,0,8,0,01 新北市,2 技職
112,1077,慈濟科技大學,D 日,M 碩士,85,20,65,9,23,8,15,2,14,1,12,0,1,0,0,0,0,0,0,15 花蓮縣,2 技職
112,1077,慈濟科技大學,D 日,B 四技,1016,400,616,95,126,75,134,105,176,96,168,0,0,0,0,0,0,29,12,15 花蓮縣,2 技職
112,1077,慈濟科技大學,D 日,C 二技,261,30,231,0,0,0,0,9,114,21,117,0,0,0,0,0,0,0,0,15 花蓮縣,2 技職
112,1077,慈濟科技大學,N 修,C 二技,167,15,152,0,0,0,0,6,96,8,47,0,0,0,0,0,0,1,9,15 花蓮縣,2 技職
112,1077,慈濟科技大學,D 日,2 二專,16,1,15,0,0,1,15,0,0,0,0,0,0,0,0,0,0,0,0,15 花蓮縣,2 技職
112,1077,慈濟科技大學,D 日,5 五專,1291,177,1114,29,236,30,202,26,204,40,235,39,202,0,0,0,0,13,35,15 花蓮縣,2 技職
112,1078,致理科技大學,D 日,M 碩士,54,15,39,8,21,4,15,2,0,1,3,0,0,0,0,0,0,0,0,01 新北市,2 技職
112,1078,致理科技大學,N 職,M 碩士,54,16,38,7,13,6,13,2,7,1,2,0,3,0,0,0,0,0,0,01 新北市,2 技職
112,1078,致理科技大學,D 日,B 四技,6244,2127,4117,502,1005,526,937,483,1033,487,986,0,0,0,0,0,0,129,156,01 新北市,2 技職
112,1078,致理科技大學,N 修,B 四技,2579,1150,1429,274,247,221,263,252,368,255,409,0,0,0,0,0,0,148,142,01 新北市,2 技職
112,1078,致理科技大學,D 日,C 二技,216,48,168,0,0,0,0,25,81,20,83,0,0,0,0,0,0,3,4,01 新北市,2 技職
112,1078,致理科技大學,N 修,C 二技,246,80,166,0,0,0,0,51,90,29,75,0,0,0,0,0,0,0,1,01 新北市,2 技職
112,1078,致理科技大學,D 日,5 五專,1558,367,1191,94,235,82,242,67,239,69,243,52,210,0,0,0,0,3,22,01 新北市,2 技職
112,1079,康寧大學,N 職,M 碩士,5,2,3,0,0,0,0,0,0,0,2,1,1,1,0,0,0,0,0,30 臺北市,1 一般
112,1079,康寧大學,D 日,B 學士,156,36,120,8,16,5,24,11,33,8,40,0,0,0,0,0,0,4,7,30 臺北市,1 一般
112,1079,康寧大學,N 修,C 二技,195,22,173,0,0,0,0,13,90,9,83,0,0,0,0,0,0,0,0,30 臺北市,2 技職
112,1079,康寧大學,N 修,2 二專,211,53,158,17,76,19,61,0,0,0,0,0,0,0,0,0,0,17,21,30 臺北市,2 技職
112,1079,康寧大學,D 日,5 五專,2676,628,2048,136,459,136,434,115,380,119,379,107,318,0,0,0,0,15,78,30 臺北市,2 技職
112,1080,宏國德霖科技大學,D 日,M 碩士,39,21,18,10,9,7,7,4,2,0,0,0,0,0,0,0,0,0,0,01 新北市,2 技職
112,1080,宏國德霖科技大學,D 日,B 四技,1371,824,547,150,113,165,124,182,126,221,141,0,0,0,0,0,0,106,43,01 新北市,2 技職
112,1080,宏國德霖科技大學,N 修,B 四技,731,454,277,124,61,81,70,100,60,111,67,0,0,0,0,0,0,38,19,01 新北市,2 技職
112,1080,宏國德霖科技大學,D 日,C 二技,38,14,24,0,0,0,0,8,7,4,16,0,0,0,0,0,0,2,1,01 新北市,2 技職
112,1080,宏國德霖科技大學,N 修,C 二技,741,460,281,0,0,0,0,230,152,210,125,0,0,0,0,0,0,20,4,01 新北市,2 技職
112,1080,宏國德霖科技大學,D 日,5 五專,1070,634,436,138,89,117,105,140,80,116,81,107,70,0,0,0,0,16,11,01 新北市,2 技職
112,1081,東方設計大學,D 日,D 博士,20,11,9,0,0,2,3,4,1,2,2,0,2,1,1,2,0,0,0,12 高雄市,2 技職
112,1081,東方設計大學,D 日,M 碩士,27,12,15,0,0,6,7,4,3,2,5,0,0,0,0,0,0,0,0,12 高雄市,2 技職
112,1081,東方設計大學,N 職,M 碩士,6,3,3,0,0,3,3,0,0,0,0,0,0,0,0,0,0,0,0,12 高雄市,2 技職
112,1081,東方設計大學,D 日,B 四技,102,53,49,0,0,1,2,2,3,21,22,0,0,0,0,0,0,29,22,12 高雄市,2 技職
112,1081,東方設計大學,N 修,B 四技,12,7,5,0,0,0,0,0,0,6,5,0,0,0,0,0,0,1,0,12 高雄市,2 技職
112,1081,東方設計大學,D 日,C 二技,4,2,2,0,0,0,0,0,0,0,2,0,0,0,0,0,0,2,0,12 高雄市,2 技職
112,1081,東方設計大學,N 修,C 二技,42,23,19,0,0,0,0,0,0,17,17,0,0,0,0,0,0,6,2,12 高雄市,2 技職
112,1081,東方設計大學,N 修,2 二專,11,10,1,0,0,2,1,0,0,0,0,0,0,0,0,0,0,8,0,12 高雄市,2 技職
112,1081,東方設計大學,D 日,5 五專,121,58,63,0,0,5,6,9,7,9,18,29,29,0,0,0,0,6,3,12 高雄市,2 技職
112,1082,崇右影藝科技大學,D 日,M 碩士,33,16,17,8,5,4,9,2,1,2,2,0,0,0,0,0,0,0,0,17 基隆市,2 技職
112,1082,崇右影藝科技大學,D 日,B 四技,1112,502,610,139,167,55,71,129,154,131,170,0,0,0,0,0,0,48,48,17 基隆市,2 技職
112,1083,台北海洋科技大學,D 日,M 碩士,126,72,54,25,27,38,24,7,2,2,1,0,0,0,0,0,0,0,0,01 新北市,2 技職
112,1083,台北海洋科技大學,D 日,B 四技,1972,1141,831,330,238,275,204,266,180,177,165,0,0,0,0,0,0,93,44,01 新北市,2 技職
112,1083,台北海洋科技大學,N 修,B 四技,221,93,128,37,32,16,41,20,20,14,33,0,0,0,0,0,0,6,2,01 新北市,2 技職
112,1083,台北海洋科技大學,D 日,C 二技,155,103,52,0,0,0,0,38,32,54,18,0,0,0,0,0,0,11,2,01 新北市,2 技職
112,1083,台北海洋科技大學,N 修,C 二技,583,248,335,0,0,0,0,110,172,134,159,0,0,0,0,0,0,4,4,01 新北市,2 技職
112,1083,台北海洋科技大學,D 日,2 二專,10,10,0,0,0,9,0,0,0,0,0,0,0,0,0,0,0,1,0,01 新北市,2 技職
112,1083,台北海洋科技大學,N 修,2 二專,150,138,12,69,5,65,6,0,0,0,0,0,0,0,0,0,0,4,1,01 新北市,2 技職
112,1083,台北海洋科技大學,D 日,5 五專,558,346,212,67,43,86,34,69,55,54,29,63,45,0,0,0,0,7,6,01 新北市,2 技職
112,1084,亞東科技大學,D 日,M 碩士,58,45,13,18,4,16,6,6,1,5,1,0,1,0,0,0,0,0,0,01 新北市,2 技職
112,1084,亞東科技大學,D 日,B 四技,3473,2460,1013,679,332,529,199,546,220,608,238,0,0,0,0,0,0,98,24,01 新北市,2 技職
112,1084,亞東科技大學,D 日,C 二技,177,14,163,0,0,0,0,7,83,7,80,0,0,0,0,0,0,0,0,01 新北市,2 技職
112,1084,亞東科技大學,N 修,C 二技,148,11,137,0,0,0,0,7,43,4,42,0,51,0,0,0,0,0,1,01 新北市,2 技職
112,1125,中信金融管理學院,D 日,M 碩士,114,50,64,23,41,21,17,6,6,0,0,0,0,0,0,0,0,0,0,21 臺南市,1 一般
112,1125,中信金融管理學院,N 職,M 碩士,44,24,20,14,16,9,4,1,0,0,0,0,0,0,0,0,0,0,0,21 臺南市,1 一般
112,1125,中信金融管理學院,D 日,B 學士,799,446,353,123,109,87,88,124,74,102,80,0,0,0,0,0,0,10,2,21 臺南市,1 一般
112,1148,大漢技術學院,D 日,M 碩士,73,44,29,19,7,17,10,8,12,0,0,0,0,0,0,0,0,0,0,15 花蓮縣,2 技職
112,1148,大漢技術學院,D 日,B 四技,97,57,40,11,7,9,5,13,9,19,15,0,0,0,0,0,0,5,4,15 花蓮縣,2 技職
112,1148,大漢技術學院,N 修,B 四技,216,135,81,17,15,31,21,30,22,47,19,0,0,0,0,0,0,10,4,15 花蓮縣,2 技職
112,1148,大漢技術學院,N 修,C 二技,164,88,76,0,0,0,0,47,42,40,32,0,0,0,0,0,0,1,2,15 花蓮縣,2 技職
112,1148,大漢技術學院,N 修,2 二專,51,19,32,9,10,8,20,0,0,0,0,0,0,0,0,0,0,2,2,15 花蓮縣,2 技職
112,1168,南亞技術學院,D 日,M 碩士,1,1,0,0,0,0,0,0,0,1,0,0,0,0,0,0,0,0,0,03 桃園市,2 技職
112,1168,南亞技術學院,D 日,B 四技,853,592,261,148,53,136,41,100,57,173,94,0,0,0,0,0,0,35,16,03 桃園市,2 技職
112,1168,南亞技術學院,N 修,B 四技,223,101,122,20,43,17,23,18,24,26,28,0,0,0,0,0,0,20,4,03 桃園市,2 技職
112,1168,南亞技術學院,N 修,C 二技,845,216,629,0,0,0,0,99,331,111,286,0,0,0,0,0,0,6,12,03 桃園市,2 技職
112,1168,南亞技術學院,D 日,5 五專,77,46,31,0,0,0,0,18,9,9,11,17,9,0,0,0,0,2,2,03 桃園市,2 技職
112,1183,黎明技術學院,D 日,M 碩士,14,5,9,5,9,0,0,0,0,0,0,0,0,0,0,0,0,0,0,01 新北市,2 技職
112,1183,黎明技術學院,D 日,B 四技,3099,1570,1529,395,409,363,343,328,349,346,338,0,0,0,0,0,0,138,90,01 新北市,2 技職
112,1183,黎明技術學院,N 修,B 四技,1262,857,405,311,144,176,91,186,71,151,81,0,0,0,0,0,0,33,18,01 新北市,2 技職
112,1183,黎明技術學院,N 修,C 二技,57,17,40,0,0,0,0,13,25,4,15,0,0,0,0,0,0,0,0,01 新北市,2 技職
112,1183,黎明技術學院,D 日,5 五專,310,251,59,60,11,63,14,53,13,38,12,29,8,0,0,0,0,8,1,01 新北市,2 技職
112,1185,德育護理健康學院,D 日,M 碩士,45,6,39,3,15,2,11,1,10,0,3,0,0,0,0,0,0,0,0,17 基隆市,2 技職
112,1185,德育護理健康學院,N 職,M 碩士,54,14,40,9,21,5,13,0,3,0,3,0,0,0,0,0,0,0,0,17 基隆市,2 技職
112,1185,德育護理健康學院,D 日,B 四技,1356,534,822,149,263,129,200,82,144,85,153,0,0,0,0,0,0,89,62,17 基隆市,2 技職
112,1185,德育護理健康學院,D 日,C 二技,136,16,120,0,0,0,0,10,76,6,43,0,0,0,0,0,0,0,1,17 基隆市,2 技職
112,1185,德育護理健康學院,N 修,C 二技,738,99,639,0,0,0,0,49,342,44,281,0,0,0,0,0,0,6,16,17 基隆市,2 技職
112,1185,德育護理健康學院,N 修,2 二專,164,28,136,16,67,8,63,0,0,0,0,0,0,0,0,0,0,4,6,17 基隆市,2 技職
112,1185,德育護理健康學院,D 日,5 五專,961,238,723,60,181,45,146,46,149,35,119,40,98,0,0,0,0,12,30,17 基隆市,2 技職
112,1188,大同技術學院,D 日,B 四技,71,30,41,0,0,0,0,12,19,17,18,0,0,0,0,0,0,1,4,20 嘉義市,2 技職
112,1188,大同技術學院,N 修,B 四技,56,13,43,0,0,0,0,4,25,7,17,0,0,0,0,0,0,2,1,20 嘉義市,2 技職
112,1188,大同技術學院,N 修,C 二技,3,0,3,0,0,0,0,0,0,0,0,0,0,0,0,0,0,0,3,20 嘉義市,2 技職
112,1188,大同技術學院,N 修,2 二專,1,1,0,0,0,0,0,0,0,0,0,0,0,0,0,0,0,1,0,20 嘉義市,2 技職
112,1188,大同技術學院,D 日,5 五專,14,6,8,0,0,0,0,0,3,2,3,3,2,0,0,0,0,1,0,20 嘉義市,2 技職
112,1195,馬偕醫學院,D 日,D 博士,12,10,2,1,1,1,1,3,0,3,0,2,0,0,0,0,0,0,0,01 新北市,1 一般
112,1195,馬偕醫學院,D 日,M 碩士,61,18,43,7,19,8,16,1,8,2,0,0,0,0,0,0,0,0,0,01 新北市,1 一般
112,1195,馬偕醫學院,N 職,M 碩士,33,7,26,3,9,3,13,0,3,1,1,0,0,0,0,0,0,0,0,01 新北市,1 一般
112,1195,馬偕醫學院,D 日,B 學士,749,282,467,67,122,41,104,54,109,59,89,28,19,27,17,0,0,6,7,01 新北市,1 一般
112,1195,馬偕醫學院,N 修,C 二技,48,3,45,0,0,0,0,3,30,0,15,0,0,0,0,0,0,0,0,01 新北市,2 技職
112,1196,法鼓文理學院,D 日,D 博士,26,12,14,4,3,1,2,1,1,3,3,1,1,2,1,0,3,0,0,01 新北市,1 一般
112,1196,法鼓文理學院,D 日,M 碩士,247,59,188,13,37,19,47,10,57,17,47,0,0,0,0,0,0,0,0,01 新北市,1 一般
112,1196,法鼓文理學院,N 職,M 碩士,20,4,16,4,16,0,0,0,0,0,0,0,0,0,0,0,0,0,0,01 新北市,1 一般
112,1196,法鼓文理學院,D 日,B 學士,51,25,26,6,9,8,9,4,5,7,2,0,0,0,0,0,0,0,1,01 新北市,1 一般
112,1196,法鼓文理學院,P 進,B 學士,19,3,16,3,16,0,0,0,0,0,0,0,0,0,0,0,0,0,0,01 新北市,1 一般
112,1282,馬偕醫護管理專科學校,N 修,2 二專,148,70,78,21,15,30,41,19,22,0,0,0,0,0,0,0,0,0,0,30 臺北市,2 技職
112,1282,馬偕醫護管理專科學校,D 日,5 五專,3932,558,3374,141,725,120,694,123,672,82,582,67,582,0,0,0,0,25,119,30 臺北市,2 技職
112,1283,仁德醫護管理專科學校,N 修,2 二專,377,185,192,110,106,68,84,0,0,0,0,0,0,0,0,0,0,7,2,05 苗栗縣,2 技職
112,1283,仁德醫護管理專科學校,D 日,5 五專,5465,1228,4237,239,840,237,801,228,808,257,807,165,736,0,0,0,0,102,245,05 苗栗縣,2 技職
112,1284,樹人醫護管理專科學校,N 修,2 二專,528,258,270,110,105,89,106,28,41,24,16,0,0,0,0,0,0,7,2,12 高雄市,2 技職
112,1284,樹人醫護管理專科學校,D 日,5 五專,6713,1349,5364,302,1199,258,1118,300,1011,216,995,208,886,0,0,0,0,65,155,12 高雄市,2 技職
112,1285,慈惠醫護管理專科學校,D 日,2 二專,60,8,52,0,21,8,23,0,0,0,0,0,0,0,0,0,0,0,8,13 屏東縣,2 技職
112,1285,慈惠醫護管理專科學校,N 修,2 二專,157,70,87,25,30,16,34,14,8,6,9,0,0,0,0,0,0,9,6,13 屏東縣,2 技職
112,1285,慈惠醫護管理專科學校,D 日,5 五專,1938,411,1527,52,188,73,222,83,293,78,330,85,365,0,0,0,0,40,129,13 屏東縣,2 技職
112,1286,耕莘健康管理專科學校,N 修,2 二專,104,5,99,3,62,2,35,0,0,0,0,0,0,0,0,0,0,0,2,01 新北市,2 技職
112,1286,耕莘健康管理專科學校,D 日,5 五專,3940,404,3536,97,704,70,695,76,664,72,638,51,618,0,0,0,0,38,217,01 新北市,2 技職
112,1287,敏惠醫護管理專科學校,N 修,2 二專,87,24,63,9,36,8,24,0,0,0,0,0,0,0,0,0,0,7,3,11 臺南市,2 技職
112,1287,敏惠醫護管理專科學校,D 日,5 五專,3486,481,3005,93,545,91,561,100,625,93,611,74,563,0,0,0,0,30,100,11 臺南市,2 技職
112,1289,育英醫護管理專科學校,D 日,5 五專,1833,200,1633,39,343,34,328,31,299,37,310,46,276,0,0,0,0,13,77,50 高雄市,2 技職
112,1291,聖母醫護管理專科學校,D 日,2 二專,2,2,0,0,0,0,0,0,0,0,0,0,0,0,0,0,0,2,0,02 宜蘭縣,2 技職
112,1291,聖母醫護管理專科學校,N 修,2 二專,52,33,19,22,11,11,6,0,0,0,0,0,0,0,0,0,0,0,2,02 宜蘭縣,2 技職
112,1291,聖母醫護管理專科學校,D 日,5 五專,1466,226,1240,43,223,26,209,40,246,42,238,47,260,0,0,0,0,28,64,02 宜蘭縣,2 技職
112,1292,新生醫護管理專科學校,N 修,2 二專,79,12,67,7,37,5,29,0,0,0,0,0,0,0,0,0,0,0,1,03 桃園市,2 技職
112,1292,新生醫護管理專科學校,D 日,5 五專,5978,762,5216,201,1107,157,1060,126,1061,145,990,109,897,0,0,0,0,24,101,03 桃園市,2 技職
112,1293,崇仁醫護管理專科學校,D 日,5 五專,3017,460,2557,112,515,83,496,96,484,83,488,67,529,0,0,0,0,19,45,10 嘉義縣,2 技職
112,3002,臺北市立大學,D 日,D 博士,208,94,114,17,11,14,17,15,17,15,21,11,14,6,9,16,25,0,0,30 臺北市,1 一般
112,3002,臺北市立大學,D 日,M 碩士,1330,413,917,137,265,103,233,85,199,46,121,27,55,15,43,0,1,0,0,30 臺北市,1 一般
112,3002,臺北市立大學,N 職,M 碩士,1248,341,907,114,274,102,253,52,156,32,85,24,89,17,50,0,0,0,0,30 臺北市,1 一般
112,3002,臺北市立大學,D 日,B 學士,5275,2287,2988,535,759,547,662,518,715,515,698,0,0,0,0,0,0,172,154,30 臺北市,1 一般
